feature,family,fed_subset,price_action,source,available_from,description,coverage_cpi_discovery,coverage_nfp_discovery,in_models,rule_primitive_eligible
f_xau_px_age_min,PRICE,False,False,Dukascopy XAUUSD,chiusura della candela,"rendimenti, volatilità, trend dell'oro (fase 1)",1.0,1.0,False,False
f_xau_atr_h1_pct,PRICE,False,False,Dukascopy XAUUSD,chiusura della candela,"rendimenti, volatilità, trend dell'oro (fase 1)",1.0,1.0,True,True
f_xau_atr_d1_pct,PRICE,False,False,Dukascopy XAUUSD,chiusura della candela,"rendimenti, volatilità, trend dell'oro (fase 1)",1.0,1.0,True,True
f_xau_atr_ratio_5_20,PRICE,False,False,Dukascopy XAUUSD,chiusura della candela,"rendimenti, volatilità, trend dell'oro (fase 1)",1.0,1.0,True,True
f_xau_ret_5m_atrh,PRICE,False,False,Dukascopy XAUUSD,chiusura della candela,"rendimenti, volatilità, trend dell'oro (fase 1)",0.987,0.987,True,True
f_xau_ret_15m_atrh,PRICE,False,False,Dukascopy XAUUSD,chiusura della candela,"rendimenti, volatilità, trend dell'oro (fase 1)",0.987,0.987,True,True
f_xau_ret_60m_atrh,PRICE,False,False,Dukascopy XAUUSD,chiusura della candela,"rendimenti, volatilità, trend dell'oro (fase 1)",0.987,0.987,True,True
f_xau_ret_240m_atrh,PRICE,False,False,Dukascopy XAUUSD,chiusura della candela,"rendimenti, volatilità, trend dell'oro (fase 1)",0.987,0.987,True,True
f_xau_ret_24h_atrd,PRICE,False,False,Dukascopy XAUUSD,chiusura della candela,"rendimenti, volatilità, trend dell'oro (fase 1)",1.0,1.0,True,True
f_xau_ret_5d_atrd,PRICE,False,False,Dukascopy XAUUSD,chiusura della candela,"rendimenti, volatilità, trend dell'oro (fase 1)",1.0,1.0,True,True
f_xau_ret_20d_atrd,PRICE,False,False,Dukascopy XAUUSD,chiusura della candela,"rendimenti, volatilità, trend dell'oro (fase 1)",1.0,1.0,True,True
f_xau_range_1h_atrh,PRICE,False,False,Dukascopy XAUUSD,chiusura della candela,"rendimenti, volatilità, trend dell'oro (fase 1)",0.987,0.987,True,True
f_xau_rv_1h_vs_atr,PRICE,False,False,Dukascopy XAUUSD,chiusura della candela,"rendimenti, volatilità, trend dell'oro (fase 1)",0.987,0.987,True,True
f_xau_range_4h_atrd,PRICE,False,False,Dukascopy XAUUSD,chiusura della candela,"rendimenti, volatilità, trend dell'oro (fase 1)",0.987,0.987,True,True
f_xau_dist_ema20h_atrh,PRICE,False,False,Dukascopy XAUUSD,chiusura della candela,"rendimenti, volatilità, trend dell'oro (fase 1)",1.0,1.0,True,True
f_xau_dist_ema100h_atrh,PRICE,False,False,Dukascopy XAUUSD,chiusura della candela,"rendimenti, volatilità, trend dell'oro (fase 1)",1.0,1.0,True,True
f_xau_dist_ema50d_atrd,PRICE,False,False,Dukascopy XAUUSD,chiusura della candela,"rendimenti, volatilità, trend dell'oro (fase 1)",1.0,1.0,True,True
f_xau_dist_ema200d_atrd,PRICE,False,False,Dukascopy XAUUSD,chiusura della candela,"rendimenti, volatilità, trend dell'oro (fase 1)",1.0,1.0,True,True
f_xau_ema50d_slope5_atrd,PRICE,False,False,Dukascopy XAUUSD,chiusura della candela,"rendimenti, volatilità, trend dell'oro (fase 1)",1.0,1.0,True,True
f_xau_dist_pdh_atrd,PRICE,False,False,Dukascopy XAUUSD,chiusura della candela,"rendimenti, volatilità, trend dell'oro (fase 1)",1.0,1.0,True,True
f_xau_dist_pdl_atrd,PRICE,False,False,Dukascopy XAUUSD,chiusura della candela,"rendimenti, volatilità, trend dell'oro (fase 1)",1.0,1.0,True,True
f_xau_pos_prevday,PRICE,False,False,Dukascopy XAUUSD,chiusura della candela,"rendimenti, volatilità, trend dell'oro (fase 1)",1.0,1.0,True,True
f_xau_pos_day,PRICE,False,False,Dukascopy XAUUSD,chiusura della candela,"rendimenti, volatilità, trend dell'oro (fase 1)",0.987,0.987,True,True
f_xau_day_range_atrd,PRICE,False,False,Dukascopy XAUUSD,chiusura della candela,"rendimenti, volatilità, trend dell'oro (fase 1)",0.987,0.987,True,True
f_xau_sweep_pdh,PRICE,False,False,Dukascopy XAUUSD,chiusura della candela,"rendimenti, volatilità, trend dell'oro (fase 1)",0.987,0.987,True,True
f_xau_sweep_pdl,PRICE,False,False,Dukascopy XAUUSD,chiusura della candela,"rendimenti, volatilità, trend dell'oro (fase 1)",0.987,0.987,True,True
f_xau_pos_20d,PRICE,False,False,Dukascopy XAUUSD,chiusura della candela,"rendimenti, volatilità, trend dell'oro (fase 1)",1.0,1.0,True,True
f_xau_breakout_20d,PRICE,False,False,Dukascopy XAUUSD,chiusura della candela,"rendimenti, volatilità, trend dell'oro (fase 1)",1.0,1.0,True,True
f_xau_pos_week,PRICE,False,False,Dukascopy XAUUSD,chiusura della candela,"rendimenti, volatilità, trend dell'oro (fase 1)",1.0,1.0,True,True
f_xau_dist_pwh_atrd,PRICE,False,False,Dukascopy XAUUSD,chiusura della candela,"rendimenti, volatilità, trend dell'oro (fase 1)",1.0,1.0,True,True
f_xau_dist_pwl_atrd,PRICE,False,False,Dukascopy XAUUSD,chiusura della candela,"rendimenti, volatilità, trend dell'oro (fase 1)",1.0,1.0,True,True
f_xau_dist_asia_hi_atrh,PRICE,False,False,Dukascopy XAUUSD,chiusura della candela,"rendimenti, volatilità, trend dell'oro (fase 1)",0.987,0.987,True,True
f_xau_dist_asia_lo_atrh,PRICE,False,False,Dukascopy XAUUSD,chiusura della candela,"rendimenti, volatilità, trend dell'oro (fase 1)",0.987,0.987,True,True
f_xau_sweep_asia_hi,PRICE,False,False,Dukascopy XAUUSD,chiusura della candela,"rendimenti, volatilità, trend dell'oro (fase 1)",0.987,0.987,True,True
f_xau_sweep_asia_lo,PRICE,False,False,Dukascopy XAUUSD,chiusura della candela,"rendimenti, volatilità, trend dell'oro (fase 1)",0.987,0.987,True,True
f_xau_dist_london_hi_atrh,PRICE,False,False,Dukascopy XAUUSD,chiusura della candela,"rendimenti, volatilità, trend dell'oro (fase 1)",0.987,0.987,True,True
f_xau_dist_london_lo_atrh,PRICE,False,False,Dukascopy XAUUSD,chiusura della candela,"rendimenti, volatilità, trend dell'oro (fase 1)",0.987,0.987,True,True
f_dxy_ret_4h_pct,DXYFX,False,False,"Dukascopy (6 valute, formula ICE)",chiusura della candela,DXY ricostruito,1.0,1.0,True,True
f_dxy_ret_24h_pct,DXYFX,False,False,"Dukascopy (6 valute, formula ICE)",chiusura della candela,DXY ricostruito,1.0,1.0,True,True
f_dxy_ret_5d_pct,DXYFX,False,False,"Dukascopy (6 valute, formula ICE)",chiusura della candela,DXY ricostruito,1.0,1.0,True,True
f_dxy_ret_20d_pct,DXYFX,False,False,"Dukascopy (6 valute, formula ICE)",chiusura della candela,DXY ricostruito,1.0,1.0,True,True
f_dxy_pos_20d,DXYFX,False,False,"Dukascopy (6 valute, formula ICE)",chiusura della candela,DXY ricostruito,1.0,1.0,True,True
f_usd_ret_1h_pct,DXYFX,False,False,Dukascopy,chiusura della candela,dollaro nell'ultima ora,1.0,1.0,True,True
f_y3m,RATES,True,False,U.S. Treasury,D 18:00 ET,rendimenti 3M/2Y/10Y e variazioni,1.0,1.0,True,True
f_y2y,RATES,False,False,U.S. Treasury,D 18:00 ET,rendimenti 3M/2Y/10Y e variazioni,1.0,1.0,True,True
f_y10y,RATES,False,False,U.S. Treasury,D 18:00 ET,rendimenti 3M/2Y/10Y e variazioni,1.0,1.0,True,True
f_r10y,RATES,False,False,U.S. Treasury (TIPS),D 18:00 ET,rendimento reale 10Y,1.0,1.0,True,True
f_slope_2s10s,RATES,False,False,U.S. Treasury,D 18:00 ET,pendenza della curva,1.0,1.0,True,True
f_y2_minus_3m,RATES,True,False,U.S. Treasury,D 18:00 ET,rendimenti 3M/2Y/10Y e variazioni,1.0,1.0,True,True
f_y2y_chg_1d,RATES,False,False,U.S. Treasury,D 18:00 ET,rendimenti 3M/2Y/10Y e variazioni,1.0,1.0,True,True
f_y2y_chg_5d,RATES,False,False,U.S. Treasury,D 18:00 ET,rendimenti 3M/2Y/10Y e variazioni,1.0,1.0,True,True
f_y10y_chg_5d,RATES,False,False,U.S. Treasury,D 18:00 ET,rendimenti 3M/2Y/10Y e variazioni,1.0,1.0,True,True
f_r10y_chg_5d,RATES,False,False,U.S. Treasury (TIPS),D 18:00 ET,rendimento reale 10Y,1.0,1.0,True,True
f_y2y_chg_20d,RATES,False,False,U.S. Treasury,D 18:00 ET,rendimenti 3M/2Y/10Y e variazioni,1.0,1.0,True,True
f_y3m_chg_126d,RATES,True,False,U.S. Treasury,D 18:00 ET,rendimenti 3M/2Y/10Y e variazioni,1.0,1.0,True,True
f_rates_age_days,esclusa,False,False,—,—,"età del dato (solo controllo qualità, esclusa dai modelli)",1.0,1.0,False,False
f_vix,VOLRISK,False,False,Cboe,D 17:00 ET,livello e variazioni del VIX,1.0,1.0,True,True
f_vix_chg_5d,VOLRISK,False,False,Cboe,D 17:00 ET,livello e variazioni del VIX,1.0,1.0,True,True
f_vix_pct_1y,VOLRISK,False,False,Cboe,D 17:00 ET,livello e variazioni del VIX,1.0,1.0,True,True
f_pa_h1_b1_dir,PRICE,False,True,"Dukascopy XAUUSD M1 → M5, M15, H1, H4, D1",chiusura della candela prima del cutoff,"price action: direzione, corpo, stoppini, posizione di chiusura, inside/outside/engulfing, massimi e minimi crescenti, sequenze, RSI, ROC, Bollinger, Donchian, EMA20, compressione, livelli tondi, falsi breakout",1.0,1.0,True,True
f_pa_h1_b1_body,PRICE,False,True,"Dukascopy XAUUSD M1 → M5, M15, H1, H4, D1",chiusura della candela prima del cutoff,"price action: direzione, corpo, stoppini, posizione di chiusura, inside/outside/engulfing, massimi e minimi crescenti, sequenze, RSI, ROC, Bollinger, Donchian, EMA20, compressione, livelli tondi, falsi breakout",1.0,1.0,True,True
f_pa_h1_b1_cloc,PRICE,False,True,"Dukascopy XAUUSD M1 → M5, M15, H1, H4, D1",chiusura della candela prima del cutoff,"price action: direzione, corpo, stoppini, posizione di chiusura, inside/outside/engulfing, massimi e minimi crescenti, sequenze, RSI, ROC, Bollinger, Donchian, EMA20, compressione, livelli tondi, falsi breakout",1.0,1.0,True,True
f_pa_h1_b1_range_atr,PRICE,False,True,"Dukascopy XAUUSD M1 → M5, M15, H1, H4, D1",chiusura della candela prima del cutoff,"price action: direzione, corpo, stoppini, posizione di chiusura, inside/outside/engulfing, massimi e minimi crescenti, sequenze, RSI, ROC, Bollinger, Donchian, EMA20, compressione, livelli tondi, falsi breakout",1.0,1.0,True,True
f_pa_h1_b1_uwick,PRICE,False,True,"Dukascopy XAUUSD M1 → M5, M15, H1, H4, D1",chiusura della candela prima del cutoff,"price action: direzione, corpo, stoppini, posizione di chiusura, inside/outside/engulfing, massimi e minimi crescenti, sequenze, RSI, ROC, Bollinger, Donchian, EMA20, compressione, livelli tondi, falsi breakout",1.0,1.0,True,True
f_pa_h1_b1_lwick,PRICE,False,True,"Dukascopy XAUUSD M1 → M5, M15, H1, H4, D1",chiusura della candela prima del cutoff,"price action: direzione, corpo, stoppini, posizione di chiusura, inside/outside/engulfing, massimi e minimi crescenti, sequenze, RSI, ROC, Bollinger, Donchian, EMA20, compressione, livelli tondi, falsi breakout",1.0,1.0,True,True
f_pa_h1_b2_dir,PRICE,False,True,"Dukascopy XAUUSD M1 → M5, M15, H1, H4, D1",chiusura della candela prima del cutoff,"price action: direzione, corpo, stoppini, posizione di chiusura, inside/outside/engulfing, massimi e minimi crescenti, sequenze, RSI, ROC, Bollinger, Donchian, EMA20, compressione, livelli tondi, falsi breakout",1.0,1.0,True,True
f_pa_h1_b2_body,PRICE,False,True,"Dukascopy XAUUSD M1 → M5, M15, H1, H4, D1",chiusura della candela prima del cutoff,"price action: direzione, corpo, stoppini, posizione di chiusura, inside/outside/engulfing, massimi e minimi crescenti, sequenze, RSI, ROC, Bollinger, Donchian, EMA20, compressione, livelli tondi, falsi breakout",1.0,1.0,True,True
f_pa_h1_b2_cloc,PRICE,False,True,"Dukascopy XAUUSD M1 → M5, M15, H1, H4, D1",chiusura della candela prima del cutoff,"price action: direzione, corpo, stoppini, posizione di chiusura, inside/outside/engulfing, massimi e minimi crescenti, sequenze, RSI, ROC, Bollinger, Donchian, EMA20, compressione, livelli tondi, falsi breakout",1.0,1.0,True,True
f_pa_h1_b2_range_atr,PRICE,False,True,"Dukascopy XAUUSD M1 → M5, M15, H1, H4, D1",chiusura della candela prima del cutoff,"price action: direzione, corpo, stoppini, posizione di chiusura, inside/outside/engulfing, massimi e minimi crescenti, sequenze, RSI, ROC, Bollinger, Donchian, EMA20, compressione, livelli tondi, falsi breakout",1.0,1.0,True,True
f_pa_h1_b2_uwick,PRICE,False,True,"Dukascopy XAUUSD M1 → M5, M15, H1, H4, D1",chiusura della candela prima del cutoff,"price action: direzione, corpo, stoppini, posizione di chiusura, inside/outside/engulfing, massimi e minimi crescenti, sequenze, RSI, ROC, Bollinger, Donchian, EMA20, compressione, livelli tondi, falsi breakout",1.0,1.0,True,True
f_pa_h1_b2_lwick,PRICE,False,True,"Dukascopy XAUUSD M1 → M5, M15, H1, H4, D1",chiusura della candela prima del cutoff,"price action: direzione, corpo, stoppini, posizione di chiusura, inside/outside/engulfing, massimi e minimi crescenti, sequenze, RSI, ROC, Bollinger, Donchian, EMA20, compressione, livelli tondi, falsi breakout",1.0,1.0,True,True
f_pa_h1_b3_dir,PRICE,False,True,"Dukascopy XAUUSD M1 → M5, M15, H1, H4, D1",chiusura della candela prima del cutoff,"price action: direzione, corpo, stoppini, posizione di chiusura, inside/outside/engulfing, massimi e minimi crescenti, sequenze, RSI, ROC, Bollinger, Donchian, EMA20, compressione, livelli tondi, falsi breakout",1.0,1.0,True,True
f_pa_h1_b3_body,PRICE,False,True,"Dukascopy XAUUSD M1 → M5, M15, H1, H4, D1",chiusura della candela prima del cutoff,"price action: direzione, corpo, stoppini, posizione di chiusura, inside/outside/engulfing, massimi e minimi crescenti, sequenze, RSI, ROC, Bollinger, Donchian, EMA20, compressione, livelli tondi, falsi breakout",1.0,1.0,True,True
f_pa_h1_b3_cloc,PRICE,False,True,"Dukascopy XAUUSD M1 → M5, M15, H1, H4, D1",chiusura della candela prima del cutoff,"price action: direzione, corpo, stoppini, posizione di chiusura, inside/outside/engulfing, massimi e minimi crescenti, sequenze, RSI, ROC, Bollinger, Donchian, EMA20, compressione, livelli tondi, falsi breakout",1.0,1.0,True,True
f_pa_h1_b3_range_atr,PRICE,False,True,"Dukascopy XAUUSD M1 → M5, M15, H1, H4, D1",chiusura della candela prima del cutoff,"price action: direzione, corpo, stoppini, posizione di chiusura, inside/outside/engulfing, massimi e minimi crescenti, sequenze, RSI, ROC, Bollinger, Donchian, EMA20, compressione, livelli tondi, falsi breakout",1.0,1.0,True,True
f_pa_h1_b3_uwick,PRICE,False,True,"Dukascopy XAUUSD M1 → M5, M15, H1, H4, D1",chiusura della candela prima del cutoff,"price action: direzione, corpo, stoppini, posizione di chiusura, inside/outside/engulfing, massimi e minimi crescenti, sequenze, RSI, ROC, Bollinger, Donchian, EMA20, compressione, livelli tondi, falsi breakout",1.0,1.0,True,True
f_pa_h1_b3_lwick,PRICE,False,True,"Dukascopy XAUUSD M1 → M5, M15, H1, H4, D1",chiusura della candela prima del cutoff,"price action: direzione, corpo, stoppini, posizione di chiusura, inside/outside/engulfing, massimi e minimi crescenti, sequenze, RSI, ROC, Bollinger, Donchian, EMA20, compressione, livelli tondi, falsi breakout",1.0,1.0,True,True
f_pa_h1_inside,PRICE,False,True,"Dukascopy XAUUSD M1 → M5, M15, H1, H4, D1",chiusura della candela prima del cutoff,"price action: direzione, corpo, stoppini, posizione di chiusura, inside/outside/engulfing, massimi e minimi crescenti, sequenze, RSI, ROC, Bollinger, Donchian, EMA20, compressione, livelli tondi, falsi breakout",1.0,1.0,True,True
f_pa_h1_outside,PRICE,False,True,"Dukascopy XAUUSD M1 → M5, M15, H1, H4, D1",chiusura della candela prima del cutoff,"price action: direzione, corpo, stoppini, posizione di chiusura, inside/outside/engulfing, massimi e minimi crescenti, sequenze, RSI, ROC, Bollinger, Donchian, EMA20, compressione, livelli tondi, falsi breakout",1.0,1.0,True,True
f_pa_h1_bull_engulf,PRICE,False,True,"Dukascopy XAUUSD M1 → M5, M15, H1, H4, D1",chiusura della candela prima del cutoff,"price action: direzione, corpo, stoppini, posizione di chiusura, inside/outside/engulfing, massimi e minimi crescenti, sequenze, RSI, ROC, Bollinger, Donchian, EMA20, compressione, livelli tondi, falsi breakout",1.0,1.0,True,True
f_pa_h1_bear_engulf,PRICE,False,True,"Dukascopy XAUUSD M1 → M5, M15, H1, H4, D1",chiusura della candela prima del cutoff,"price action: direzione, corpo, stoppini, posizione di chiusura, inside/outside/engulfing, massimi e minimi crescenti, sequenze, RSI, ROC, Bollinger, Donchian, EMA20, compressione, livelli tondi, falsi breakout",1.0,1.0,True,True
f_pa_h1_hh,PRICE,False,True,"Dukascopy XAUUSD M1 → M5, M15, H1, H4, D1",chiusura della candela prima del cutoff,"price action: direzione, corpo, stoppini, posizione di chiusura, inside/outside/engulfing, massimi e minimi crescenti, sequenze, RSI, ROC, Bollinger, Donchian, EMA20, compressione, livelli tondi, falsi breakout",1.0,1.0,True,True
f_pa_h1_ll,PRICE,False,True,"Dukascopy XAUUSD M1 → M5, M15, H1, H4, D1",chiusura della candela prima del cutoff,"price action: direzione, corpo, stoppini, posizione di chiusura, inside/outside/engulfing, massimi e minimi crescenti, sequenze, RSI, ROC, Bollinger, Donchian, EMA20, compressione, livelli tondi, falsi breakout",1.0,1.0,True,True
f_pa_h1_hl,PRICE,False,True,"Dukascopy XAUUSD M1 → M5, M15, H1, H4, D1",chiusura della candela prima del cutoff,"price action: direzione, corpo, stoppini, posizione di chiusura, inside/outside/engulfing, massimi e minimi crescenti, sequenze, RSI, ROC, Bollinger, Donchian, EMA20, compressione, livelli tondi, falsi breakout",1.0,1.0,True,True
f_pa_h1_lh,PRICE,False,True,"Dukascopy XAUUSD M1 → M5, M15, H1, H4, D1",chiusura della candela prima del cutoff,"price action: direzione, corpo, stoppini, posizione di chiusura, inside/outside/engulfing, massimi e minimi crescenti, sequenze, RSI, ROC, Bollinger, Donchian, EMA20, compressione, livelli tondi, falsi breakout",1.0,1.0,True,True
f_pa_h1_seq3,PRICE,False,True,"Dukascopy XAUUSD M1 → M5, M15, H1, H4, D1",chiusura della candela prima del cutoff,"price action: direzione, corpo, stoppini, posizione di chiusura, inside/outside/engulfing, massimi e minimi crescenti, sequenze, RSI, ROC, Bollinger, Donchian, EMA20, compressione, livelli tondi, falsi breakout",1.0,1.0,True,True
f_pa_h1_upbars5,PRICE,False,True,"Dukascopy XAUUSD M1 → M5, M15, H1, H4, D1",chiusura della candela prima del cutoff,"price action: direzione, corpo, stoppini, posizione di chiusura, inside/outside/engulfing, massimi e minimi crescenti, sequenze, RSI, ROC, Bollinger, Donchian, EMA20, compressione, livelli tondi, falsi breakout",1.0,1.0,True,True
f_pa_h1_rsi14,PRICE,False,True,"Dukascopy XAUUSD M1 → M5, M15, H1, H4, D1",chiusura della candela prima del cutoff,"price action: direzione, corpo, stoppini, posizione di chiusura, inside/outside/engulfing, massimi e minimi crescenti, sequenze, RSI, ROC, Bollinger, Donchian, EMA20, compressione, livelli tondi, falsi breakout",1.0,1.0,True,True
f_pa_h1_roc10_atr,PRICE,False,True,"Dukascopy XAUUSD M1 → M5, M15, H1, H4, D1",chiusura della candela prima del cutoff,"price action: direzione, corpo, stoppini, posizione di chiusura, inside/outside/engulfing, massimi e minimi crescenti, sequenze, RSI, ROC, Bollinger, Donchian, EMA20, compressione, livelli tondi, falsi breakout",1.0,1.0,True,True
f_pa_h1_bb_pctb,PRICE,False,True,"Dukascopy XAUUSD M1 → M5, M15, H1, H4, D1",chiusura della candela prima del cutoff,"price action: direzione, corpo, stoppini, posizione di chiusura, inside/outside/engulfing, massimi e minimi crescenti, sequenze, RSI, ROC, Bollinger, Donchian, EMA20, compressione, livelli tondi, falsi breakout",1.0,1.0,True,True
f_pa_h1_bb_width_atr,PRICE,False,True,"Dukascopy XAUUSD M1 → M5, M15, H1, H4, D1",chiusura della candela prima del cutoff,"price action: direzione, corpo, stoppini, posizione di chiusura, inside/outside/engulfing, massimi e minimi crescenti, sequenze, RSI, ROC, Bollinger, Donchian, EMA20, compressione, livelli tondi, falsi breakout",1.0,1.0,True,True
f_pa_h1_donch_pos,PRICE,False,True,"Dukascopy XAUUSD M1 → M5, M15, H1, H4, D1",chiusura della candela prima del cutoff,"price action: direzione, corpo, stoppini, posizione di chiusura, inside/outside/engulfing, massimi e minimi crescenti, sequenze, RSI, ROC, Bollinger, Donchian, EMA20, compressione, livelli tondi, falsi breakout",1.0,1.0,True,True
f_pa_h1_donch_break,PRICE,False,True,"Dukascopy XAUUSD M1 → M5, M15, H1, H4, D1",chiusura della candela prima del cutoff,"price action: direzione, corpo, stoppini, posizione di chiusura, inside/outside/engulfing, massimi e minimi crescenti, sequenze, RSI, ROC, Bollinger, Donchian, EMA20, compressione, livelli tondi, falsi breakout",1.0,1.0,True,True
f_pa_h1_ema20_dist_atr,PRICE,False,True,"Dukascopy XAUUSD M1 → M5, M15, H1, H4, D1",chiusura della candela prima del cutoff,"price action: direzione, corpo, stoppini, posizione di chiusura, inside/outside/engulfing, massimi e minimi crescenti, sequenze, RSI, ROC, Bollinger, Donchian, EMA20, compressione, livelli tondi, falsi breakout",1.0,1.0,True,True
f_pa_h1_ema20_slope_atr,PRICE,False,True,"Dukascopy XAUUSD M1 → M5, M15, H1, H4, D1",chiusura della candela prima del cutoff,"price action: direzione, corpo, stoppini, posizione di chiusura, inside/outside/engulfing, massimi e minimi crescenti, sequenze, RSI, ROC, Bollinger, Donchian, EMA20, compressione, livelli tondi, falsi breakout",1.0,1.0,True,True
f_pa_h1_compress5,PRICE,False,True,"Dukascopy XAUUSD M1 → M5, M15, H1, H4, D1",chiusura della candela prima del cutoff,"price action: direzione, corpo, stoppini, posizione di chiusura, inside/outside/engulfing, massimi e minimi crescenti, sequenze, RSI, ROC, Bollinger, Donchian, EMA20, compressione, livelli tondi, falsi breakout",1.0,1.0,True,True
f_pa_h4_b1_dir,PRICE,False,True,"Dukascopy XAUUSD M1 → M5, M15, H1, H4, D1",chiusura della candela prima del cutoff,"price action: direzione, corpo, stoppini, posizione di chiusura, inside/outside/engulfing, massimi e minimi crescenti, sequenze, RSI, ROC, Bollinger, Donchian, EMA20, compressione, livelli tondi, falsi breakout",1.0,1.0,True,True
f_pa_h4_b1_body,PRICE,False,True,"Dukascopy XAUUSD M1 → M5, M15, H1, H4, D1",chiusura della candela prima del cutoff,"price action: direzione, corpo, stoppini, posizione di chiusura, inside/outside/engulfing, massimi e minimi crescenti, sequenze, RSI, ROC, Bollinger, Donchian, EMA20, compressione, livelli tondi, falsi breakout",1.0,1.0,True,True
f_pa_h4_b1_cloc,PRICE,False,True,"Dukascopy XAUUSD M1 → M5, M15, H1, H4, D1",chiusura della candela prima del cutoff,"price action: direzione, corpo, stoppini, posizione di chiusura, inside/outside/engulfing, massimi e minimi crescenti, sequenze, RSI, ROC, Bollinger, Donchian, EMA20, compressione, livelli tondi, falsi breakout",1.0,1.0,True,True
f_pa_h4_b1_range_atr,PRICE,False,True,"Dukascopy XAUUSD M1 → M5, M15, H1, H4, D1",chiusura della candela prima del cutoff,"price action: direzione, corpo, stoppini, posizione di chiusura, inside/outside/engulfing, massimi e minimi crescenti, sequenze, RSI, ROC, Bollinger, Donchian, EMA20, compressione, livelli tondi, falsi breakout",1.0,1.0,True,True
f_pa_h4_b1_uwick,PRICE,False,True,"Dukascopy XAUUSD M1 → M5, M15, H1, H4, D1",chiusura della candela prima del cutoff,"price action: direzione, corpo, stoppini, posizione di chiusura, inside/outside/engulfing, massimi e minimi crescenti, sequenze, RSI, ROC, Bollinger, Donchian, EMA20, compressione, livelli tondi, falsi breakout",1.0,1.0,True,True
f_pa_h4_b1_lwick,PRICE,False,True,"Dukascopy XAUUSD M1 → M5, M15, H1, H4, D1",chiusura della candela prima del cutoff,"price action: direzione, corpo, stoppini, posizione di chiusura, inside/outside/engulfing, massimi e minimi crescenti, sequenze, RSI, ROC, Bollinger, Donchian, EMA20, compressione, livelli tondi, falsi breakout",1.0,1.0,True,True
f_pa_h4_b2_dir,PRICE,False,True,"Dukascopy XAUUSD M1 → M5, M15, H1, H4, D1",chiusura della candela prima del cutoff,"price action: direzione, corpo, stoppini, posizione di chiusura, inside/outside/engulfing, massimi e minimi crescenti, sequenze, RSI, ROC, Bollinger, Donchian, EMA20, compressione, livelli tondi, falsi breakout",1.0,1.0,True,True
f_pa_h4_b2_body,PRICE,False,True,"Dukascopy XAUUSD M1 → M5, M15, H1, H4, D1",chiusura della candela prima del cutoff,"price action: direzione, corpo, stoppini, posizione di chiusura, inside/outside/engulfing, massimi e minimi crescenti, sequenze, RSI, ROC, Bollinger, Donchian, EMA20, compressione, livelli tondi, falsi breakout",1.0,1.0,True,True
f_pa_h4_b2_cloc,PRICE,False,True,"Dukascopy XAUUSD M1 → M5, M15, H1, H4, D1",chiusura della candela prima del cutoff,"price action: direzione, corpo, stoppini, posizione di chiusura, inside/outside/engulfing, massimi e minimi crescenti, sequenze, RSI, ROC, Bollinger, Donchian, EMA20, compressione, livelli tondi, falsi breakout",1.0,1.0,True,True
f_pa_h4_b2_range_atr,PRICE,False,True,"Dukascopy XAUUSD M1 → M5, M15, H1, H4, D1",chiusura della candela prima del cutoff,"price action: direzione, corpo, stoppini, posizione di chiusura, inside/outside/engulfing, massimi e minimi crescenti, sequenze, RSI, ROC, Bollinger, Donchian, EMA20, compressione, livelli tondi, falsi breakout",1.0,1.0,True,True
f_pa_h4_b2_uwick,PRICE,False,True,"Dukascopy XAUUSD M1 → M5, M15, H1, H4, D1",chiusura della candela prima del cutoff,"price action: direzione, corpo, stoppini, posizione di chiusura, inside/outside/engulfing, massimi e minimi crescenti, sequenze, RSI, ROC, Bollinger, Donchian, EMA20, compressione, livelli tondi, falsi breakout",1.0,1.0,True,True
f_pa_h4_b2_lwick,PRICE,False,True,"Dukascopy XAUUSD M1 → M5, M15, H1, H4, D1",chiusura della candela prima del cutoff,"price action: direzione, corpo, stoppini, posizione di chiusura, inside/outside/engulfing, massimi e minimi crescenti, sequenze, RSI, ROC, Bollinger, Donchian, EMA20, compressione, livelli tondi, falsi breakout",1.0,1.0,True,True
f_pa_h4_b3_dir,PRICE,False,True,"Dukascopy XAUUSD M1 → M5, M15, H1, H4, D1",chiusura della candela prima del cutoff,"price action: direzione, corpo, stoppini, posizione di chiusura, inside/outside/engulfing, massimi e minimi crescenti, sequenze, RSI, ROC, Bollinger, Donchian, EMA20, compressione, livelli tondi, falsi breakout",1.0,1.0,True,True
f_pa_h4_b3_body,PRICE,False,True,"Dukascopy XAUUSD M1 → M5, M15, H1, H4, D1",chiusura della candela prima del cutoff,"price action: direzione, corpo, stoppini, posizione di chiusura, inside/outside/engulfing, massimi e minimi crescenti, sequenze, RSI, ROC, Bollinger, Donchian, EMA20, compressione, livelli tondi, falsi breakout",1.0,1.0,True,True
f_pa_h4_b3_cloc,PRICE,False,True,"Dukascopy XAUUSD M1 → M5, M15, H1, H4, D1",chiusura della candela prima del cutoff,"price action: direzione, corpo, stoppini, posizione di chiusura, inside/outside/engulfing, massimi e minimi crescenti, sequenze, RSI, ROC, Bollinger, Donchian, EMA20, compressione, livelli tondi, falsi breakout",1.0,1.0,True,True
f_pa_h4_b3_range_atr,PRICE,False,True,"Dukascopy XAUUSD M1 → M5, M15, H1, H4, D1",chiusura della candela prima del cutoff,"price action: direzione, corpo, stoppini, posizione di chiusura, inside/outside/engulfing, massimi e minimi crescenti, sequenze, RSI, ROC, Bollinger, Donchian, EMA20, compressione, livelli tondi, falsi breakout",1.0,1.0,True,True
f_pa_h4_b3_uwick,PRICE,False,True,"Dukascopy XAUUSD M1 → M5, M15, H1, H4, D1",chiusura della candela prima del cutoff,"price action: direzione, corpo, stoppini, posizione di chiusura, inside/outside/engulfing, massimi e minimi crescenti, sequenze, RSI, ROC, Bollinger, Donchian, EMA20, compressione, livelli tondi, falsi breakout",1.0,1.0,True,True
f_pa_h4_b3_lwick,PRICE,False,True,"Dukascopy XAUUSD M1 → M5, M15, H1, H4, D1",chiusura della candela prima del cutoff,"price action: direzione, corpo, stoppini, posizione di chiusura, inside/outside/engulfing, massimi e minimi crescenti, sequenze, RSI, ROC, Bollinger, Donchian, EMA20, compressione, livelli tondi, falsi breakout",1.0,1.0,True,True
f_pa_h4_inside,PRICE,False,True,"Dukascopy XAUUSD M1 → M5, M15, H1, H4, D1",chiusura della candela prima del cutoff,"price action: direzione, corpo, stoppini, posizione di chiusura, inside/outside/engulfing, massimi e minimi crescenti, sequenze, RSI, ROC, Bollinger, Donchian, EMA20, compressione, livelli tondi, falsi breakout",1.0,1.0,True,True
f_pa_h4_outside,PRICE,False,True,"Dukascopy XAUUSD M1 → M5, M15, H1, H4, D1",chiusura della candela prima del cutoff,"price action: direzione, corpo, stoppini, posizione di chiusura, inside/outside/engulfing, massimi e minimi crescenti, sequenze, RSI, ROC, Bollinger, Donchian, EMA20, compressione, livelli tondi, falsi breakout",1.0,1.0,True,True
f_pa_h4_bull_engulf,PRICE,False,True,"Dukascopy XAUUSD M1 → M5, M15, H1, H4, D1",chiusura della candela prima del cutoff,"price action: direzione, corpo, stoppini, posizione di chiusura, inside/outside/engulfing, massimi e minimi crescenti, sequenze, RSI, ROC, Bollinger, Donchian, EMA20, compressione, livelli tondi, falsi breakout",1.0,1.0,True,True
f_pa_h4_bear_engulf,PRICE,False,True,"Dukascopy XAUUSD M1 → M5, M15, H1, H4, D1",chiusura della candela prima del cutoff,"price action: direzione, corpo, stoppini, posizione di chiusura, inside/outside/engulfing, massimi e minimi crescenti, sequenze, RSI, ROC, Bollinger, Donchian, EMA20, compressione, livelli tondi, falsi breakout",1.0,1.0,True,True
f_pa_h4_hh,PRICE,False,True,"Dukascopy XAUUSD M1 → M5, M15, H1, H4, D1",chiusura della candela prima del cutoff,"price action: direzione, corpo, stoppini, posizione di chiusura, inside/outside/engulfing, massimi e minimi crescenti, sequenze, RSI, ROC, Bollinger, Donchian, EMA20, compressione, livelli tondi, falsi breakout",1.0,1.0,True,True
f_pa_h4_ll,PRICE,False,True,"Dukascopy XAUUSD M1 → M5, M15, H1, H4, D1",chiusura della candela prima del cutoff,"price action: direzione, corpo, stoppini, posizione di chiusura, inside/outside/engulfing, massimi e minimi crescenti, sequenze, RSI, ROC, Bollinger, Donchian, EMA20, compressione, livelli tondi, falsi breakout",1.0,1.0,True,True
f_pa_h4_hl,PRICE,False,True,"Dukascopy XAUUSD M1 → M5, M15, H1, H4, D1",chiusura della candela prima del cutoff,"price action: direzione, corpo, stoppini, posizione di chiusura, inside/outside/engulfing, massimi e minimi crescenti, sequenze, RSI, ROC, Bollinger, Donchian, EMA20, compressione, livelli tondi, falsi breakout",1.0,1.0,True,True
f_pa_h4_lh,PRICE,False,True,"Dukascopy XAUUSD M1 → M5, M15, H1, H4, D1",chiusura della candela prima del cutoff,"price action: direzione, corpo, stoppini, posizione di chiusura, inside/outside/engulfing, massimi e minimi crescenti, sequenze, RSI, ROC, Bollinger, Donchian, EMA20, compressione, livelli tondi, falsi breakout",1.0,1.0,True,True
f_pa_h4_seq3,PRICE,False,True,"Dukascopy XAUUSD M1 → M5, M15, H1, H4, D1",chiusura della candela prima del cutoff,"price action: direzione, corpo, stoppini, posizione di chiusura, inside/outside/engulfing, massimi e minimi crescenti, sequenze, RSI, ROC, Bollinger, Donchian, EMA20, compressione, livelli tondi, falsi breakout",1.0,1.0,True,True
f_pa_h4_upbars5,PRICE,False,True,"Dukascopy XAUUSD M1 → M5, M15, H1, H4, D1",chiusura della candela prima del cutoff,"price action: direzione, corpo, stoppini, posizione di chiusura, inside/outside/engulfing, massimi e minimi crescenti, sequenze, RSI, ROC, Bollinger, Donchian, EMA20, compressione, livelli tondi, falsi breakout",1.0,1.0,True,True
f_pa_h4_rsi14,PRICE,False,True,"Dukascopy XAUUSD M1 → M5, M15, H1, H4, D1",chiusura della candela prima del cutoff,"price action: direzione, corpo, stoppini, posizione di chiusura, inside/outside/engulfing, massimi e minimi crescenti, sequenze, RSI, ROC, Bollinger, Donchian, EMA20, compressione, livelli tondi, falsi breakout",1.0,1.0,True,True
f_pa_h4_roc10_atr,PRICE,False,True,"Dukascopy XAUUSD M1 → M5, M15, H1, H4, D1",chiusura della candela prima del cutoff,"price action: direzione, corpo, stoppini, posizione di chiusura, inside/outside/engulfing, massimi e minimi crescenti, sequenze, RSI, ROC, Bollinger, Donchian, EMA20, compressione, livelli tondi, falsi breakout",1.0,1.0,True,True
f_pa_h4_bb_pctb,PRICE,False,True,"Dukascopy XAUUSD M1 → M5, M15, H1, H4, D1",chiusura della candela prima del cutoff,"price action: direzione, corpo, stoppini, posizione di chiusura, inside/outside/engulfing, massimi e minimi crescenti, sequenze, RSI, ROC, Bollinger, Donchian, EMA20, compressione, livelli tondi, falsi breakout",1.0,1.0,True,True
f_pa_h4_bb_width_atr,PRICE,False,True,"Dukascopy XAUUSD M1 → M5, M15, H1, H4, D1",chiusura della candela prima del cutoff,"price action: direzione, corpo, stoppini, posizione di chiusura, inside/outside/engulfing, massimi e minimi crescenti, sequenze, RSI, ROC, Bollinger, Donchian, EMA20, compressione, livelli tondi, falsi breakout",1.0,1.0,True,True
f_pa_h4_donch_pos,PRICE,False,True,"Dukascopy XAUUSD M1 → M5, M15, H1, H4, D1",chiusura della candela prima del cutoff,"price action: direzione, corpo, stoppini, posizione di chiusura, inside/outside/engulfing, massimi e minimi crescenti, sequenze, RSI, ROC, Bollinger, Donchian, EMA20, compressione, livelli tondi, falsi breakout",1.0,1.0,True,True
f_pa_h4_donch_break,PRICE,False,True,"Dukascopy XAUUSD M1 → M5, M15, H1, H4, D1",chiusura della candela prima del cutoff,"price action: direzione, corpo, stoppini, posizione di chiusura, inside/outside/engulfing, massimi e minimi crescenti, sequenze, RSI, ROC, Bollinger, Donchian, EMA20, compressione, livelli tondi, falsi breakout",1.0,1.0,True,True
f_pa_h4_ema20_dist_atr,PRICE,False,True,"Dukascopy XAUUSD M1 → M5, M15, H1, H4, D1",chiusura della candela prima del cutoff,"price action: direzione, corpo, stoppini, posizione di chiusura, inside/outside/engulfing, massimi e minimi crescenti, sequenze, RSI, ROC, Bollinger, Donchian, EMA20, compressione, livelli tondi, falsi breakout",1.0,1.0,True,True
f_pa_h4_ema20_slope_atr,PRICE,False,True,"Dukascopy XAUUSD M1 → M5, M15, H1, H4, D1",chiusura della candela prima del cutoff,"price action: direzione, corpo, stoppini, posizione di chiusura, inside/outside/engulfing, massimi e minimi crescenti, sequenze, RSI, ROC, Bollinger, Donchian, EMA20, compressione, livelli tondi, falsi breakout",1.0,1.0,True,True
f_pa_h4_compress5,PRICE,False,True,"Dukascopy XAUUSD M1 → M5, M15, H1, H4, D1",chiusura della candela prima del cutoff,"price action: direzione, corpo, stoppini, posizione di chiusura, inside/outside/engulfing, massimi e minimi crescenti, sequenze, RSI, ROC, Bollinger, Donchian, EMA20, compressione, livelli tondi, falsi breakout",1.0,1.0,True,True
f_pa_d1_b1_dir,PRICE,False,True,"Dukascopy XAUUSD M1 → M5, M15, H1, H4, D1",chiusura della candela prima del cutoff,"price action: direzione, corpo, stoppini, posizione di chiusura, inside/outside/engulfing, massimi e minimi crescenti, sequenze, RSI, ROC, Bollinger, Donchian, EMA20, compressione, livelli tondi, falsi breakout",1.0,1.0,True,True
f_pa_d1_b1_body,PRICE,False,True,"Dukascopy XAUUSD M1 → M5, M15, H1, H4, D1",chiusura della candela prima del cutoff,"price action: direzione, corpo, stoppini, posizione di chiusura, inside/outside/engulfing, massimi e minimi crescenti, sequenze, RSI, ROC, Bollinger, Donchian, EMA20, compressione, livelli tondi, falsi breakout",1.0,1.0,True,True
f_pa_d1_b1_cloc,PRICE,False,True,"Dukascopy XAUUSD M1 → M5, M15, H1, H4, D1",chiusura della candela prima del cutoff,"price action: direzione, corpo, stoppini, posizione di chiusura, inside/outside/engulfing, massimi e minimi crescenti, sequenze, RSI, ROC, Bollinger, Donchian, EMA20, compressione, livelli tondi, falsi breakout",1.0,1.0,True,True
f_pa_d1_b1_range_atr,PRICE,False,True,"Dukascopy XAUUSD M1 → M5, M15, H1, H4, D1",chiusura della candela prima del cutoff,"price action: direzione, corpo, stoppini, posizione di chiusura, inside/outside/engulfing, massimi e minimi crescenti, sequenze, RSI, ROC, Bollinger, Donchian, EMA20, compressione, livelli tondi, falsi breakout",1.0,1.0,True,True
f_pa_d1_b1_uwick,PRICE,False,True,"Dukascopy XAUUSD M1 → M5, M15, H1, H4, D1",chiusura della candela prima del cutoff,"price action: direzione, corpo, stoppini, posizione di chiusura, inside/outside/engulfing, massimi e minimi crescenti, sequenze, RSI, ROC, Bollinger, Donchian, EMA20, compressione, livelli tondi, falsi breakout",1.0,1.0,True,True
f_pa_d1_b1_lwick,PRICE,False,True,"Dukascopy XAUUSD M1 → M5, M15, H1, H4, D1",chiusura della candela prima del cutoff,"price action: direzione, corpo, stoppini, posizione di chiusura, inside/outside/engulfing, massimi e minimi crescenti, sequenze, RSI, ROC, Bollinger, Donchian, EMA20, compressione, livelli tondi, falsi breakout",1.0,1.0,True,True
f_pa_d1_b2_dir,PRICE,False,True,"Dukascopy XAUUSD M1 → M5, M15, H1, H4, D1",chiusura della candela prima del cutoff,"price action: direzione, corpo, stoppini, posizione di chiusura, inside/outside/engulfing, massimi e minimi crescenti, sequenze, RSI, ROC, Bollinger, Donchian, EMA20, compressione, livelli tondi, falsi breakout",1.0,1.0,True,True
f_pa_d1_b2_body,PRICE,False,True,"Dukascopy XAUUSD M1 → M5, M15, H1, H4, D1",chiusura della candela prima del cutoff,"price action: direzione, corpo, stoppini, posizione di chiusura, inside/outside/engulfing, massimi e minimi crescenti, sequenze, RSI, ROC, Bollinger, Donchian, EMA20, compressione, livelli tondi, falsi breakout",1.0,1.0,True,True
f_pa_d1_b2_cloc,PRICE,False,True,"Dukascopy XAUUSD M1 → M5, M15, H1, H4, D1",chiusura della candela prima del cutoff,"price action: direzione, corpo, stoppini, posizione di chiusura, inside/outside/engulfing, massimi e minimi crescenti, sequenze, RSI, ROC, Bollinger, Donchian, EMA20, compressione, livelli tondi, falsi breakout",1.0,1.0,True,True
f_pa_d1_b2_range_atr,PRICE,False,True,"Dukascopy XAUUSD M1 → M5, M15, H1, H4, D1",chiusura della candela prima del cutoff,"price action: direzione, corpo, stoppini, posizione di chiusura, inside/outside/engulfing, massimi e minimi crescenti, sequenze, RSI, ROC, Bollinger, Donchian, EMA20, compressione, livelli tondi, falsi breakout",1.0,1.0,True,True
f_pa_d1_b2_uwick,PRICE,False,True,"Dukascopy XAUUSD M1 → M5, M15, H1, H4, D1",chiusura della candela prima del cutoff,"price action: direzione, corpo, stoppini, posizione di chiusura, inside/outside/engulfing, massimi e minimi crescenti, sequenze, RSI, ROC, Bollinger, Donchian, EMA20, compressione, livelli tondi, falsi breakout",1.0,1.0,True,True
f_pa_d1_b2_lwick,PRICE,False,True,"Dukascopy XAUUSD M1 → M5, M15, H1, H4, D1",chiusura della candela prima del cutoff,"price action: direzione, corpo, stoppini, posizione di chiusura, inside/outside/engulfing, massimi e minimi crescenti, sequenze, RSI, ROC, Bollinger, Donchian, EMA20, compressione, livelli tondi, falsi breakout",1.0,1.0,True,True
f_pa_d1_b3_dir,PRICE,False,True,"Dukascopy XAUUSD M1 → M5, M15, H1, H4, D1",chiusura della candela prima del cutoff,"price action: direzione, corpo, stoppini, posizione di chiusura, inside/outside/engulfing, massimi e minimi crescenti, sequenze, RSI, ROC, Bollinger, Donchian, EMA20, compressione, livelli tondi, falsi breakout",1.0,1.0,True,True
f_pa_d1_b3_body,PRICE,False,True,"Dukascopy XAUUSD M1 → M5, M15, H1, H4, D1",chiusura della candela prima del cutoff,"price action: direzione, corpo, stoppini, posizione di chiusura, inside/outside/engulfing, massimi e minimi crescenti, sequenze, RSI, ROC, Bollinger, Donchian, EMA20, compressione, livelli tondi, falsi breakout",1.0,1.0,True,True
f_pa_d1_b3_cloc,PRICE,False,True,"Dukascopy XAUUSD M1 → M5, M15, H1, H4, D1",chiusura della candela prima del cutoff,"price action: direzione, corpo, stoppini, posizione di chiusura, inside/outside/engulfing, massimi e minimi crescenti, sequenze, RSI, ROC, Bollinger, Donchian, EMA20, compressione, livelli tondi, falsi breakout",1.0,1.0,True,True
f_pa_d1_b3_range_atr,PRICE,False,True,"Dukascopy XAUUSD M1 → M5, M15, H1, H4, D1",chiusura della candela prima del cutoff,"price action: direzione, corpo, stoppini, posizione di chiusura, inside/outside/engulfing, massimi e minimi crescenti, sequenze, RSI, ROC, Bollinger, Donchian, EMA20, compressione, livelli tondi, falsi breakout",1.0,1.0,True,True
f_pa_d1_b3_uwick,PRICE,False,True,"Dukascopy XAUUSD M1 → M5, M15, H1, H4, D1",chiusura della candela prima del cutoff,"price action: direzione, corpo, stoppini, posizione di chiusura, inside/outside/engulfing, massimi e minimi crescenti, sequenze, RSI, ROC, Bollinger, Donchian, EMA20, compressione, livelli tondi, falsi breakout",1.0,1.0,True,True
f_pa_d1_b3_lwick,PRICE,False,True,"Dukascopy XAUUSD M1 → M5, M15, H1, H4, D1",chiusura della candela prima del cutoff,"price action: direzione, corpo, stoppini, posizione di chiusura, inside/outside/engulfing, massimi e minimi crescenti, sequenze, RSI, ROC, Bollinger, Donchian, EMA20, compressione, livelli tondi, falsi breakout",1.0,1.0,True,True
f_pa_d1_inside,PRICE,False,True,"Dukascopy XAUUSD M1 → M5, M15, H1, H4, D1",chiusura della candela prima del cutoff,"price action: direzione, corpo, stoppini, posizione di chiusura, inside/outside/engulfing, massimi e minimi crescenti, sequenze, RSI, ROC, Bollinger, Donchian, EMA20, compressione, livelli tondi, falsi breakout",1.0,1.0,True,True
f_pa_d1_outside,PRICE,False,True,"Dukascopy XAUUSD M1 → M5, M15, H1, H4, D1",chiusura della candela prima del cutoff,"price action: direzione, corpo, stoppini, posizione di chiusura, inside/outside/engulfing, massimi e minimi crescenti, sequenze, RSI, ROC, Bollinger, Donchian, EMA20, compressione, livelli tondi, falsi breakout",1.0,1.0,True,True
f_pa_d1_bull_engulf,PRICE,False,True,"Dukascopy XAUUSD M1 → M5, M15, H1, H4, D1",chiusura della candela prima del cutoff,"price action: direzione, corpo, stoppini, posizione di chiusura, inside/outside/engulfing, massimi e minimi crescenti, sequenze, RSI, ROC, Bollinger, Donchian, EMA20, compressione, livelli tondi, falsi breakout",1.0,1.0,True,True
f_pa_d1_bear_engulf,PRICE,False,True,"Dukascopy XAUUSD M1 → M5, M15, H1, H4, D1",chiusura della candela prima del cutoff,"price action: direzione, corpo, stoppini, posizione di chiusura, inside/outside/engulfing, massimi e minimi crescenti, sequenze, RSI, ROC, Bollinger, Donchian, EMA20, compressione, livelli tondi, falsi breakout",1.0,1.0,True,True
f_pa_d1_hh,PRICE,False,True,"Dukascopy XAUUSD M1 → M5, M15, H1, H4, D1",chiusura della candela prima del cutoff,"price action: direzione, corpo, stoppini, posizione di chiusura, inside/outside/engulfing, massimi e minimi crescenti, sequenze, RSI, ROC, Bollinger, Donchian, EMA20, compressione, livelli tondi, falsi breakout",1.0,1.0,True,True
f_pa_d1_ll,PRICE,False,True,"Dukascopy XAUUSD M1 → M5, M15, H1, H4, D1",chiusura della candela prima del cutoff,"price action: direzione, corpo, stoppini, posizione di chiusura, inside/outside/engulfing, massimi e minimi crescenti, sequenze, RSI, ROC, Bollinger, Donchian, EMA20, compressione, livelli tondi, falsi breakout",1.0,1.0,True,True
f_pa_d1_hl,PRICE,False,True,"Dukascopy XAUUSD M1 → M5, M15, H1, H4, D1",chiusura della candela prima del cutoff,"price action: direzione, corpo, stoppini, posizione di chiusura, inside/outside/engulfing, massimi e minimi crescenti, sequenze, RSI, ROC, Bollinger, Donchian, EMA20, compressione, livelli tondi, falsi breakout",1.0,1.0,True,True
f_pa_d1_lh,PRICE,False,True,"Dukascopy XAUUSD M1 → M5, M15, H1, H4, D1",chiusura della candela prima del cutoff,"price action: direzione, corpo, stoppini, posizione di chiusura, inside/outside/engulfing, massimi e minimi crescenti, sequenze, RSI, ROC, Bollinger, Donchian, EMA20, compressione, livelli tondi, falsi breakout",1.0,1.0,True,True
f_pa_d1_seq3,PRICE,False,True,"Dukascopy XAUUSD M1 → M5, M15, H1, H4, D1",chiusura della candela prima del cutoff,"price action: direzione, corpo, stoppini, posizione di chiusura, inside/outside/engulfing, massimi e minimi crescenti, sequenze, RSI, ROC, Bollinger, Donchian, EMA20, compressione, livelli tondi, falsi breakout",1.0,1.0,True,True
f_pa_d1_upbars5,PRICE,False,True,"Dukascopy XAUUSD M1 → M5, M15, H1, H4, D1",chiusura della candela prima del cutoff,"price action: direzione, corpo, stoppini, posizione di chiusura, inside/outside/engulfing, massimi e minimi crescenti, sequenze, RSI, ROC, Bollinger, Donchian, EMA20, compressione, livelli tondi, falsi breakout",1.0,1.0,True,True
f_pa_d1_rsi14,PRICE,False,True,"Dukascopy XAUUSD M1 → M5, M15, H1, H4, D1",chiusura della candela prima del cutoff,"price action: direzione, corpo, stoppini, posizione di chiusura, inside/outside/engulfing, massimi e minimi crescenti, sequenze, RSI, ROC, Bollinger, Donchian, EMA20, compressione, livelli tondi, falsi breakout",1.0,1.0,True,True
f_pa_d1_roc10_atr,PRICE,False,True,"Dukascopy XAUUSD M1 → M5, M15, H1, H4, D1",chiusura della candela prima del cutoff,"price action: direzione, corpo, stoppini, posizione di chiusura, inside/outside/engulfing, massimi e minimi crescenti, sequenze, RSI, ROC, Bollinger, Donchian, EMA20, compressione, livelli tondi, falsi breakout",1.0,1.0,True,True
f_pa_d1_bb_pctb,PRICE,False,True,"Dukascopy XAUUSD M1 → M5, M15, H1, H4, D1",chiusura della candela prima del cutoff,"price action: direzione, corpo, stoppini, posizione di chiusura, inside/outside/engulfing, massimi e minimi crescenti, sequenze, RSI, ROC, Bollinger, Donchian, EMA20, compressione, livelli tondi, falsi breakout",1.0,1.0,True,True
f_pa_d1_bb_width_atr,PRICE,False,True,"Dukascopy XAUUSD M1 → M5, M15, H1, H4, D1",chiusura della candela prima del cutoff,"price action: direzione, corpo, stoppini, posizione di chiusura, inside/outside/engulfing, massimi e minimi crescenti, sequenze, RSI, ROC, Bollinger, Donchian, EMA20, compressione, livelli tondi, falsi breakout",1.0,1.0,True,True
f_pa_d1_donch_pos,PRICE,False,True,"Dukascopy XAUUSD M1 → M5, M15, H1, H4, D1",chiusura della candela prima del cutoff,"price action: direzione, corpo, stoppini, posizione di chiusura, inside/outside/engulfing, massimi e minimi crescenti, sequenze, RSI, ROC, Bollinger, Donchian, EMA20, compressione, livelli tondi, falsi breakout",1.0,1.0,True,True
f_pa_d1_donch_break,PRICE,False,True,"Dukascopy XAUUSD M1 → M5, M15, H1, H4, D1",chiusura della candela prima del cutoff,"price action: direzione, corpo, stoppini, posizione di chiusura, inside/outside/engulfing, massimi e minimi crescenti, sequenze, RSI, ROC, Bollinger, Donchian, EMA20, compressione, livelli tondi, falsi breakout",1.0,1.0,True,True
f_pa_d1_ema20_dist_atr,PRICE,False,True,"Dukascopy XAUUSD M1 → M5, M15, H1, H4, D1",chiusura della candela prima del cutoff,"price action: direzione, corpo, stoppini, posizione di chiusura, inside/outside/engulfing, massimi e minimi crescenti, sequenze, RSI, ROC, Bollinger, Donchian, EMA20, compressione, livelli tondi, falsi breakout",1.0,1.0,True,True
f_pa_d1_ema20_slope_atr,PRICE,False,True,"Dukascopy XAUUSD M1 → M5, M15, H1, H4, D1",chiusura della candela prima del cutoff,"price action: direzione, corpo, stoppini, posizione di chiusura, inside/outside/engulfing, massimi e minimi crescenti, sequenze, RSI, ROC, Bollinger, Donchian, EMA20, compressione, livelli tondi, falsi breakout",1.0,1.0,True,True
f_pa_d1_compress5,PRICE,False,True,"Dukascopy XAUUSD M1 → M5, M15, H1, H4, D1",chiusura della candela prima del cutoff,"price action: direzione, corpo, stoppini, posizione di chiusura, inside/outside/engulfing, massimi e minimi crescenti, sequenze, RSI, ROC, Bollinger, Donchian, EMA20, compressione, livelli tondi, falsi breakout",1.0,1.0,True,True
f_pa_m1_b1_dir,PRICE,False,True,"Dukascopy XAUUSD M1 → M5, M15, H1, H4, D1",chiusura della candela prima del cutoff,"price action: direzione, corpo, stoppini, posizione di chiusura, inside/outside/engulfing, massimi e minimi crescenti, sequenze, RSI, ROC, Bollinger, Donchian, EMA20, compressione, livelli tondi, falsi breakout",1.0,1.0,True,True
f_pa_m1_b1_body,PRICE,False,True,"Dukascopy XAUUSD M1 → M5, M15, H1, H4, D1",chiusura della candela prima del cutoff,"price action: direzione, corpo, stoppini, posizione di chiusura, inside/outside/engulfing, massimi e minimi crescenti, sequenze, RSI, ROC, Bollinger, Donchian, EMA20, compressione, livelli tondi, falsi breakout",1.0,1.0,True,True
f_pa_m1_b1_cloc,PRICE,False,True,"Dukascopy XAUUSD M1 → M5, M15, H1, H4, D1",chiusura della candela prima del cutoff,"price action: direzione, corpo, stoppini, posizione di chiusura, inside/outside/engulfing, massimi e minimi crescenti, sequenze, RSI, ROC, Bollinger, Donchian, EMA20, compressione, livelli tondi, falsi breakout",1.0,1.0,True,True
f_pa_m1_b1_range_atr,PRICE,False,True,"Dukascopy XAUUSD M1 → M5, M15, H1, H4, D1",chiusura della candela prima del cutoff,"price action: direzione, corpo, stoppini, posizione di chiusura, inside/outside/engulfing, massimi e minimi crescenti, sequenze, RSI, ROC, Bollinger, Donchian, EMA20, compressione, livelli tondi, falsi breakout",1.0,1.0,True,True
f_pa_m1_b1_uwick,PRICE,False,True,"Dukascopy XAUUSD M1 → M5, M15, H1, H4, D1",chiusura della candela prima del cutoff,"price action: direzione, corpo, stoppini, posizione di chiusura, inside/outside/engulfing, massimi e minimi crescenti, sequenze, RSI, ROC, Bollinger, Donchian, EMA20, compressione, livelli tondi, falsi breakout",1.0,1.0,True,True
f_pa_m1_b1_lwick,PRICE,False,True,"Dukascopy XAUUSD M1 → M5, M15, H1, H4, D1",chiusura della candela prima del cutoff,"price action: direzione, corpo, stoppini, posizione di chiusura, inside/outside/engulfing, massimi e minimi crescenti, sequenze, RSI, ROC, Bollinger, Donchian, EMA20, compressione, livelli tondi, falsi breakout",1.0,1.0,True,True
f_pa_m1_b2_dir,PRICE,False,True,"Dukascopy XAUUSD M1 → M5, M15, H1, H4, D1",chiusura della candela prima del cutoff,"price action: direzione, corpo, stoppini, posizione di chiusura, inside/outside/engulfing, massimi e minimi crescenti, sequenze, RSI, ROC, Bollinger, Donchian, EMA20, compressione, livelli tondi, falsi breakout",1.0,1.0,True,True
f_pa_m1_b2_body,PRICE,False,True,"Dukascopy XAUUSD M1 → M5, M15, H1, H4, D1",chiusura della candela prima del cutoff,"price action: direzione, corpo, stoppini, posizione di chiusura, inside/outside/engulfing, massimi e minimi crescenti, sequenze, RSI, ROC, Bollinger, Donchian, EMA20, compressione, livelli tondi, falsi breakout",1.0,1.0,True,True
f_pa_m1_b2_cloc,PRICE,False,True,"Dukascopy XAUUSD M1 → M5, M15, H1, H4, D1",chiusura della candela prima del cutoff,"price action: direzione, corpo, stoppini, posizione di chiusura, inside/outside/engulfing, massimi e minimi crescenti, sequenze, RSI, ROC, Bollinger, Donchian, EMA20, compressione, livelli tondi, falsi breakout",1.0,1.0,True,True
f_pa_m1_b2_range_atr,PRICE,False,True,"Dukascopy XAUUSD M1 → M5, M15, H1, H4, D1",chiusura della candela prima del cutoff,"price action: direzione, corpo, stoppini, posizione di chiusura, inside/outside/engulfing, massimi e minimi crescenti, sequenze, RSI, ROC, Bollinger, Donchian, EMA20, compressione, livelli tondi, falsi breakout",1.0,1.0,True,True
f_pa_m1_b2_uwick,PRICE,False,True,"Dukascopy XAUUSD M1 → M5, M15, H1, H4, D1",chiusura della candela prima del cutoff,"price action: direzione, corpo, stoppini, posizione di chiusura, inside/outside/engulfing, massimi e minimi crescenti, sequenze, RSI, ROC, Bollinger, Donchian, EMA20, compressione, livelli tondi, falsi breakout",1.0,1.0,True,True
f_pa_m1_b2_lwick,PRICE,False,True,"Dukascopy XAUUSD M1 → M5, M15, H1, H4, D1",chiusura della candela prima del cutoff,"price action: direzione, corpo, stoppini, posizione di chiusura, inside/outside/engulfing, massimi e minimi crescenti, sequenze, RSI, ROC, Bollinger, Donchian, EMA20, compressione, livelli tondi, falsi breakout",1.0,1.0,True,True
f_pa_m1_b3_dir,PRICE,False,True,"Dukascopy XAUUSD M1 → M5, M15, H1, H4, D1",chiusura della candela prima del cutoff,"price action: direzione, corpo, stoppini, posizione di chiusura, inside/outside/engulfing, massimi e minimi crescenti, sequenze, RSI, ROC, Bollinger, Donchian, EMA20, compressione, livelli tondi, falsi breakout",1.0,1.0,True,True
f_pa_m1_b3_body,PRICE,False,True,"Dukascopy XAUUSD M1 → M5, M15, H1, H4, D1",chiusura della candela prima del cutoff,"price action: direzione, corpo, stoppini, posizione di chiusura, inside/outside/engulfing, massimi e minimi crescenti, sequenze, RSI, ROC, Bollinger, Donchian, EMA20, compressione, livelli tondi, falsi breakout",1.0,1.0,True,True
f_pa_m1_b3_cloc,PRICE,False,True,"Dukascopy XAUUSD M1 → M5, M15, H1, H4, D1",chiusura della candela prima del cutoff,"price action: direzione, corpo, stoppini, posizione di chiusura, inside/outside/engulfing, massimi e minimi crescenti, sequenze, RSI, ROC, Bollinger, Donchian, EMA20, compressione, livelli tondi, falsi breakout",1.0,1.0,True,True
f_pa_m1_b3_range_atr,PRICE,False,True,"Dukascopy XAUUSD M1 → M5, M15, H1, H4, D1",chiusura della candela prima del cutoff,"price action: direzione, corpo, stoppini, posizione di chiusura, inside/outside/engulfing, massimi e minimi crescenti, sequenze, RSI, ROC, Bollinger, Donchian, EMA20, compressione, livelli tondi, falsi breakout",1.0,1.0,True,True
f_pa_m1_b3_uwick,PRICE,False,True,"Dukascopy XAUUSD M1 → M5, M15, H1, H4, D1",chiusura della candela prima del cutoff,"price action: direzione, corpo, stoppini, posizione di chiusura, inside/outside/engulfing, massimi e minimi crescenti, sequenze, RSI, ROC, Bollinger, Donchian, EMA20, compressione, livelli tondi, falsi breakout",1.0,1.0,True,True
f_pa_m1_b3_lwick,PRICE,False,True,"Dukascopy XAUUSD M1 → M5, M15, H1, H4, D1",chiusura della candela prima del cutoff,"price action: direzione, corpo, stoppini, posizione di chiusura, inside/outside/engulfing, massimi e minimi crescenti, sequenze, RSI, ROC, Bollinger, Donchian, EMA20, compressione, livelli tondi, falsi breakout",1.0,1.0,True,True
f_pa_m1_inside,PRICE,False,True,"Dukascopy XAUUSD M1 → M5, M15, H1, H4, D1",chiusura della candela prima del cutoff,"price action: direzione, corpo, stoppini, posizione di chiusura, inside/outside/engulfing, massimi e minimi crescenti, sequenze, RSI, ROC, Bollinger, Donchian, EMA20, compressione, livelli tondi, falsi breakout",1.0,1.0,True,True
f_pa_m1_outside,PRICE,False,True,"Dukascopy XAUUSD M1 → M5, M15, H1, H4, D1",chiusura della candela prima del cutoff,"price action: direzione, corpo, stoppini, posizione di chiusura, inside/outside/engulfing, massimi e minimi crescenti, sequenze, RSI, ROC, Bollinger, Donchian, EMA20, compressione, livelli tondi, falsi breakout",1.0,1.0,True,True
f_pa_m1_bull_engulf,PRICE,False,True,"Dukascopy XAUUSD M1 → M5, M15, H1, H4, D1",chiusura della candela prima del cutoff,"price action: direzione, corpo, stoppini, posizione di chiusura, inside/outside/engulfing, massimi e minimi crescenti, sequenze, RSI, ROC, Bollinger, Donchian, EMA20, compressione, livelli tondi, falsi breakout",1.0,1.0,True,True
f_pa_m1_bear_engulf,PRICE,False,True,"Dukascopy XAUUSD M1 → M5, M15, H1, H4, D1",chiusura della candela prima del cutoff,"price action: direzione, corpo, stoppini, posizione di chiusura, inside/outside/engulfing, massimi e minimi crescenti, sequenze, RSI, ROC, Bollinger, Donchian, EMA20, compressione, livelli tondi, falsi breakout",1.0,1.0,True,True
f_pa_m1_hh,PRICE,False,True,"Dukascopy XAUUSD M1 → M5, M15, H1, H4, D1",chiusura della candela prima del cutoff,"price action: direzione, corpo, stoppini, posizione di chiusura, inside/outside/engulfing, massimi e minimi crescenti, sequenze, RSI, ROC, Bollinger, Donchian, EMA20, compressione, livelli tondi, falsi breakout",1.0,1.0,True,True
f_pa_m1_ll,PRICE,False,True,"Dukascopy XAUUSD M1 → M5, M15, H1, H4, D1",chiusura della candela prima del cutoff,"price action: direzione, corpo, stoppini, posizione di chiusura, inside/outside/engulfing, massimi e minimi crescenti, sequenze, RSI, ROC, Bollinger, Donchian, EMA20, compressione, livelli tondi, falsi breakout",1.0,1.0,True,True
f_pa_m1_hl,PRICE,False,True,"Dukascopy XAUUSD M1 → M5, M15, H1, H4, D1",chiusura della candela prima del cutoff,"price action: direzione, corpo, stoppini, posizione di chiusura, inside/outside/engulfing, massimi e minimi crescenti, sequenze, RSI, ROC, Bollinger, Donchian, EMA20, compressione, livelli tondi, falsi breakout",1.0,1.0,True,True
f_pa_m1_lh,PRICE,False,True,"Dukascopy XAUUSD M1 → M5, M15, H1, H4, D1",chiusura della candela prima del cutoff,"price action: direzione, corpo, stoppini, posizione di chiusura, inside/outside/engulfing, massimi e minimi crescenti, sequenze, RSI, ROC, Bollinger, Donchian, EMA20, compressione, livelli tondi, falsi breakout",1.0,1.0,True,True
f_pa_m1_seq3,PRICE,False,True,"Dukascopy XAUUSD M1 → M5, M15, H1, H4, D1",chiusura della candela prima del cutoff,"price action: direzione, corpo, stoppini, posizione di chiusura, inside/outside/engulfing, massimi e minimi crescenti, sequenze, RSI, ROC, Bollinger, Donchian, EMA20, compressione, livelli tondi, falsi breakout",1.0,1.0,True,True
f_pa_m1_upbars5,PRICE,False,True,"Dukascopy XAUUSD M1 → M5, M15, H1, H4, D1",chiusura della candela prima del cutoff,"price action: direzione, corpo, stoppini, posizione di chiusura, inside/outside/engulfing, massimi e minimi crescenti, sequenze, RSI, ROC, Bollinger, Donchian, EMA20, compressione, livelli tondi, falsi breakout",1.0,1.0,True,True
f_pa_m1_rsi14,PRICE,False,True,"Dukascopy XAUUSD M1 → M5, M15, H1, H4, D1",chiusura della candela prima del cutoff,"price action: direzione, corpo, stoppini, posizione di chiusura, inside/outside/engulfing, massimi e minimi crescenti, sequenze, RSI, ROC, Bollinger, Donchian, EMA20, compressione, livelli tondi, falsi breakout",1.0,1.0,True,True
f_pa_m1_roc10_atr,PRICE,False,True,"Dukascopy XAUUSD M1 → M5, M15, H1, H4, D1",chiusura della candela prima del cutoff,"price action: direzione, corpo, stoppini, posizione di chiusura, inside/outside/engulfing, massimi e minimi crescenti, sequenze, RSI, ROC, Bollinger, Donchian, EMA20, compressione, livelli tondi, falsi breakout",1.0,1.0,True,True
f_pa_m1_bb_pctb,PRICE,False,True,"Dukascopy XAUUSD M1 → M5, M15, H1, H4, D1",chiusura della candela prima del cutoff,"price action: direzione, corpo, stoppini, posizione di chiusura, inside/outside/engulfing, massimi e minimi crescenti, sequenze, RSI, ROC, Bollinger, Donchian, EMA20, compressione, livelli tondi, falsi breakout",1.0,1.0,True,True
f_pa_m1_bb_width_atr,PRICE,False,True,"Dukascopy XAUUSD M1 → M5, M15, H1, H4, D1",chiusura della candela prima del cutoff,"price action: direzione, corpo, stoppini, posizione di chiusura, inside/outside/engulfing, massimi e minimi crescenti, sequenze, RSI, ROC, Bollinger, Donchian, EMA20, compressione, livelli tondi, falsi breakout",1.0,1.0,True,True
f_pa_m1_donch_pos,PRICE,False,True,"Dukascopy XAUUSD M1 → M5, M15, H1, H4, D1",chiusura della candela prima del cutoff,"price action: direzione, corpo, stoppini, posizione di chiusura, inside/outside/engulfing, massimi e minimi crescenti, sequenze, RSI, ROC, Bollinger, Donchian, EMA20, compressione, livelli tondi, falsi breakout",1.0,1.0,True,True
f_pa_m1_donch_break,PRICE,False,True,"Dukascopy XAUUSD M1 → M5, M15, H1, H4, D1",chiusura della candela prima del cutoff,"price action: direzione, corpo, stoppini, posizione di chiusura, inside/outside/engulfing, massimi e minimi crescenti, sequenze, RSI, ROC, Bollinger, Donchian, EMA20, compressione, livelli tondi, falsi breakout",1.0,1.0,True,True
f_pa_m1_ema20_dist_atr,PRICE,False,True,"Dukascopy XAUUSD M1 → M5, M15, H1, H4, D1",chiusura della candela prima del cutoff,"price action: direzione, corpo, stoppini, posizione di chiusura, inside/outside/engulfing, massimi e minimi crescenti, sequenze, RSI, ROC, Bollinger, Donchian, EMA20, compressione, livelli tondi, falsi breakout",1.0,1.0,True,True
f_pa_m1_ema20_slope_atr,PRICE,False,True,"Dukascopy XAUUSD M1 → M5, M15, H1, H4, D1",chiusura della candela prima del cutoff,"price action: direzione, corpo, stoppini, posizione di chiusura, inside/outside/engulfing, massimi e minimi crescenti, sequenze, RSI, ROC, Bollinger, Donchian, EMA20, compressione, livelli tondi, falsi breakout",1.0,1.0,True,True
f_pa_m1_compress5,PRICE,False,True,"Dukascopy XAUUSD M1 → M5, M15, H1, H4, D1",chiusura della candela prima del cutoff,"price action: direzione, corpo, stoppini, posizione di chiusura, inside/outside/engulfing, massimi e minimi crescenti, sequenze, RSI, ROC, Bollinger, Donchian, EMA20, compressione, livelli tondi, falsi breakout",1.0,1.0,True,True
f_pa_m5_b1_dir,PRICE,False,True,"Dukascopy XAUUSD M1 → M5, M15, H1, H4, D1",chiusura della candela prima del cutoff,"price action: direzione, corpo, stoppini, posizione di chiusura, inside/outside/engulfing, massimi e minimi crescenti, sequenze, RSI, ROC, Bollinger, Donchian, EMA20, compressione, livelli tondi, falsi breakout",1.0,1.0,True,True
f_pa_m5_b1_body,PRICE,False,True,"Dukascopy XAUUSD M1 → M5, M15, H1, H4, D1",chiusura della candela prima del cutoff,"price action: direzione, corpo, stoppini, posizione di chiusura, inside/outside/engulfing, massimi e minimi crescenti, sequenze, RSI, ROC, Bollinger, Donchian, EMA20, compressione, livelli tondi, falsi breakout",1.0,1.0,True,True
f_pa_m5_b1_cloc,PRICE,False,True,"Dukascopy XAUUSD M1 → M5, M15, H1, H4, D1",chiusura della candela prima del cutoff,"price action: direzione, corpo, stoppini, posizione di chiusura, inside/outside/engulfing, massimi e minimi crescenti, sequenze, RSI, ROC, Bollinger, Donchian, EMA20, compressione, livelli tondi, falsi breakout",1.0,1.0,True,True
f_pa_m5_b1_range_atr,PRICE,False,True,"Dukascopy XAUUSD M1 → M5, M15, H1, H4, D1",chiusura della candela prima del cutoff,"price action: direzione, corpo, stoppini, posizione di chiusura, inside/outside/engulfing, massimi e minimi crescenti, sequenze, RSI, ROC, Bollinger, Donchian, EMA20, compressione, livelli tondi, falsi breakout",1.0,1.0,True,True
f_pa_m5_b1_uwick,PRICE,False,True,"Dukascopy XAUUSD M1 → M5, M15, H1, H4, D1",chiusura della candela prima del cutoff,"price action: direzione, corpo, stoppini, posizione di chiusura, inside/outside/engulfing, massimi e minimi crescenti, sequenze, RSI, ROC, Bollinger, Donchian, EMA20, compressione, livelli tondi, falsi breakout",1.0,1.0,True,True
f_pa_m5_b1_lwick,PRICE,False,True,"Dukascopy XAUUSD M1 → M5, M15, H1, H4, D1",chiusura della candela prima del cutoff,"price action: direzione, corpo, stoppini, posizione di chiusura, inside/outside/engulfing, massimi e minimi crescenti, sequenze, RSI, ROC, Bollinger, Donchian, EMA20, compressione, livelli tondi, falsi breakout",1.0,1.0,True,True
f_pa_m5_b2_dir,PRICE,False,True,"Dukascopy XAUUSD M1 → M5, M15, H1, H4, D1",chiusura della candela prima del cutoff,"price action: direzione, corpo, stoppini, posizione di chiusura, inside/outside/engulfing, massimi e minimi crescenti, sequenze, RSI, ROC, Bollinger, Donchian, EMA20, compressione, livelli tondi, falsi breakout",1.0,1.0,True,True
f_pa_m5_b2_body,PRICE,False,True,"Dukascopy XAUUSD M1 → M5, M15, H1, H4, D1",chiusura della candela prima del cutoff,"price action: direzione, corpo, stoppini, posizione di chiusura, inside/outside/engulfing, massimi e minimi crescenti, sequenze, RSI, ROC, Bollinger, Donchian, EMA20, compressione, livelli tondi, falsi breakout",1.0,1.0,True,True
f_pa_m5_b2_cloc,PRICE,False,True,"Dukascopy XAUUSD M1 → M5, M15, H1, H4, D1",chiusura della candela prima del cutoff,"price action: direzione, corpo, stoppini, posizione di chiusura, inside/outside/engulfing, massimi e minimi crescenti, sequenze, RSI, ROC, Bollinger, Donchian, EMA20, compressione, livelli tondi, falsi breakout",1.0,1.0,True,True
f_pa_m5_b2_range_atr,PRICE,False,True,"Dukascopy XAUUSD M1 → M5, M15, H1, H4, D1",chiusura della candela prima del cutoff,"price action: direzione, corpo, stoppini, posizione di chiusura, inside/outside/engulfing, massimi e minimi crescenti, sequenze, RSI, ROC, Bollinger, Donchian, EMA20, compressione, livelli tondi, falsi breakout",1.0,1.0,True,True
f_pa_m5_b2_uwick,PRICE,False,True,"Dukascopy XAUUSD M1 → M5, M15, H1, H4, D1",chiusura della candela prima del cutoff,"price action: direzione, corpo, stoppini, posizione di chiusura, inside/outside/engulfing, massimi e minimi crescenti, sequenze, RSI, ROC, Bollinger, Donchian, EMA20, compressione, livelli tondi, falsi breakout",1.0,1.0,True,True
f_pa_m5_b2_lwick,PRICE,False,True,"Dukascopy XAUUSD M1 → M5, M15, H1, H4, D1",chiusura della candela prima del cutoff,"price action: direzione, corpo, stoppini, posizione di chiusura, inside/outside/engulfing, massimi e minimi crescenti, sequenze, RSI, ROC, Bollinger, Donchian, EMA20, compressione, livelli tondi, falsi breakout",1.0,1.0,True,True
f_pa_m5_b3_dir,PRICE,False,True,"Dukascopy XAUUSD M1 → M5, M15, H1, H4, D1",chiusura della candela prima del cutoff,"price action: direzione, corpo, stoppini, posizione di chiusura, inside/outside/engulfing, massimi e minimi crescenti, sequenze, RSI, ROC, Bollinger, Donchian, EMA20, compressione, livelli tondi, falsi breakout",1.0,1.0,True,True
f_pa_m5_b3_body,PRICE,False,True,"Dukascopy XAUUSD M1 → M5, M15, H1, H4, D1",chiusura della candela prima del cutoff,"price action: direzione, corpo, stoppini, posizione di chiusura, inside/outside/engulfing, massimi e minimi crescenti, sequenze, RSI, ROC, Bollinger, Donchian, EMA20, compressione, livelli tondi, falsi breakout",1.0,1.0,True,True
f_pa_m5_b3_cloc,PRICE,False,True,"Dukascopy XAUUSD M1 → M5, M15, H1, H4, D1",chiusura della candela prima del cutoff,"price action: direzione, corpo, stoppini, posizione di chiusura, inside/outside/engulfing, massimi e minimi crescenti, sequenze, RSI, ROC, Bollinger, Donchian, EMA20, compressione, livelli tondi, falsi breakout",1.0,1.0,True,True
f_pa_m5_b3_range_atr,PRICE,False,True,"Dukascopy XAUUSD M1 → M5, M15, H1, H4, D1",chiusura della candela prima del cutoff,"price action: direzione, corpo, stoppini, posizione di chiusura, inside/outside/engulfing, massimi e minimi crescenti, sequenze, RSI, ROC, Bollinger, Donchian, EMA20, compressione, livelli tondi, falsi breakout",1.0,1.0,True,True
f_pa_m5_b3_uwick,PRICE,False,True,"Dukascopy XAUUSD M1 → M5, M15, H1, H4, D1",chiusura della candela prima del cutoff,"price action: direzione, corpo, stoppini, posizione di chiusura, inside/outside/engulfing, massimi e minimi crescenti, sequenze, RSI, ROC, Bollinger, Donchian, EMA20, compressione, livelli tondi, falsi breakout",1.0,1.0,True,True
f_pa_m5_b3_lwick,PRICE,False,True,"Dukascopy XAUUSD M1 → M5, M15, H1, H4, D1",chiusura della candela prima del cutoff,"price action: direzione, corpo, stoppini, posizione di chiusura, inside/outside/engulfing, massimi e minimi crescenti, sequenze, RSI, ROC, Bollinger, Donchian, EMA20, compressione, livelli tondi, falsi breakout",1.0,1.0,True,True
f_pa_m5_inside,PRICE,False,True,"Dukascopy XAUUSD M1 → M5, M15, H1, H4, D1",chiusura della candela prima del cutoff,"price action: direzione, corpo, stoppini, posizione di chiusura, inside/outside/engulfing, massimi e minimi crescenti, sequenze, RSI, ROC, Bollinger, Donchian, EMA20, compressione, livelli tondi, falsi breakout",1.0,1.0,True,True
f_pa_m5_outside,PRICE,False,True,"Dukascopy XAUUSD M1 → M5, M15, H1, H4, D1",chiusura della candela prima del cutoff,"price action: direzione, corpo, stoppini, posizione di chiusura, inside/outside/engulfing, massimi e minimi crescenti, sequenze, RSI, ROC, Bollinger, Donchian, EMA20, compressione, livelli tondi, falsi breakout",1.0,1.0,True,True
f_pa_m5_bull_engulf,PRICE,False,True,"Dukascopy XAUUSD M1 → M5, M15, H1, H4, D1",chiusura della candela prima del cutoff,"price action: direzione, corpo, stoppini, posizione di chiusura, inside/outside/engulfing, massimi e minimi crescenti, sequenze, RSI, ROC, Bollinger, Donchian, EMA20, compressione, livelli tondi, falsi breakout",1.0,1.0,True,True
f_pa_m5_bear_engulf,PRICE,False,True,"Dukascopy XAUUSD M1 → M5, M15, H1, H4, D1",chiusura della candela prima del cutoff,"price action: direzione, corpo, stoppini, posizione di chiusura, inside/outside/engulfing, massimi e minimi crescenti, sequenze, RSI, ROC, Bollinger, Donchian, EMA20, compressione, livelli tondi, falsi breakout",1.0,1.0,True,True
f_pa_m5_hh,PRICE,False,True,"Dukascopy XAUUSD M1 → M5, M15, H1, H4, D1",chiusura della candela prima del cutoff,"price action: direzione, corpo, stoppini, posizione di chiusura, inside/outside/engulfing, massimi e minimi crescenti, sequenze, RSI, ROC, Bollinger, Donchian, EMA20, compressione, livelli tondi, falsi breakout",1.0,1.0,True,True
f_pa_m5_ll,PRICE,False,True,"Dukascopy XAUUSD M1 → M5, M15, H1, H4, D1",chiusura della candela prima del cutoff,"price action: direzione, corpo, stoppini, posizione di chiusura, inside/outside/engulfing, massimi e minimi crescenti, sequenze, RSI, ROC, Bollinger, Donchian, EMA20, compressione, livelli tondi, falsi breakout",1.0,1.0,True,True
f_pa_m5_hl,PRICE,False,True,"Dukascopy XAUUSD M1 → M5, M15, H1, H4, D1",chiusura della candela prima del cutoff,"price action: direzione, corpo, stoppini, posizione di chiusura, inside/outside/engulfing, massimi e minimi crescenti, sequenze, RSI, ROC, Bollinger, Donchian, EMA20, compressione, livelli tondi, falsi breakout",1.0,1.0,True,True
f_pa_m5_lh,PRICE,False,True,"Dukascopy XAUUSD M1 → M5, M15, H1, H4, D1",chiusura della candela prima del cutoff,"price action: direzione, corpo, stoppini, posizione di chiusura, inside/outside/engulfing, massimi e minimi crescenti, sequenze, RSI, ROC, Bollinger, Donchian, EMA20, compressione, livelli tondi, falsi breakout",1.0,1.0,True,True
f_pa_m5_seq3,PRICE,False,True,"Dukascopy XAUUSD M1 → M5, M15, H1, H4, D1",chiusura della candela prima del cutoff,"price action: direzione, corpo, stoppini, posizione di chiusura, inside/outside/engulfing, massimi e minimi crescenti, sequenze, RSI, ROC, Bollinger, Donchian, EMA20, compressione, livelli tondi, falsi breakout",1.0,1.0,True,True
f_pa_m5_upbars5,PRICE,False,True,"Dukascopy XAUUSD M1 → M5, M15, H1, H4, D1",chiusura della candela prima del cutoff,"price action: direzione, corpo, stoppini, posizione di chiusura, inside/outside/engulfing, massimi e minimi crescenti, sequenze, RSI, ROC, Bollinger, Donchian, EMA20, compressione, livelli tondi, falsi breakout",1.0,1.0,True,True
f_pa_m5_rsi14,PRICE,False,True,"Dukascopy XAUUSD M1 → M5, M15, H1, H4, D1",chiusura della candela prima del cutoff,"price action: direzione, corpo, stoppini, posizione di chiusura, inside/outside/engulfing, massimi e minimi crescenti, sequenze, RSI, ROC, Bollinger, Donchian, EMA20, compressione, livelli tondi, falsi breakout",1.0,1.0,True,True
f_pa_m5_roc10_atr,PRICE,False,True,"Dukascopy XAUUSD M1 → M5, M15, H1, H4, D1",chiusura della candela prima del cutoff,"price action: direzione, corpo, stoppini, posizione di chiusura, inside/outside/engulfing, massimi e minimi crescenti, sequenze, RSI, ROC, Bollinger, Donchian, EMA20, compressione, livelli tondi, falsi breakout",1.0,1.0,True,True
f_pa_m5_bb_pctb,PRICE,False,True,"Dukascopy XAUUSD M1 → M5, M15, H1, H4, D1",chiusura della candela prima del cutoff,"price action: direzione, corpo, stoppini, posizione di chiusura, inside/outside/engulfing, massimi e minimi crescenti, sequenze, RSI, ROC, Bollinger, Donchian, EMA20, compressione, livelli tondi, falsi breakout",1.0,1.0,True,True
f_pa_m5_bb_width_atr,PRICE,False,True,"Dukascopy XAUUSD M1 → M5, M15, H1, H4, D1",chiusura della candela prima del cutoff,"price action: direzione, corpo, stoppini, posizione di chiusura, inside/outside/engulfing, massimi e minimi crescenti, sequenze, RSI, ROC, Bollinger, Donchian, EMA20, compressione, livelli tondi, falsi breakout",1.0,1.0,True,True
f_pa_m5_donch_pos,PRICE,False,True,"Dukascopy XAUUSD M1 → M5, M15, H1, H4, D1",chiusura della candela prima del cutoff,"price action: direzione, corpo, stoppini, posizione di chiusura, inside/outside/engulfing, massimi e minimi crescenti, sequenze, RSI, ROC, Bollinger, Donchian, EMA20, compressione, livelli tondi, falsi breakout",1.0,1.0,True,True
f_pa_m5_donch_break,PRICE,False,True,"Dukascopy XAUUSD M1 → M5, M15, H1, H4, D1",chiusura della candela prima del cutoff,"price action: direzione, corpo, stoppini, posizione di chiusura, inside/outside/engulfing, massimi e minimi crescenti, sequenze, RSI, ROC, Bollinger, Donchian, EMA20, compressione, livelli tondi, falsi breakout",1.0,1.0,True,True
f_pa_m5_ema20_dist_atr,PRICE,False,True,"Dukascopy XAUUSD M1 → M5, M15, H1, H4, D1",chiusura della candela prima del cutoff,"price action: direzione, corpo, stoppini, posizione di chiusura, inside/outside/engulfing, massimi e minimi crescenti, sequenze, RSI, ROC, Bollinger, Donchian, EMA20, compressione, livelli tondi, falsi breakout",1.0,1.0,True,True
f_pa_m5_ema20_slope_atr,PRICE,False,True,"Dukascopy XAUUSD M1 → M5, M15, H1, H4, D1",chiusura della candela prima del cutoff,"price action: direzione, corpo, stoppini, posizione di chiusura, inside/outside/engulfing, massimi e minimi crescenti, sequenze, RSI, ROC, Bollinger, Donchian, EMA20, compressione, livelli tondi, falsi breakout",1.0,1.0,True,True
f_pa_m5_compress5,PRICE,False,True,"Dukascopy XAUUSD M1 → M5, M15, H1, H4, D1",chiusura della candela prima del cutoff,"price action: direzione, corpo, stoppini, posizione di chiusura, inside/outside/engulfing, massimi e minimi crescenti, sequenze, RSI, ROC, Bollinger, Donchian, EMA20, compressione, livelli tondi, falsi breakout",1.0,1.0,True,True
f_pa_m15_b1_dir,PRICE,False,True,"Dukascopy XAUUSD M1 → M5, M15, H1, H4, D1",chiusura della candela prima del cutoff,"price action: direzione, corpo, stoppini, posizione di chiusura, inside/outside/engulfing, massimi e minimi crescenti, sequenze, RSI, ROC, Bollinger, Donchian, EMA20, compressione, livelli tondi, falsi breakout",1.0,1.0,True,True
f_pa_m15_b1_body,PRICE,False,True,"Dukascopy XAUUSD M1 → M5, M15, H1, H4, D1",chiusura della candela prima del cutoff,"price action: direzione, corpo, stoppini, posizione di chiusura, inside/outside/engulfing, massimi e minimi crescenti, sequenze, RSI, ROC, Bollinger, Donchian, EMA20, compressione, livelli tondi, falsi breakout",1.0,1.0,True,True
f_pa_m15_b1_cloc,PRICE,False,True,"Dukascopy XAUUSD M1 → M5, M15, H1, H4, D1",chiusura della candela prima del cutoff,"price action: direzione, corpo, stoppini, posizione di chiusura, inside/outside/engulfing, massimi e minimi crescenti, sequenze, RSI, ROC, Bollinger, Donchian, EMA20, compressione, livelli tondi, falsi breakout",1.0,1.0,True,True
f_pa_m15_b1_range_atr,PRICE,False,True,"Dukascopy XAUUSD M1 → M5, M15, H1, H4, D1",chiusura della candela prima del cutoff,"price action: direzione, corpo, stoppini, posizione di chiusura, inside/outside/engulfing, massimi e minimi crescenti, sequenze, RSI, ROC, Bollinger, Donchian, EMA20, compressione, livelli tondi, falsi breakout",1.0,1.0,True,True
f_pa_m15_b1_uwick,PRICE,False,True,"Dukascopy XAUUSD M1 → M5, M15, H1, H4, D1",chiusura della candela prima del cutoff,"price action: direzione, corpo, stoppini, posizione di chiusura, inside/outside/engulfing, massimi e minimi crescenti, sequenze, RSI, ROC, Bollinger, Donchian, EMA20, compressione, livelli tondi, falsi breakout",1.0,1.0,True,True
f_pa_m15_b1_lwick,PRICE,False,True,"Dukascopy XAUUSD M1 → M5, M15, H1, H4, D1",chiusura della candela prima del cutoff,"price action: direzione, corpo, stoppini, posizione di chiusura, inside/outside/engulfing, massimi e minimi crescenti, sequenze, RSI, ROC, Bollinger, Donchian, EMA20, compressione, livelli tondi, falsi breakout",1.0,1.0,True,True
f_pa_m15_b2_dir,PRICE,False,True,"Dukascopy XAUUSD M1 → M5, M15, H1, H4, D1",chiusura della candela prima del cutoff,"price action: direzione, corpo, stoppini, posizione di chiusura, inside/outside/engulfing, massimi e minimi crescenti, sequenze, RSI, ROC, Bollinger, Donchian, EMA20, compressione, livelli tondi, falsi breakout",1.0,1.0,True,True
f_pa_m15_b2_body,PRICE,False,True,"Dukascopy XAUUSD M1 → M5, M15, H1, H4, D1",chiusura della candela prima del cutoff,"price action: direzione, corpo, stoppini, posizione di chiusura, inside/outside/engulfing, massimi e minimi crescenti, sequenze, RSI, ROC, Bollinger, Donchian, EMA20, compressione, livelli tondi, falsi breakout",1.0,1.0,True,True
f_pa_m15_b2_cloc,PRICE,False,True,"Dukascopy XAUUSD M1 → M5, M15, H1, H4, D1",chiusura della candela prima del cutoff,"price action: direzione, corpo, stoppini, posizione di chiusura, inside/outside/engulfing, massimi e minimi crescenti, sequenze, RSI, ROC, Bollinger, Donchian, EMA20, compressione, livelli tondi, falsi breakout",1.0,1.0,True,True
f_pa_m15_b2_range_atr,PRICE,False,True,"Dukascopy XAUUSD M1 → M5, M15, H1, H4, D1",chiusura della candela prima del cutoff,"price action: direzione, corpo, stoppini, posizione di chiusura, inside/outside/engulfing, massimi e minimi crescenti, sequenze, RSI, ROC, Bollinger, Donchian, EMA20, compressione, livelli tondi, falsi breakout",1.0,1.0,True,True
f_pa_m15_b2_uwick,PRICE,False,True,"Dukascopy XAUUSD M1 → M5, M15, H1, H4, D1",chiusura della candela prima del cutoff,"price action: direzione, corpo, stoppini, posizione di chiusura, inside/outside/engulfing, massimi e minimi crescenti, sequenze, RSI, ROC, Bollinger, Donchian, EMA20, compressione, livelli tondi, falsi breakout",1.0,1.0,True,True
f_pa_m15_b2_lwick,PRICE,False,True,"Dukascopy XAUUSD M1 → M5, M15, H1, H4, D1",chiusura della candela prima del cutoff,"price action: direzione, corpo, stoppini, posizione di chiusura, inside/outside/engulfing, massimi e minimi crescenti, sequenze, RSI, ROC, Bollinger, Donchian, EMA20, compressione, livelli tondi, falsi breakout",1.0,1.0,True,True
f_pa_m15_b3_dir,PRICE,False,True,"Dukascopy XAUUSD M1 → M5, M15, H1, H4, D1",chiusura della candela prima del cutoff,"price action: direzione, corpo, stoppini, posizione di chiusura, inside/outside/engulfing, massimi e minimi crescenti, sequenze, RSI, ROC, Bollinger, Donchian, EMA20, compressione, livelli tondi, falsi breakout",1.0,1.0,True,True
f_pa_m15_b3_body,PRICE,False,True,"Dukascopy XAUUSD M1 → M5, M15, H1, H4, D1",chiusura della candela prima del cutoff,"price action: direzione, corpo, stoppini, posizione di chiusura, inside/outside/engulfing, massimi e minimi crescenti, sequenze, RSI, ROC, Bollinger, Donchian, EMA20, compressione, livelli tondi, falsi breakout",1.0,1.0,True,True
f_pa_m15_b3_cloc,PRICE,False,True,"Dukascopy XAUUSD M1 → M5, M15, H1, H4, D1",chiusura della candela prima del cutoff,"price action: direzione, corpo, stoppini, posizione di chiusura, inside/outside/engulfing, massimi e minimi crescenti, sequenze, RSI, ROC, Bollinger, Donchian, EMA20, compressione, livelli tondi, falsi breakout",1.0,1.0,True,True
f_pa_m15_b3_range_atr,PRICE,False,True,"Dukascopy XAUUSD M1 → M5, M15, H1, H4, D1",chiusura della candela prima del cutoff,"price action: direzione, corpo, stoppini, posizione di chiusura, inside/outside/engulfing, massimi e minimi crescenti, sequenze, RSI, ROC, Bollinger, Donchian, EMA20, compressione, livelli tondi, falsi breakout",1.0,1.0,True,True
f_pa_m15_b3_uwick,PRICE,False,True,"Dukascopy XAUUSD M1 → M5, M15, H1, H4, D1",chiusura della candela prima del cutoff,"price action: direzione, corpo, stoppini, posizione di chiusura, inside/outside/engulfing, massimi e minimi crescenti, sequenze, RSI, ROC, Bollinger, Donchian, EMA20, compressione, livelli tondi, falsi breakout",1.0,1.0,True,True
f_pa_m15_b3_lwick,PRICE,False,True,"Dukascopy XAUUSD M1 → M5, M15, H1, H4, D1",chiusura della candela prima del cutoff,"price action: direzione, corpo, stoppini, posizione di chiusura, inside/outside/engulfing, massimi e minimi crescenti, sequenze, RSI, ROC, Bollinger, Donchian, EMA20, compressione, livelli tondi, falsi breakout",1.0,1.0,True,True
f_pa_m15_inside,PRICE,False,True,"Dukascopy XAUUSD M1 → M5, M15, H1, H4, D1",chiusura della candela prima del cutoff,"price action: direzione, corpo, stoppini, posizione di chiusura, inside/outside/engulfing, massimi e minimi crescenti, sequenze, RSI, ROC, Bollinger, Donchian, EMA20, compressione, livelli tondi, falsi breakout",1.0,1.0,True,True
f_pa_m15_outside,PRICE,False,True,"Dukascopy XAUUSD M1 → M5, M15, H1, H4, D1",chiusura della candela prima del cutoff,"price action: direzione, corpo, stoppini, posizione di chiusura, inside/outside/engulfing, massimi e minimi crescenti, sequenze, RSI, ROC, Bollinger, Donchian, EMA20, compressione, livelli tondi, falsi breakout",1.0,1.0,True,True
f_pa_m15_bull_engulf,PRICE,False,True,"Dukascopy XAUUSD M1 → M5, M15, H1, H4, D1",chiusura della candela prima del cutoff,"price action: direzione, corpo, stoppini, posizione di chiusura, inside/outside/engulfing, massimi e minimi crescenti, sequenze, RSI, ROC, Bollinger, Donchian, EMA20, compressione, livelli tondi, falsi breakout",1.0,1.0,True,True
f_pa_m15_bear_engulf,PRICE,False,True,"Dukascopy XAUUSD M1 → M5, M15, H1, H4, D1",chiusura della candela prima del cutoff,"price action: direzione, corpo, stoppini, posizione di chiusura, inside/outside/engulfing, massimi e minimi crescenti, sequenze, RSI, ROC, Bollinger, Donchian, EMA20, compressione, livelli tondi, falsi breakout",1.0,1.0,True,True
f_pa_m15_hh,PRICE,False,True,"Dukascopy XAUUSD M1 → M5, M15, H1, H4, D1",chiusura della candela prima del cutoff,"price action: direzione, corpo, stoppini, posizione di chiusura, inside/outside/engulfing, massimi e minimi crescenti, sequenze, RSI, ROC, Bollinger, Donchian, EMA20, compressione, livelli tondi, falsi breakout",1.0,1.0,True,True
f_pa_m15_ll,PRICE,False,True,"Dukascopy XAUUSD M1 → M5, M15, H1, H4, D1",chiusura della candela prima del cutoff,"price action: direzione, corpo, stoppini, posizione di chiusura, inside/outside/engulfing, massimi e minimi crescenti, sequenze, RSI, ROC, Bollinger, Donchian, EMA20, compressione, livelli tondi, falsi breakout",1.0,1.0,True,True
f_pa_m15_hl,PRICE,False,True,"Dukascopy XAUUSD M1 → M5, M15, H1, H4, D1",chiusura della candela prima del cutoff,"price action: direzione, corpo, stoppini, posizione di chiusura, inside/outside/engulfing, massimi e minimi crescenti, sequenze, RSI, ROC, Bollinger, Donchian, EMA20, compressione, livelli tondi, falsi breakout",1.0,1.0,True,True
f_pa_m15_lh,PRICE,False,True,"Dukascopy XAUUSD M1 → M5, M15, H1, H4, D1",chiusura della candela prima del cutoff,"price action: direzione, corpo, stoppini, posizione di chiusura, inside/outside/engulfing, massimi e minimi crescenti, sequenze, RSI, ROC, Bollinger, Donchian, EMA20, compressione, livelli tondi, falsi breakout",1.0,1.0,True,True
f_pa_m15_seq3,PRICE,False,True,"Dukascopy XAUUSD M1 → M5, M15, H1, H4, D1",chiusura della candela prima del cutoff,"price action: direzione, corpo, stoppini, posizione di chiusura, inside/outside/engulfing, massimi e minimi crescenti, sequenze, RSI, ROC, Bollinger, Donchian, EMA20, compressione, livelli tondi, falsi breakout",1.0,1.0,True,True
f_pa_m15_upbars5,PRICE,False,True,"Dukascopy XAUUSD M1 → M5, M15, H1, H4, D1",chiusura della candela prima del cutoff,"price action: direzione, corpo, stoppini, posizione di chiusura, inside/outside/engulfing, massimi e minimi crescenti, sequenze, RSI, ROC, Bollinger, Donchian, EMA20, compressione, livelli tondi, falsi breakout",1.0,1.0,True,True
f_pa_m15_rsi14,PRICE,False,True,"Dukascopy XAUUSD M1 → M5, M15, H1, H4, D1",chiusura della candela prima del cutoff,"price action: direzione, corpo, stoppini, posizione di chiusura, inside/outside/engulfing, massimi e minimi crescenti, sequenze, RSI, ROC, Bollinger, Donchian, EMA20, compressione, livelli tondi, falsi breakout",1.0,1.0,True,True
f_pa_m15_roc10_atr,PRICE,False,True,"Dukascopy XAUUSD M1 → M5, M15, H1, H4, D1",chiusura della candela prima del cutoff,"price action: direzione, corpo, stoppini, posizione di chiusura, inside/outside/engulfing, massimi e minimi crescenti, sequenze, RSI, ROC, Bollinger, Donchian, EMA20, compressione, livelli tondi, falsi breakout",1.0,1.0,True,True
f_pa_m15_bb_pctb,PRICE,False,True,"Dukascopy XAUUSD M1 → M5, M15, H1, H4, D1",chiusura della candela prima del cutoff,"price action: direzione, corpo, stoppini, posizione di chiusura, inside/outside/engulfing, massimi e minimi crescenti, sequenze, RSI, ROC, Bollinger, Donchian, EMA20, compressione, livelli tondi, falsi breakout",1.0,1.0,True,True
f_pa_m15_bb_width_atr,PRICE,False,True,"Dukascopy XAUUSD M1 → M5, M15, H1, H4, D1",chiusura della candela prima del cutoff,"price action: direzione, corpo, stoppini, posizione di chiusura, inside/outside/engulfing, massimi e minimi crescenti, sequenze, RSI, ROC, Bollinger, Donchian, EMA20, compressione, livelli tondi, falsi breakout",1.0,1.0,True,True
f_pa_m15_donch_pos,PRICE,False,True,"Dukascopy XAUUSD M1 → M5, M15, H1, H4, D1",chiusura della candela prima del cutoff,"price action: direzione, corpo, stoppini, posizione di chiusura, inside/outside/engulfing, massimi e minimi crescenti, sequenze, RSI, ROC, Bollinger, Donchian, EMA20, compressione, livelli tondi, falsi breakout",1.0,1.0,True,True
f_pa_m15_donch_break,PRICE,False,True,"Dukascopy XAUUSD M1 → M5, M15, H1, H4, D1",chiusura della candela prima del cutoff,"price action: direzione, corpo, stoppini, posizione di chiusura, inside/outside/engulfing, massimi e minimi crescenti, sequenze, RSI, ROC, Bollinger, Donchian, EMA20, compressione, livelli tondi, falsi breakout",1.0,1.0,True,True
f_pa_m15_ema20_dist_atr,PRICE,False,True,"Dukascopy XAUUSD M1 → M5, M15, H1, H4, D1",chiusura della candela prima del cutoff,"price action: direzione, corpo, stoppini, posizione di chiusura, inside/outside/engulfing, massimi e minimi crescenti, sequenze, RSI, ROC, Bollinger, Donchian, EMA20, compressione, livelli tondi, falsi breakout",1.0,1.0,True,True
f_pa_m15_ema20_slope_atr,PRICE,False,True,"Dukascopy XAUUSD M1 → M5, M15, H1, H4, D1",chiusura della candela prima del cutoff,"price action: direzione, corpo, stoppini, posizione di chiusura, inside/outside/engulfing, massimi e minimi crescenti, sequenze, RSI, ROC, Bollinger, Donchian, EMA20, compressione, livelli tondi, falsi breakout",1.0,1.0,True,True
f_pa_m15_compress5,PRICE,False,True,"Dukascopy XAUUSD M1 → M5, M15, H1, H4, D1",chiusura della candela prima del cutoff,"price action: direzione, corpo, stoppini, posizione di chiusura, inside/outside/engulfing, massimi e minimi crescenti, sequenze, RSI, ROC, Bollinger, Donchian, EMA20, compressione, livelli tondi, falsi breakout",1.0,1.0,True,True
f_pa_range_5m_atrh,PRICE,False,True,"Dukascopy XAUUSD M1 → M5, M15, H1, H4, D1",chiusura della candela prima del cutoff,"price action: direzione, corpo, stoppini, posizione di chiusura, inside/outside/engulfing, massimi e minimi crescenti, sequenze, RSI, ROC, Bollinger, Donchian, EMA20, compressione, livelli tondi, falsi breakout",0.987,0.987,True,True
f_pa_range_15m_atrh,PRICE,False,True,"Dukascopy XAUUSD M1 → M5, M15, H1, H4, D1",chiusura della candela prima del cutoff,"price action: direzione, corpo, stoppini, posizione di chiusura, inside/outside/engulfing, massimi e minimi crescenti, sequenze, RSI, ROC, Bollinger, Donchian, EMA20, compressione, livelli tondi, falsi breakout",0.987,0.987,True,True
f_pa_range_30m_atrh,PRICE,False,True,"Dukascopy XAUUSD M1 → M5, M15, H1, H4, D1",chiusura della candela prima del cutoff,"price action: direzione, corpo, stoppini, posizione di chiusura, inside/outside/engulfing, massimi e minimi crescenti, sequenze, RSI, ROC, Bollinger, Donchian, EMA20, compressione, livelli tondi, falsi breakout",0.987,0.987,True,True
f_pa_range_60m_atrh,PRICE,False,True,"Dukascopy XAUUSD M1 → M5, M15, H1, H4, D1",chiusura della candela prima del cutoff,"price action: direzione, corpo, stoppini, posizione di chiusura, inside/outside/engulfing, massimi e minimi crescenti, sequenze, RSI, ROC, Bollinger, Donchian, EMA20, compressione, livelli tondi, falsi breakout",0.987,0.987,True,True
f_pa_dist_round10_atrh,PRICE,False,True,"Dukascopy XAUUSD M1 → M5, M15, H1, H4, D1",chiusura della candela prima del cutoff,"price action: direzione, corpo, stoppini, posizione di chiusura, inside/outside/engulfing, massimi e minimi crescenti, sequenze, RSI, ROC, Bollinger, Donchian, EMA20, compressione, livelli tondi, falsi breakout",1.0,1.0,True,True
f_pa_dist_round50_atrh,PRICE,False,True,"Dukascopy XAUUSD M1 → M5, M15, H1, H4, D1",chiusura della candela prima del cutoff,"price action: direzione, corpo, stoppini, posizione di chiusura, inside/outside/engulfing, massimi e minimi crescenti, sequenze, RSI, ROC, Bollinger, Donchian, EMA20, compressione, livelli tondi, falsi breakout",1.0,1.0,True,True
f_pa_false_break_up_1h,PRICE,False,True,"Dukascopy XAUUSD M1 → M5, M15, H1, H4, D1",chiusura della candela prima del cutoff,"price action: direzione, corpo, stoppini, posizione di chiusura, inside/outside/engulfing, massimi e minimi crescenti, sequenze, RSI, ROC, Bollinger, Donchian, EMA20, compressione, livelli tondi, falsi breakout",0.987,0.987,True,True
f_pa_false_break_dn_1h,PRICE,False,True,"Dukascopy XAUUSD M1 → M5, M15, H1, H4, D1",chiusura della candela prima del cutoff,"price action: direzione, corpo, stoppini, posizione di chiusura, inside/outside/engulfing, massimi e minimi crescenti, sequenze, RSI, ROC, Bollinger, Donchian, EMA20, compressione, livelli tondi, falsi breakout",0.987,0.987,True,True
f_pa_break_up_1h,PRICE,False,True,"Dukascopy XAUUSD M1 → M5, M15, H1, H4, D1",chiusura della candela prima del cutoff,"price action: direzione, corpo, stoppini, posizione di chiusura, inside/outside/engulfing, massimi e minimi crescenti, sequenze, RSI, ROC, Bollinger, Donchian, EMA20, compressione, livelli tondi, falsi breakout",0.987,0.987,True,True
f_pa_break_dn_1h,PRICE,False,True,"Dukascopy XAUUSD M1 → M5, M15, H1, H4, D1",chiusura della candela prima del cutoff,"price action: direzione, corpo, stoppini, posizione di chiusura, inside/outside/engulfing, massimi e minimi crescenti, sequenze, RSI, ROC, Bollinger, Donchian, EMA20, compressione, livelli tondi, falsi breakout",0.987,0.987,True,True
f_xm_eur_ret_15m_pct,DXYFX,False,False,"Dukascopy EURUSD, USDJPY, USA500, USATECH M1",chiusura della candela,rendimenti 15/60/240/1440 min e range dell'ultima ora dei mercati incrociati,1.0,1.0,True,True
f_xm_eur_ret_60m_pct,DXYFX,False,False,"Dukascopy EURUSD, USDJPY, USA500, USATECH M1",chiusura della candela,rendimenti 15/60/240/1440 min e range dell'ultima ora dei mercati incrociati,1.0,1.0,True,True
f_xm_eur_ret_240m_pct,DXYFX,False,False,"Dukascopy EURUSD, USDJPY, USA500, USATECH M1",chiusura della candela,rendimenti 15/60/240/1440 min e range dell'ultima ora dei mercati incrociati,1.0,1.0,True,True
f_xm_eur_ret_1440m_pct,DXYFX,False,False,"Dukascopy EURUSD, USDJPY, USA500, USATECH M1",chiusura della candela,rendimenti 15/60/240/1440 min e range dell'ultima ora dei mercati incrociati,1.0,1.0,True,True
f_xm_eur_range_60m_pct,DXYFX,False,False,"Dukascopy EURUSD, USDJPY, USA500, USATECH M1",chiusura della candela,rendimenti 15/60/240/1440 min e range dell'ultima ora dei mercati incrociati,1.0,1.0,True,True
f_xm_jpy_ret_15m_pct,DXYFX,False,False,"Dukascopy EURUSD, USDJPY, USA500, USATECH M1",chiusura della candela,rendimenti 15/60/240/1440 min e range dell'ultima ora dei mercati incrociati,1.0,1.0,True,True
f_xm_jpy_ret_60m_pct,DXYFX,False,False,"Dukascopy EURUSD, USDJPY, USA500, USATECH M1",chiusura della candela,rendimenti 15/60/240/1440 min e range dell'ultima ora dei mercati incrociati,1.0,1.0,True,True
f_xm_jpy_ret_240m_pct,DXYFX,False,False,"Dukascopy EURUSD, USDJPY, USA500, USATECH M1",chiusura della candela,rendimenti 15/60/240/1440 min e range dell'ultima ora dei mercati incrociati,1.0,1.0,True,True
f_xm_jpy_ret_1440m_pct,DXYFX,False,False,"Dukascopy EURUSD, USDJPY, USA500, USATECH M1",chiusura della candela,rendimenti 15/60/240/1440 min e range dell'ultima ora dei mercati incrociati,1.0,1.0,True,True
f_xm_jpy_range_60m_pct,DXYFX,False,False,"Dukascopy EURUSD, USDJPY, USA500, USATECH M1",chiusura della candela,rendimenti 15/60/240/1440 min e range dell'ultima ora dei mercati incrociati,1.0,1.0,True,True
f_rel_xau_dxy_corr_5d,DXYFX,False,False,Dukascopy + Treasury,chiusura della candela / D 18:00 ET,"correlazioni e beta oro-dollaro, oro-azionario, oro-tassi; divergenze",1.0,1.0,True,True
f_rel_xau_dxy_beta_5d,DXYFX,False,False,Dukascopy + Treasury,chiusura della candela / D 18:00 ET,"correlazioni e beta oro-dollaro, oro-azionario, oro-tassi; divergenze",1.0,1.0,True,True
f_rel_xau_dxy_corr_20d,DXYFX,False,False,Dukascopy + Treasury,chiusura della candela / D 18:00 ET,"correlazioni e beta oro-dollaro, oro-azionario, oro-tassi; divergenze",1.0,1.0,True,True
f_rel_xau_dxy_beta_20d,DXYFX,False,False,Dukascopy + Treasury,chiusura della candela / D 18:00 ET,"correlazioni e beta oro-dollaro, oro-azionario, oro-tassi; divergenze",1.0,1.0,True,True
f_rel_xau_dxy_div_24h_pct,DXYFX,False,False,Dukascopy + Treasury,chiusura della candela / D 18:00 ET,"correlazioni e beta oro-dollaro, oro-azionario, oro-tassi; divergenze",1.0,1.0,True,True
f_rel_xau_2y_corr_60d,RATES,False,False,Dukascopy + Treasury,chiusura della candela / D 18:00 ET,"correlazioni e beta oro-dollaro, oro-azionario, oro-tassi; divergenze",1.0,1.0,True,True
f_rel_xau_real10y_corr_60d,RATES,False,False,Dukascopy + Treasury,chiusura della candela / D 18:00 ET,"correlazioni e beta oro-dollaro, oro-azionario, oro-tassi; divergenze",1.0,1.0,True,True
f_rt_be5y,RATES,False,False,U.S. Treasury,D 18:00 ET,"breakeven 5Y/10Y, 5s30s, z-score e percentili dei tassi",1.0,1.0,True,True
f_rt_be5y_chg_5d,RATES,False,False,U.S. Treasury,D 18:00 ET,"breakeven 5Y/10Y, 5s30s, z-score e percentili dei tassi",1.0,1.0,True,True
f_rt_be5y_chg_20d,RATES,False,False,U.S. Treasury,D 18:00 ET,"breakeven 5Y/10Y, 5s30s, z-score e percentili dei tassi",1.0,1.0,True,True
f_rt_be10y,RATES,False,False,U.S. Treasury,D 18:00 ET,"breakeven 5Y/10Y, 5s30s, z-score e percentili dei tassi",1.0,1.0,True,True
f_rt_be10y_chg_5d,RATES,False,False,U.S. Treasury,D 18:00 ET,"breakeven 5Y/10Y, 5s30s, z-score e percentili dei tassi",1.0,1.0,True,True
f_rt_be10y_chg_20d,RATES,False,False,U.S. Treasury,D 18:00 ET,"breakeven 5Y/10Y, 5s30s, z-score e percentili dei tassi",1.0,1.0,True,True
f_rt_slope_5s30s,RATES,False,False,U.S. Treasury,D 18:00 ET,"breakeven 5Y/10Y, 5s30s, z-score e percentili dei tassi",1.0,1.0,True,True
f_rt_y2y_z1y,RATES,False,False,U.S. Treasury,D 18:00 ET,"breakeven 5Y/10Y, 5s30s, z-score e percentili dei tassi",1.0,1.0,True,True
f_rt_y2y_pct1y,RATES,False,False,U.S. Treasury,D 18:00 ET,"breakeven 5Y/10Y, 5s30s, z-score e percentili dei tassi",1.0,1.0,True,True
f_rt_y10y_z1y,RATES,False,False,U.S. Treasury,D 18:00 ET,"breakeven 5Y/10Y, 5s30s, z-score e percentili dei tassi",1.0,1.0,True,True
f_rt_y10y_pct1y,RATES,False,False,U.S. Treasury,D 18:00 ET,"breakeven 5Y/10Y, 5s30s, z-score e percentili dei tassi",1.0,1.0,True,True
f_rt_r10y_z1y,RATES,False,False,U.S. Treasury,D 18:00 ET,"breakeven 5Y/10Y, 5s30s, z-score e percentili dei tassi",1.0,1.0,True,True
f_rt_r10y_pct1y,RATES,False,False,U.S. Treasury,D 18:00 ET,"breakeven 5Y/10Y, 5s30s, z-score e percentili dei tassi",1.0,1.0,True,True
f_rt_vix_z1y,VOLRISK,False,False,Cboe,D 17:00 ET,VIX in z-score a un anno,1.0,1.0,True,True
f_news_epu_ma7,VOLRISK,False,False,EPU / GPR,"EPU D+2, GPR D+8",incertezza politica e rischio geopolitico dal testo dei giornali,1.0,1.0,True,True
f_news_epu_pct1y,VOLRISK,False,False,EPU / GPR,"EPU D+2, GPR D+8",incertezza politica e rischio geopolitico dal testo dei giornali,1.0,1.0,True,True
f_news_epu_chg_30d,VOLRISK,False,False,EPU / GPR,"EPU D+2, GPR D+8",incertezza politica e rischio geopolitico dal testo dei giornali,1.0,1.0,True,True
f_news_gpr_ma7,VOLRISK,False,False,EPU / GPR,"EPU D+2, GPR D+8",incertezza politica e rischio geopolitico dal testo dei giornali,1.0,1.0,True,True
f_news_gpr_pct1y,VOLRISK,False,False,EPU / GPR,"EPU D+2, GPR D+8",incertezza politica e rischio geopolitico dal testo dei giornali,1.0,1.0,True,True
f_news_gpr_chg_30d,VOLRISK,False,False,EPU / GPR,"EPU D+2, GPR D+8",incertezza politica e rischio geopolitico dal testo dei giornali,1.0,1.0,True,True
f_news_gpr_threat_ma7,VOLRISK,False,False,EPU / GPR,"EPU D+2, GPR D+8",incertezza politica e rischio geopolitico dal testo dei giornali,1.0,1.0,True,True
f_news_gpr_threat_pct1y,VOLRISK,False,False,EPU / GPR,"EPU D+2, GPR D+8",incertezza politica e rischio geopolitico dal testo dei giornali,1.0,1.0,True,True
f_news_gpr_threat_chg_30d,VOLRISK,False,False,EPU / GPR,"EPU D+2, GPR D+8",incertezza politica e rischio geopolitico dal testo dei giornali,1.0,1.0,True,True
f_news_gpr_act_ma7,VOLRISK,False,False,EPU / GPR,"EPU D+2, GPR D+8",incertezza politica e rischio geopolitico dal testo dei giornali,1.0,1.0,True,True
f_news_gpr_act_pct1y,VOLRISK,False,False,EPU / GPR,"EPU D+2, GPR D+8",incertezza politica e rischio geopolitico dal testo dei giornali,1.0,1.0,True,True
f_news_gpr_act_chg_30d,VOLRISK,False,False,EPU / GPR,"EPU D+2, GPR D+8",incertezza politica e rischio geopolitico dal testo dei giornali,1.0,1.0,True,True
f_cal_weekday,CAL,False,False,calendario BLS/Fed/ForexFactory,noto in anticipo,"giorni dall'ultimo e al prossimo FOMC, altre news ad alto impatto vicine, mese, settimana",1.0,1.0,True,True
f_cal_month,CAL,False,False,calendario BLS/Fed/ForexFactory,noto in anticipo,"giorni dall'ultimo e al prossimo FOMC, altre news ad alto impatto vicine, mese, settimana",1.0,1.0,True,True
f_cal_days_since_fomc,CAL,True,False,calendario BLS/Fed/ForexFactory,noto in anticipo,"giorni dall'ultimo e al prossimo FOMC, altre news ad alto impatto vicine, mese, settimana",1.0,1.0,True,True
f_cal_days_to_fomc,CAL,True,False,calendario BLS/Fed/ForexFactory,noto in anticipo,"giorni dall'ultimo e al prossimo FOMC, altre news ad alto impatto vicine, mese, settimana",1.0,1.0,True,True
f_cal_days_to_month_end,CAL,False,False,calendario BLS/Fed/ForexFactory,noto in anticipo,"giorni dall'ultimo e al prossimo FOMC, altre news ad alto impatto vicine, mese, settimana",1.0,1.0,True,True
f_cal_high_same_day,CAL,False,False,calendario BLS/Fed/ForexFactory,noto in anticipo,"giorni dall'ultimo e al prossimo FOMC, altre news ad alto impatto vicine, mese, settimana",1.0,1.0,True,True
f_cal_high_same_time,CAL,False,False,calendario BLS/Fed/ForexFactory,noto in anticipo,"giorni dall'ultimo e al prossimo FOMC, altre news ad alto impatto vicine, mese, settimana",1.0,1.0,True,True
f_cal_high_prev24h,CAL,False,False,calendario BLS/Fed/ForexFactory,noto in anticipo,"giorni dall'ultimo e al prossimo FOMC, altre news ad alto impatto vicine, mese, settimana",1.0,1.0,True,True
f_cal_is_nfp,CAL,False,False,calendario BLS/Fed/ForexFactory,noto in anticipo,"giorni dall'ultimo e al prossimo FOMC, altre news ad alto impatto vicine, mese, settimana",1.0,1.0,True,True
f_surp_claims_last,MACRO,False,False,storico ForexFactory (prime stampe verificate con BLS),release + 60 s,"memoria delle sorprese di 18 serie: ultima, media di 3, serie dello stesso segno, giorni; indice hawkish",1.0,1.0,True,True
f_surp_claims_mean3,MACRO,False,False,storico ForexFactory (prime stampe verificate con BLS),release + 60 s,"memoria delle sorprese di 18 serie: ultima, media di 3, serie dello stesso segno, giorni; indice hawkish",1.0,1.0,True,True
f_surp_claims_streak,MACRO,False,False,storico ForexFactory (prime stampe verificate con BLS),release + 60 s,"memoria delle sorprese di 18 serie: ultima, media di 3, serie dello stesso segno, giorni; indice hawkish",1.0,1.0,True,True
f_surp_claims_days,MACRO,False,False,storico ForexFactory (prime stampe verificate con BLS),release + 60 s,"memoria delle sorprese di 18 serie: ultima, media di 3, serie dello stesso segno, giorni; indice hawkish",1.0,1.0,True,True
f_surp_hawk_index_30d,MACRO,False,False,storico ForexFactory (prime stampe verificate con BLS),release + 60 s,"memoria delle sorprese di 18 serie: ultima, media di 3, serie dello stesso segno, giorni; indice hawkish",1.0,1.0,True,True
f_surp_hawk_count_30d,MACRO,False,False,storico ForexFactory (prime stampe verificate con BLS),release + 60 s,"memoria delle sorprese di 18 serie: ultima, media di 3, serie dello stesso segno, giorni; indice hawkish",1.0,1.0,True,True
f_cons_nfp,CONSENSUS,False,False,storico ForexFactory (forecast),prima di T0 (non garantito a T−3D),consensus della release corrente e distanza dal precedente e dalla media recente,0.0,1.0,True,True
f_cons_nfp_minus_last,CONSENSUS,False,False,storico ForexFactory (forecast),prima di T0 (non garantito a T−3D),consensus della release corrente e distanza dal precedente e dalla media recente,0.0,1.0,True,True
f_cons_nfp_minus_avg3,CONSENSUS,False,False,storico ForexFactory (forecast),prima di T0 (non garantito a T−3D),consensus della release corrente e distanza dal precedente e dalla media recente,0.0,1.0,True,True
f_cons_nfp_z_vs_recent,CONSENSUS,False,False,storico ForexFactory (forecast),prima di T0 (non garantito a T−3D),consensus della release corrente e distanza dal precedente e dalla media recente,0.0,1.0,True,True
f_cons_ur,CONSENSUS,False,False,storico ForexFactory (forecast),prima di T0 (non garantito a T−3D),consensus della release corrente e distanza dal precedente e dalla media recente,0.0,1.0,True,True
f_cons_ur_minus_last,CONSENSUS,False,False,storico ForexFactory (forecast),prima di T0 (non garantito a T−3D),consensus della release corrente e distanza dal precedente e dalla media recente,0.0,1.0,True,True
f_cons_ur_minus_avg3,CONSENSUS,False,False,storico ForexFactory (forecast),prima di T0 (non garantito a T−3D),consensus della release corrente e distanza dal precedente e dalla media recente,0.0,1.0,True,True
f_cons_ur_z_vs_recent,CONSENSUS,False,False,storico ForexFactory (forecast),prima di T0 (non garantito a T−3D),consensus della release corrente e distanza dal precedente e dalla media recente,0.0,1.0,True,True
f_cons_ahe,CONSENSUS,False,False,storico ForexFactory (forecast),prima di T0 (non garantito a T−3D),consensus della release corrente e distanza dal precedente e dalla media recente,0.0,1.0,True,True
f_cons_ahe_minus_last,CONSENSUS,False,False,storico ForexFactory (forecast),prima di T0 (non garantito a T−3D),consensus della release corrente e distanza dal precedente e dalla media recente,0.0,1.0,True,True
f_cons_ahe_minus_avg3,CONSENSUS,False,False,storico ForexFactory (forecast),prima di T0 (non garantito a T−3D),consensus della release corrente e distanza dal precedente e dalla media recente,0.0,1.0,True,True
f_cons_ahe_z_vs_recent,CONSENSUS,False,False,storico ForexFactory (forecast),prima di T0 (non garantito a T−3D),consensus della release corrente e distanza dal precedente e dalla media recente,0.0,1.0,True,True
f_surp_adp_last,MACRO,False,False,storico ForexFactory (prime stampe verificate con BLS),release + 60 s,"memoria delle sorprese di 18 serie: ultima, media di 3, serie dello stesso segno, giorni; indice hawkish",1.0,1.0,True,True
f_surp_adp_mean3,MACRO,False,False,storico ForexFactory (prime stampe verificate con BLS),release + 60 s,"memoria delle sorprese di 18 serie: ultima, media di 3, serie dello stesso segno, giorni; indice hawkish",1.0,1.0,True,True
f_surp_adp_streak,MACRO,False,False,storico ForexFactory (prime stampe verificate con BLS),release + 60 s,"memoria delle sorprese di 18 serie: ultima, media di 3, serie dello stesso segno, giorni; indice hawkish",1.0,1.0,True,True
f_surp_adp_days,MACRO,False,False,storico ForexFactory (prime stampe verificate con BLS),release + 60 s,"memoria delle sorprese di 18 serie: ultima, media di 3, serie dello stesso segno, giorni; indice hawkish",1.0,1.0,True,True
f_surp_ism_m_last,MACRO,False,False,storico ForexFactory (prime stampe verificate con BLS),release + 60 s,"memoria delle sorprese di 18 serie: ultima, media di 3, serie dello stesso segno, giorni; indice hawkish",1.0,1.0,True,True
f_surp_ism_m_mean3,MACRO,False,False,storico ForexFactory (prime stampe verificate con BLS),release + 60 s,"memoria delle sorprese di 18 serie: ultima, media di 3, serie dello stesso segno, giorni; indice hawkish",1.0,1.0,True,True
f_surp_ism_m_streak,MACRO,False,False,storico ForexFactory (prime stampe verificate con BLS),release + 60 s,"memoria delle sorprese di 18 serie: ultima, media di 3, serie dello stesso segno, giorni; indice hawkish",1.0,1.0,True,True
f_surp_ism_m_days,MACRO,False,False,storico ForexFactory (prime stampe verificate con BLS),release + 60 s,"memoria delle sorprese di 18 serie: ultima, media di 3, serie dello stesso segno, giorni; indice hawkish",1.0,1.0,True,True
f_surp_ahe_last,MACRO,False,False,storico ForexFactory (prime stampe verificate con BLS),release + 60 s,"memoria delle sorprese di 18 serie: ultima, media di 3, serie dello stesso segno, giorni; indice hawkish",1.0,1.0,True,True
f_surp_ahe_mean3,MACRO,False,False,storico ForexFactory (prime stampe verificate con BLS),release + 60 s,"memoria delle sorprese di 18 serie: ultima, media di 3, serie dello stesso segno, giorni; indice hawkish",1.0,1.0,True,True
f_surp_ahe_streak,MACRO,False,False,storico ForexFactory (prime stampe verificate con BLS),release + 60 s,"memoria delle sorprese di 18 serie: ultima, media di 3, serie dello stesso segno, giorni; indice hawkish",1.0,1.0,True,True
f_surp_ahe_days,MACRO,False,False,storico ForexFactory (prime stampe verificate con BLS),release + 60 s,"memoria delle sorprese di 18 serie: ultima, media di 3, serie dello stesso segno, giorni; indice hawkish",1.0,1.0,True,True
f_surp_ism_s_last,MACRO,False,False,storico ForexFactory (prime stampe verificate con BLS),release + 60 s,"memoria delle sorprese di 18 serie: ultima, media di 3, serie dello stesso segno, giorni; indice hawkish",1.0,1.0,True,True
f_surp_ism_s_mean3,MACRO,False,False,storico ForexFactory (prime stampe verificate con BLS),release + 60 s,"memoria delle sorprese di 18 serie: ultima, media di 3, serie dello stesso segno, giorni; indice hawkish",1.0,1.0,True,True
f_surp_ism_s_streak,MACRO,False,False,storico ForexFactory (prime stampe verificate con BLS),release + 60 s,"memoria delle sorprese di 18 serie: ultima, media di 3, serie dello stesso segno, giorni; indice hawkish",1.0,1.0,True,True
f_surp_ism_s_days,MACRO,False,False,storico ForexFactory (prime stampe verificate con BLS),release + 60 s,"memoria delle sorprese di 18 serie: ultima, media di 3, serie dello stesso segno, giorni; indice hawkish",1.0,1.0,True,True
f_surp_nfp_last,MACRO,False,False,storico ForexFactory (prime stampe verificate con BLS),release + 60 s,"memoria delle sorprese di 18 serie: ultima, media di 3, serie dello stesso segno, giorni; indice hawkish",1.0,1.0,True,True
f_surp_nfp_mean3,MACRO,False,False,storico ForexFactory (prime stampe verificate con BLS),release + 60 s,"memoria delle sorprese di 18 serie: ultima, media di 3, serie dello stesso segno, giorni; indice hawkish",1.0,1.0,True,True
f_surp_nfp_streak,MACRO,False,False,storico ForexFactory (prime stampe verificate con BLS),release + 60 s,"memoria delle sorprese di 18 serie: ultima, media di 3, serie dello stesso segno, giorni; indice hawkish",1.0,1.0,True,True
f_surp_nfp_days,MACRO,False,False,storico ForexFactory (prime stampe verificate con BLS),release + 60 s,"memoria delle sorprese di 18 serie: ultima, media di 3, serie dello stesso segno, giorni; indice hawkish",1.0,1.0,True,True
f_cons_cpi,CONSENSUS,False,False,storico ForexFactory (forecast),prima di T0 (non garantito a T−3D),consensus della release corrente e distanza dal precedente e dalla media recente,1.0,0.0,True,True
f_cons_cpi_minus_last,CONSENSUS,False,False,storico ForexFactory (forecast),prima di T0 (non garantito a T−3D),consensus della release corrente e distanza dal precedente e dalla media recente,1.0,0.0,True,True
f_cons_cpi_minus_avg3,CONSENSUS,False,False,storico ForexFactory (forecast),prima di T0 (non garantito a T−3D),consensus della release corrente e distanza dal precedente e dalla media recente,1.0,0.0,True,True
f_cons_cpi_z_vs_recent,CONSENSUS,False,False,storico ForexFactory (forecast),prima di T0 (non garantito a T−3D),consensus della release corrente e distanza dal precedente e dalla media recente,1.0,0.0,True,True
f_cons_core_cpi,CONSENSUS,False,False,storico ForexFactory (forecast),prima di T0 (non garantito a T−3D),consensus della release corrente e distanza dal precedente e dalla media recente,1.0,0.0,True,True
f_cons_core_cpi_minus_last,CONSENSUS,False,False,storico ForexFactory (forecast),prima di T0 (non garantito a T−3D),consensus della release corrente e distanza dal precedente e dalla media recente,1.0,0.0,True,True
f_cons_core_cpi_minus_avg3,CONSENSUS,False,False,storico ForexFactory (forecast),prima di T0 (non garantito a T−3D),consensus della release corrente e distanza dal precedente e dalla media recente,1.0,0.0,True,True
f_cons_core_cpi_z_vs_recent,CONSENSUS,False,False,storico ForexFactory (forecast),prima di T0 (non garantito a T−3D),consensus della release corrente e distanza dal precedente e dalla media recente,1.0,0.0,True,True
f_cons_cpi_yoy,CONSENSUS,False,False,storico ForexFactory (forecast),prima di T0 (non garantito a T−3D),consensus della release corrente e distanza dal precedente e dalla media recente,1.0,0.0,True,True
f_cons_cpi_yoy_minus_last,CONSENSUS,False,False,storico ForexFactory (forecast),prima di T0 (non garantito a T−3D),consensus della release corrente e distanza dal precedente e dalla media recente,1.0,0.0,True,True
f_cons_cpi_yoy_minus_avg3,CONSENSUS,False,False,storico ForexFactory (forecast),prima di T0 (non garantito a T−3D),consensus della release corrente e distanza dal precedente e dalla media recente,1.0,0.0,True,True
f_cons_cpi_yoy_z_vs_recent,CONSENSUS,False,False,storico ForexFactory (forecast),prima di T0 (non garantito a T−3D),consensus della release corrente e distanza dal precedente e dalla media recente,1.0,0.0,True,True
f_react_other_last_dir,MACRO,False,False,Dukascopy tick delle release precedenti,T0 precedente + 60 s,memoria delle reazioni dell'oro alle release precedenti (stessa famiglia e altra famiglia),1.0,1.0,True,True
f_react_other_mean_dir3,MACRO,False,False,Dukascopy tick delle release precedenti,T0 precedente + 60 s,memoria delle reazioni dell'oro alle release precedenti (stessa famiglia e altra famiglia),1.0,1.0,True,True
f_react_other_mean_dir6,MACRO,False,False,Dukascopy tick delle release precedenti,T0 precedente + 60 s,memoria delle reazioni dell'oro alle release precedenti (stessa famiglia e altra famiglia),1.0,1.0,True,True
f_react_other_abs_move_med6,MACRO,False,False,Dukascopy tick delle release precedenti,T0 precedente + 60 s,memoria delle reazioni dell'oro alle release precedenti (stessa famiglia e altra famiglia),1.0,1.0,True,True
f_react_other_range_med6,MACRO,False,False,Dukascopy tick delle release precedenti,T0 precedente + 60 s,memoria delle reazioni dell'oro alle release precedenti (stessa famiglia e altra famiglia),1.0,1.0,True,True
f_cons_cpi_mom,CONSENSUS,False,False,storico ForexFactory (forecast),prima di T0 (non garantito a T−3D),consensus della release corrente e distanza dal precedente e dalla media recente,1.0,0.0,True,True
f_cons_core_mom,CONSENSUS,False,False,storico ForexFactory (forecast),prima di T0 (non garantito a T−3D),consensus della release corrente e distanza dal precedente e dalla media recente,1.0,0.0,True,True
f_cons_core_minus_prev,CONSENSUS,False,False,storico ForexFactory (forecast),prima di T0 (non garantito a T−3D),consensus della release corrente e distanza dal precedente e dalla media recente,0.987,0.0,True,True
f_cons_cpi_minus_prev,CONSENSUS,False,False,storico ForexFactory (forecast),prima di T0 (non garantito a T−3D),consensus della release corrente e distanza dal precedente e dalla media recente,0.987,0.0,True,True
f_cons_yoy_minus_prev,CONSENSUS,False,False,storico ForexFactory (forecast),prima di T0 (non garantito a T−3D),consensus della release corrente e distanza dal precedente e dalla media recente,0.987,0.0,True,True
f_surp_core_ppi_last,MACRO,False,False,storico ForexFactory (prime stampe verificate con BLS),release + 60 s,"memoria delle sorprese di 18 serie: ultima, media di 3, serie dello stesso segno, giorni; indice hawkish",1.0,1.0,True,True
f_surp_core_ppi_mean3,MACRO,False,False,storico ForexFactory (prime stampe verificate con BLS),release + 60 s,"memoria delle sorprese di 18 serie: ultima, media di 3, serie dello stesso segno, giorni; indice hawkish",1.0,1.0,True,True
f_surp_core_ppi_streak,MACRO,False,False,storico ForexFactory (prime stampe verificate con BLS),release + 60 s,"memoria delle sorprese di 18 serie: ultima, media di 3, serie dello stesso segno, giorni; indice hawkish",1.0,1.0,True,True
f_surp_core_ppi_days,MACRO,False,False,storico ForexFactory (prime stampe verificate con BLS),release + 60 s,"memoria delle sorprese di 18 serie: ultima, media di 3, serie dello stesso segno, giorni; indice hawkish",1.0,1.0,True,True
f_surp_core_retail_last,MACRO,False,False,storico ForexFactory (prime stampe verificate con BLS),release + 60 s,"memoria delle sorprese di 18 serie: ultima, media di 3, serie dello stesso segno, giorni; indice hawkish",1.0,1.0,True,True
f_surp_core_retail_mean3,MACRO,False,False,storico ForexFactory (prime stampe verificate con BLS),release + 60 s,"memoria delle sorprese di 18 serie: ultima, media di 3, serie dello stesso segno, giorni; indice hawkish",1.0,1.0,True,True
f_surp_core_retail_streak,MACRO,False,False,storico ForexFactory (prime stampe verificate con BLS),release + 60 s,"memoria delle sorprese di 18 serie: ultima, media di 3, serie dello stesso segno, giorni; indice hawkish",1.0,1.0,True,True
f_surp_core_retail_days,MACRO,False,False,storico ForexFactory (prime stampe verificate con BLS),release + 60 s,"memoria delle sorprese di 18 serie: ultima, media di 3, serie dello stesso segno, giorni; indice hawkish",1.0,1.0,True,True
f_surp_ppi_last,MACRO,False,False,storico ForexFactory (prime stampe verificate con BLS),release + 60 s,"memoria delle sorprese di 18 serie: ultima, media di 3, serie dello stesso segno, giorni; indice hawkish",1.0,1.0,True,True
f_surp_ppi_mean3,MACRO,False,False,storico ForexFactory (prime stampe verificate con BLS),release + 60 s,"memoria delle sorprese di 18 serie: ultima, media di 3, serie dello stesso segno, giorni; indice hawkish",1.0,1.0,True,True
f_surp_ppi_streak,MACRO,False,False,storico ForexFactory (prime stampe verificate con BLS),release + 60 s,"memoria delle sorprese di 18 serie: ultima, media di 3, serie dello stesso segno, giorni; indice hawkish",1.0,1.0,True,True
f_surp_ppi_days,MACRO,False,False,storico ForexFactory (prime stampe verificate con BLS),release + 60 s,"memoria delle sorprese di 18 serie: ultima, media di 3, serie dello stesso segno, giorni; indice hawkish",1.0,1.0,True,True
f_surp_retail_last,MACRO,False,False,storico ForexFactory (prime stampe verificate con BLS),release + 60 s,"memoria delle sorprese di 18 serie: ultima, media di 3, serie dello stesso segno, giorni; indice hawkish",1.0,1.0,True,True
f_surp_retail_mean3,MACRO,False,False,storico ForexFactory (prime stampe verificate con BLS),release + 60 s,"memoria delle sorprese di 18 serie: ultima, media di 3, serie dello stesso segno, giorni; indice hawkish",1.0,1.0,True,True
f_surp_retail_streak,MACRO,False,False,storico ForexFactory (prime stampe verificate con BLS),release + 60 s,"memoria delle sorprese di 18 serie: ultima, media di 3, serie dello stesso segno, giorni; indice hawkish",1.0,1.0,True,True
f_surp_retail_days,MACRO,False,False,storico ForexFactory (prime stampe verificate con BLS),release + 60 s,"memoria delle sorprese di 18 serie: ultima, media di 3, serie dello stesso segno, giorni; indice hawkish",1.0,1.0,True,True
f_cpi_mom_last,MACRO,False,False,Tabella A BLS,release + 60 s,CPI della release precedente,0.987,0.987,True,True
f_cpi_yoy_last,MACRO,False,False,Tabella A BLS,release + 60 s,CPI della release precedente,0.987,0.987,True,True
f_cpi_mom_avg3,MACRO,False,False,Tabella A BLS,release + 60 s,CPI della release precedente,0.987,0.987,True,True
f_cpi_mom_avg6,MACRO,False,False,Tabella A BLS,release + 60 s,CPI della release precedente,0.987,0.987,True,True
f_cpi_accel,MACRO,False,False,Tabella A BLS,release + 60 s,CPI della release precedente,0.987,0.987,True,True
f_cpi_accel_3v3,MACRO,False,False,Tabella A BLS,release + 60 s,CPI della release precedente,0.987,0.987,True,True
f_core_mom_last,MACRO,False,False,Tabella A BLS,release + 60 s,core CPI della release precedente,0.987,0.987,True,True
f_core_yoy_last,MACRO,False,False,Tabella A BLS,release + 60 s,core CPI della release precedente,0.987,0.987,True,True
f_core_mom_avg3,MACRO,False,False,Tabella A BLS,release + 60 s,core CPI della release precedente,0.987,0.987,True,True
f_core_mom_avg6,MACRO,False,False,Tabella A BLS,release + 60 s,core CPI della release precedente,0.987,0.987,True,True
f_core_accel,MACRO,False,False,Tabella A BLS,release + 60 s,core CPI della release precedente,0.987,0.987,True,True
f_core_accel_3v3,MACRO,False,False,Tabella A BLS,release + 60 s,core CPI della release precedente,0.987,0.987,True,True
f_surp_cpi_last,MACRO,False,False,storico ForexFactory (prime stampe verificate con BLS),release + 60 s,"memoria delle sorprese di 18 serie: ultima, media di 3, serie dello stesso segno, giorni; indice hawkish",1.0,1.0,True,True
f_surp_cpi_mean3,MACRO,False,False,storico ForexFactory (prime stampe verificate con BLS),release + 60 s,"memoria delle sorprese di 18 serie: ultima, media di 3, serie dello stesso segno, giorni; indice hawkish",1.0,1.0,True,True
f_surp_cpi_streak,MACRO,False,False,storico ForexFactory (prime stampe verificate con BLS),release + 60 s,"memoria delle sorprese di 18 serie: ultima, media di 3, serie dello stesso segno, giorni; indice hawkish",1.0,1.0,True,True
f_surp_cpi_days,MACRO,False,False,storico ForexFactory (prime stampe verificate con BLS),release + 60 s,"memoria delle sorprese di 18 serie: ultima, media di 3, serie dello stesso segno, giorni; indice hawkish",1.0,1.0,True,True
f_surp_cpi_yoy_last,MACRO,False,False,storico ForexFactory (prime stampe verificate con BLS),release + 60 s,"memoria delle sorprese di 18 serie: ultima, media di 3, serie dello stesso segno, giorni; indice hawkish",1.0,1.0,True,True
f_surp_cpi_yoy_mean3,MACRO,False,False,storico ForexFactory (prime stampe verificate con BLS),release + 60 s,"memoria delle sorprese di 18 serie: ultima, media di 3, serie dello stesso segno, giorni; indice hawkish",1.0,1.0,True,True
f_surp_cpi_yoy_streak,MACRO,False,False,storico ForexFactory (prime stampe verificate con BLS),release + 60 s,"memoria delle sorprese di 18 serie: ultima, media di 3, serie dello stesso segno, giorni; indice hawkish",1.0,1.0,True,True
f_surp_cpi_yoy_days,MACRO,False,False,storico ForexFactory (prime stampe verificate con BLS),release + 60 s,"memoria delle sorprese di 18 serie: ultima, media di 3, serie dello stesso segno, giorni; indice hawkish",1.0,1.0,True,True
f_react_same_last_dir,MACRO,False,False,Dukascopy tick delle release precedenti,T0 precedente + 60 s,memoria delle reazioni dell'oro alle release precedenti (stessa famiglia e altra famiglia),1.0,1.0,True,True
f_react_same_mean_dir3,MACRO,False,False,Dukascopy tick delle release precedenti,T0 precedente + 60 s,memoria delle reazioni dell'oro alle release precedenti (stessa famiglia e altra famiglia),1.0,1.0,True,True
f_react_same_mean_dir6,MACRO,False,False,Dukascopy tick delle release precedenti,T0 precedente + 60 s,memoria delle reazioni dell'oro alle release precedenti (stessa famiglia e altra famiglia),1.0,1.0,True,True
f_react_same_abs_move_med6,MACRO,False,False,Dukascopy tick delle release precedenti,T0 precedente + 60 s,memoria delle reazioni dell'oro alle release precedenti (stessa famiglia e altra famiglia),1.0,1.0,True,True
f_react_same_range_med6,MACRO,False,False,Dukascopy tick delle release precedenti,T0 precedente + 60 s,memoria delle reazioni dell'oro alle release precedenti (stessa famiglia e altra famiglia),1.0,1.0,True,True
f_surp_core_pce_last,MACRO,False,False,storico ForexFactory (prime stampe verificate con BLS),release + 60 s,"memoria delle sorprese di 18 serie: ultima, media di 3, serie dello stesso segno, giorni; indice hawkish",1.0,1.0,True,True
f_surp_core_pce_mean3,MACRO,False,False,storico ForexFactory (prime stampe verificate con BLS),release + 60 s,"memoria delle sorprese di 18 serie: ultima, media di 3, serie dello stesso segno, giorni; indice hawkish",1.0,1.0,True,True
f_surp_core_pce_streak,MACRO,False,False,storico ForexFactory (prime stampe verificate con BLS),release + 60 s,"memoria delle sorprese di 18 serie: ultima, media di 3, serie dello stesso segno, giorni; indice hawkish",1.0,1.0,True,True
f_surp_core_pce_days,MACRO,False,False,storico ForexFactory (prime stampe verificate con BLS),release + 60 s,"memoria delle sorprese di 18 serie: ultima, media di 3, serie dello stesso segno, giorni; indice hawkish",1.0,1.0,True,True
f_nowcast_core_mom,CONSENSUS,False,False,Cleveland Fed,giorno d 23:59 ET,nowcast dell'inflazione,0.974,0.0,True,True
f_nowcast_cpi_mom,CONSENSUS,False,False,Cleveland Fed,giorno d 23:59 ET,nowcast dell'inflazione,0.974,0.0,True,True
f_gap_core,CONSENSUS,False,False,Cleveland Fed + ForexFactory,prima di T0,nowcast meno consensus,0.974,0.0,True,True
f_gap_headline,CONSENSUS,False,False,Cleveland Fed + ForexFactory,prima di T0,nowcast meno consensus,0.974,0.0,True,True
f_surp_ur_last,MACRO,False,False,storico ForexFactory (prime stampe verificate con BLS),release + 60 s,"memoria delle sorprese di 18 serie: ultima, media di 3, serie dello stesso segno, giorni; indice hawkish",1.0,1.0,True,True
f_surp_ur_mean3,MACRO,False,False,storico ForexFactory (prime stampe verificate con BLS),release + 60 s,"memoria delle sorprese di 18 serie: ultima, media di 3, serie dello stesso segno, giorni; indice hawkish",1.0,1.0,True,True
f_surp_ur_streak,MACRO,False,False,storico ForexFactory (prime stampe verificate con BLS),release + 60 s,"memoria delle sorprese di 18 serie: ultima, media di 3, serie dello stesso segno, giorni; indice hawkish",1.0,1.0,True,True
f_surp_ur_days,MACRO,False,False,storico ForexFactory (prime stampe verificate con BLS),release + 60 s,"memoria delle sorprese di 18 serie: ultima, media di 3, serie dello stesso segno, giorni; indice hawkish",1.0,1.0,True,True
f_core_yoy_chg_3m,MACRO,False,False,Tabella A BLS,release + 60 s,core CPI della release precedente,0.974,0.974,True,True
f_react_other_beta12,MACRO,False,False,Dukascopy tick delle release precedenti,T0 precedente + 60 s,memoria delle reazioni dell'oro alle release precedenti (stessa famiglia e altra famiglia),1.0,1.0,True,True
f_react_other_corr12,MACRO,False,False,Dukascopy tick delle release precedenti,T0 precedente + 60 s,memoria delle reazioni dell'oro alle release precedenti (stessa famiglia e altra famiglia),1.0,1.0,True,True
f_react_same_beta12,MACRO,False,False,Dukascopy tick delle release precedenti,T0 precedente + 60 s,memoria delle reazioni dell'oro alle release precedenti (stessa famiglia e altra famiglia),1.0,1.0,True,True
f_react_same_corr12,MACRO,False,False,Dukascopy tick delle release precedenti,T0 precedente + 60 s,memoria delle reazioni dell'oro alle release precedenti (stessa famiglia e altra famiglia),1.0,1.0,True,True
f_core_yoy_chg_12m,MACRO,False,False,Tabella A BLS,release + 60 s,core CPI della release precedente,0.974,0.974,True,True
f_surp_core_cpi_last,MACRO,False,False,storico ForexFactory (prime stampe verificate con BLS),release + 60 s,"memoria delle sorprese di 18 serie: ultima, media di 3, serie dello stesso segno, giorni; indice hawkish",1.0,1.0,True,True
f_surp_core_cpi_mean3,MACRO,False,False,storico ForexFactory (prime stampe verificate con BLS),release + 60 s,"memoria delle sorprese di 18 serie: ultima, media di 3, serie dello stesso segno, giorni; indice hawkish",1.0,1.0,True,True
f_surp_core_cpi_streak,MACRO,False,False,storico ForexFactory (prime stampe verificate con BLS),release + 60 s,"memoria delle sorprese di 18 serie: ultima, media di 3, serie dello stesso segno, giorni; indice hawkish",1.0,1.0,True,True
f_surp_core_cpi_days,MACRO,False,False,storico ForexFactory (prime stampe verificate con BLS),release + 60 s,"memoria delle sorprese di 18 serie: ultima, media di 3, serie dello stesso segno, giorni; indice hawkish",1.0,1.0,True,True
f_cot_mm_net_pct_oi,POSITIONING,False,False,CFTC,martedì + 3 giorni 15:30 ET,posizionamento managed money,1.0,1.0,True,True
f_cot_mm_chg_4w,POSITIONING,False,False,CFTC,martedì + 3 giorni 15:30 ET,posizionamento managed money,1.0,1.0,True,True
f_cot_mm_pct_3y,POSITIONING,False,False,CFTC,martedì + 3 giorni 15:30 ET,posizionamento managed money,1.0,1.0,True,True
f_cot_age_days,POSITIONING,False,False,CFTC,martedì + 3 giorni 15:30 ET,posizionamento managed money,1.0,1.0,False,False
f_nfp_last_k,MACRO,False,False,comunicati BLS Employment Situation,release + 60 s,livelli e revisioni NFP della release precedente,1.0,1.0,True,True
f_nfp_avg3_k,MACRO,False,False,comunicati BLS Employment Situation,release + 60 s,livelli e revisioni NFP della release precedente,1.0,1.0,True,True
f_nfp_rev_net2_k,MACRO,False,False,comunicati BLS Employment Situation,release + 60 s,livelli e revisioni NFP della release precedente,1.0,1.0,True,True
f_ur_last,MACRO,False,False,comunicati BLS,release + 60 s,disoccupazione,0.923,0.923,True,True
f_ur_chg_12m,MACRO,False,False,comunicati BLS,release + 60 s,disoccupazione,0.923,0.923,True,True
f_ahe_mom_last,MACRO,False,False,comunicati BLS,release + 60 s,salari orari,1.0,1.0,True,True
f_ahe_yoy_last,MACRO,False,False,comunicati BLS,release + 60 s,salari orari,1.0,1.0,True,True
f_hours_chg,MACRO,False,False,comunicati BLS,release + 60 s,ore settimanali,1.0,1.0,True,True
f_part_last,MACRO,False,False,comunicati BLS,release + 60 s,partecipazione,0.923,0.923,True,True
f_ur_chg_3m,MACRO,False,False,comunicati BLS,release + 60 s,disoccupazione,0.846,0.846,True,True
f_nfp_rev_sum3_k,MACRO,False,False,comunicati BLS Employment Situation,release + 60 s,livelli e revisioni NFP della release precedente,1.0,1.0,True,True
f_xm_spx_ret_15m_pct,VOLRISK,False,False,"Dukascopy EURUSD, USDJPY, USA500, USATECH M1",chiusura della candela,rendimenti 15/60/240/1440 min e range dell'ultima ora dei mercati incrociati,0.987,0.949,True,True
f_xm_spx_ret_1440m_pct,VOLRISK,False,False,"Dukascopy EURUSD, USDJPY, USA500, USATECH M1",chiusura della candela,rendimenti 15/60/240/1440 min e range dell'ultima ora dei mercati incrociati,0.987,0.936,True,True
f_rel_xau_spx_corr_20d,VOLRISK,False,False,Dukascopy + Treasury,chiusura della candela / D 18:00 ET,"correlazioni e beta oro-dollaro, oro-azionario, oro-tassi; divergenze",1.0,1.0,True,True
f_xm_spx_ret_60m_pct,VOLRISK,False,False,"Dukascopy EURUSD, USDJPY, USA500, USATECH M1",chiusura della candela,rendimenti 15/60/240/1440 min e range dell'ultima ora dei mercati incrociati,0.987,0.949,True,True
f_xm_spx_ret_240m_pct,VOLRISK,False,False,"Dukascopy EURUSD, USDJPY, USA500, USATECH M1",chiusura della candela,rendimenti 15/60/240/1440 min e range dell'ultima ora dei mercati incrociati,0.987,0.949,True,True
f_xm_spx_range_60m_pct,VOLRISK,False,False,"Dukascopy EURUSD, USDJPY, USA500, USATECH M1",chiusura della candela,rendimenti 15/60/240/1440 min e range dell'ultima ora dei mercati incrociati,0.987,0.949,True,True
f_xm_ndx_ret_15m_pct,VOLRISK,False,False,"Dukascopy EURUSD, USDJPY, USA500, USATECH M1",chiusura della candela,rendimenti 15/60/240/1440 min e range dell'ultima ora dei mercati incrociati,0.987,0.949,True,True
f_xm_ndx_ret_60m_pct,VOLRISK,False,False,"Dukascopy EURUSD, USDJPY, USA500, USATECH M1",chiusura della candela,rendimenti 15/60/240/1440 min e range dell'ultima ora dei mercati incrociati,0.987,0.949,True,True
f_xm_ndx_ret_240m_pct,VOLRISK,False,False,"Dukascopy EURUSD, USDJPY, USA500, USATECH M1",chiusura della candela,rendimenti 15/60/240/1440 min e range dell'ultima ora dei mercati incrociati,0.987,0.949,True,True
f_xm_ndx_range_60m_pct,VOLRISK,False,False,"Dukascopy EURUSD, USDJPY, USA500, USATECH M1",chiusura della candela,rendimenti 15/60/240/1440 min e range dell'ultima ora dei mercati incrociati,0.987,0.949,True,True
f_xm_ndx_ret_1440m_pct,VOLRISK,False,False,"Dukascopy EURUSD, USDJPY, USA500, USATECH M1",chiusura della candela,rendimenti 15/60/240/1440 min e range dell'ultima ora dei mercati incrociati,0.987,0.949,True,True
f_surp_jolts_last,MACRO,False,False,storico ForexFactory (prime stampe verificate con BLS),release + 60 s,"memoria delle sorprese di 18 serie: ultima, media di 3, serie dello stesso segno, giorni; indice hawkish",1.0,1.0,True,True
f_surp_jolts_mean3,MACRO,False,False,storico ForexFactory (prime stampe verificate con BLS),release + 60 s,"memoria delle sorprese di 18 serie: ultima, media di 3, serie dello stesso segno, giorni; indice hawkish",1.0,1.0,True,True
f_surp_jolts_streak,MACRO,False,False,storico ForexFactory (prime stampe verificate con BLS),release + 60 s,"memoria delle sorprese di 18 serie: ultima, media di 3, serie dello stesso segno, giorni; indice hawkish",1.0,1.0,True,True
f_surp_jolts_days,MACRO,False,False,storico ForexFactory (prime stampe verificate con BLS),release + 60 s,"memoria delle sorprese di 18 serie: ultima, media di 3, serie dello stesso segno, giorni; indice hawkish",1.0,1.0,True,True
