group,model,features,adapt,tau,n_trades,trade_share,mean_R,t,win_rate,avg_win_R,avg_loss_R,pf,total_R,max_dd_R,worst_R,max_loss_streak,cvar10_R
CPI,ridge,PRICE,expanding,0.0,8,0.11267605633802817,-1.4794583541338158,-3.257755984010943,0.0,0.0,-1.4794583541338158,0.0,-11.835666833070526,11.835666833070528,-3.6880889591035695,8.0,-3.6880889591035695
CPI,ridge,PRICE,expanding,0.1,7,0.09859154929577464,-1.291251606852283,-2.7056843828690766,0.0,0.0,-1.291251606852283,0.0,-9.038761247965981,9.038761247965981,-3.6880889591035695,7.0,-3.6880889591035695
CPI,ridge,PRICE,expanding,0.2,5,0.07042253521126761,-0.9512694625920158,-2.5620196103753767,0.0,0.0,-0.9512694625920158,0.0,-4.756347312960079,4.756347312960079,-1.8895892116163389,5.0,-1.8895892116163389
CPI,ridge,PRICE,expanding,0.3,5,0.07042253521126761,-0.9512694625920158,-2.5620196103753767,0.0,0.0,-0.9512694625920158,0.0,-4.756347312960079,4.756347312960079,-1.8895892116163389,5.0,-1.8895892116163389
CPI,ridge,PRICE,rolling5y,0.0,20,0.28169014084507044,-0.626457797953882,-1.6597147268064139,0.3,1.2331766185378712,-1.4234439764503475,0.3712856099933023,-12.52915595907764,12.529155959077638,-3.0449047510582954,5.0,-2.7645117288669314
CPI,ridge,PRICE,rolling5y,0.1,16,0.22535211267605634,-0.3911749580681683,-0.9045470234548462,0.3125,1.4179070102023528,-1.2134849436456778,0.5311175798517378,-6.258799329090693,8.319100404878588,-3.0449047510582954,4.0,-3.0449047510582954
CPI,ridge,PRICE,rolling5y,0.2,14,0.19718309859154928,-0.3799644136168109,-0.7760866089706627,0.2857142857142857,1.6925708078337538,-1.2089785021970367,0.5600002993462334,-5.319501790635353,7.379802866423249,-3.0449047510582954,4.0,-3.0449047510582954
CPI,ridge,PRICE,rolling5y,0.3,11,0.15492957746478872,-0.9757515709964614,-2.84922791266015,0.18181818181818182,0.47955081942260636,-1.2991521022006987,0.08202800009333802,-10.733267280961075,10.733267280961075,-3.0449047510582954,4.0,-3.0449047510582954
CPI,ridge,PRICE,decay3y,0.0,5,0.07042253521126761,-0.813329461312126,-1.8997315155906545,0.2,0.12128445666836171,-1.046982940807248,0.028960466293473847,-4.06664730656063,4.06664730656063,-1.8895892116163389,2.0,-1.8895892116163389
CPI,ridge,PRICE,decay3y,0.1,5,0.07042253521126761,-0.813329461312126,-1.8997315155906545,0.2,0.12128445666836171,-1.046982940807248,0.028960466293473847,-4.06664730656063,4.06664730656063,-1.8895892116163389,2.0,-1.8895892116163389
CPI,ridge,PRICE,decay3y,0.2,4,0.056338028169014086,-1.046982940807248,-2.260610048054092,0.0,0.0,-1.046982940807248,0.0,-4.187931763228992,4.187931763228992,-1.8895892116163389,4.0,-1.8895892116163389
CPI,ridge,PRICE,decay3y,0.3,3,0.04225352112676056,-1.3585990486671415,-2.8038205288129197,0.0,0.0,-1.3585990486671415,0.0,-4.075797146001425,4.075797146001425,-1.8895892116163389,3.0,-1.8895892116163389
CPI,ridge,PRICE+MACRO,expanding,0.0,34,0.4788732394366197,-0.40337105674007473,-1.7809803014177625,0.4411764705882353,0.7472984789040782,-1.3117943743538798,0.4497446359578375,-13.714615929162541,16.031320050073205,-3.0449047510582954,5.0,-2.697656086415081
CPI,ridge,PRICE+MACRO,expanding,0.1,29,0.4084507042253521,-0.25339079208970305,-1.0545057659893915,0.4827586206896552,0.7785680373818362,-1.2165523662631397,0.5973137874767025,-7.348332970601389,9.665037091512055,-3.0449047510582954,5.0,-2.5409606630269543
CPI,ridge,PRICE+MACRO,expanding,0.2,25,0.352112676056338,-0.17496796192782635,-0.7179045857883052,0.48,0.7959206108336742,-1.0711727983230577,0.6858799529002549,-4.374199048195659,6.690903169106326,-2.0370165749956137,4.0,-1.9633028933059764
CPI,ridge,PRICE+MACRO,expanding,0.3,23,0.323943661971831,-0.18555288491538235,-0.699542645629703,0.4782608695652174,0.8677632189016719,-1.151092646747682,0.6910387444260114,-4.267716353053794,6.58442047396446,-2.0370165749956137,3.0,-1.9633028933059764
CPI,ridge,PRICE+MACRO,rolling5y,0.0,29,0.4084507042253521,-0.24637525157865636,-0.8757905361611998,0.4827586206896552,0.9680580104887941,-1.3798462961749438,0.654798155630943,-7.144882295781034,11.013338049447192,-3.6880889591035695,3.0,-3.3664968550809324
CPI,ridge,PRICE+MACRO,rolling5y,0.1,28,0.39436619718309857,-0.1464277694543835,-0.5372915704845286,0.5,0.9680580104887941,-1.2609135493975618,0.7677433642864034,-4.099977544722738,11.013338049447192,-3.6880889591035695,2.0,-3.0861038328895685
CPI,ridge,PRICE+MACRO,rolling5y,0.2,27,0.38028169014084506,-0.14284801894187596,-0.505133218243271,0.5185185185185185,0.9680580104887941,-1.339208358328752,0.7784628917613904,-3.8568965114306506,11.013338049447192,-3.6880889591035695,2.0,-3.0861038328895685
CPI,ridge,PRICE+MACRO,rolling5y,0.3,24,0.3380281690140845,-0.08796966166648786,-0.3109503118061221,0.5416666666666666,0.8822007982236783,-1.234534750627593,0.8445294414152662,-2.1112718799957086,8.529219342771622,-3.6880889591035695,2.0,-2.862552767049592
CPI,ridge,PRICE+MACRO,decay3y,0.0,33,0.4647887323943662,-0.344277715371876,-1.4857109519108516,0.45454545454545453,0.8027761629101549,-1.3001559472735684,0.5145383806929592,-11.361164607271908,13.677868728182574,-3.0449047510582954,5.0,-2.5602680159988576
CPI,ridge,PRICE+MACRO,decay3y,0.1,29,0.4084507042253521,-0.32033850929164215,-1.2590898496582184,0.4482758620689655,0.8801990331665418,-1.2957752625389167,0.551918017825515,-9.289816769457623,11.316990538096473,-3.0449047510582954,5.0,-2.7645117288669314
CPI,ridge,PRICE+MACRO,decay3y,0.2,24,0.3380281690140845,-0.11390727084206641,-0.4436285636798264,0.5,0.8837308540823493,-1.111545395766482,0.7950470196252849,-2.7337745002095937,5.004029302140532,-2.0370165749956137,4.0,-1.9633028933059764
CPI,ridge,PRICE+MACRO,decay3y,0.3,18,0.2535211267605634,-0.048224902613669456,-0.15512763824212625,0.5,0.9715034233858925,-1.0679532286132316,0.9096872385014633,-0.8680482470460502,4.8310892229201166,-2.0370165749956137,3.0,-2.0370165749956137
CPI,ridge,PRICE+RATES,expanding,0.0,21,0.29577464788732394,-1.118032132676044,-3.9712649235045268,0.19047619047619047,0.6417235988357652,-1.5320923047964694,0.09855397582028536,-23.478674786196926,23.478674786196926,-3.80694653271941,9.0,-3.4259256418888526
CPI,ridge,PRICE+RATES,expanding,0.1,18,0.2535211267605634,-1.1132932092044325,-3.5958274515110182,0.16666666666666666,0.7492141918887706,-1.4857946894230731,0.10085029879595099,-20.039277765679785,20.03927776567979,-3.80694653271941,7.0,-3.80694653271941
CPI,ridge,PRICE+RATES,expanding,0.2,16,0.22535211267605634,-1.1422559206300185,-3.308953696031891,0.1875,0.7492141918887706,-1.5787490235189698,0.10951429275198217,-18.276094730080295,18.276094730080295,-3.80694653271941,5.0,-3.80694653271941
CPI,ridge,PRICE+RATES,expanding,0.3,16,0.22535211267605634,-1.1422559206300185,-3.308953696031891,0.1875,0.7492141918887706,-1.5787490235189698,0.10951429275198217,-18.276094730080295,18.276094730080295,-3.80694653271941,5.0,-3.80694653271941
CPI,ridge,PRICE+RATES,rolling5y,0.0,28,0.39436619718309857,-0.4291880355683016,-1.375222780955189,0.39285714285714285,1.037166256116674,-1.3780055184232856,0.4870137082289345,-12.017264995912445,12.017264995912445,-3.0449047510582954,5.0,-2.7645117288669314
CPI,ridge,PRICE+RATES,rolling5y,0.1,28,0.39436619718309857,-0.4291880355683016,-1.375222780955189,0.39285714285714285,1.037166256116674,-1.3780055184232856,0.4870137082289345,-12.017264995912445,12.017264995912445,-3.0449047510582954,5.0,-2.7645117288669314
CPI,ridge,PRICE+RATES,rolling5y,0.2,25,0.352112676056338,-0.4374270020099237,-1.2616126900834288,0.36,1.2383012298058986,-1.3800241324063236,0.5047335227038862,-10.935675050248092,10.935675050248092,-3.0449047510582954,5.0,-2.7645117288669314
CPI,ridge,PRICE+RATES,rolling5y,0.3,24,0.3380281690140845,-0.47387579340152636,-1.3182324019069327,0.3333333333333333,1.3384208846080683,-1.3800241324063236,0.48492662308531065,-11.373019041636633,11.373019041636635,-3.0449047510582954,5.0,-2.7645117288669314
CPI,ridge,PRICE+RATES,decay3y,0.0,18,0.2535211267605634,-0.9781844964524767,-3.0484320511196126,0.2222222222222222,0.6826136223610793,-1.4526982446849215,0.1342553171281885,-17.607320936144582,17.607320936144582,-3.80694653271941,6.0,-3.80694653271941
CPI,ridge,PRICE+RATES,decay3y,0.1,18,0.2535211267605634,-0.9781844964524767,-3.0484320511196126,0.2222222222222222,0.6826136223610793,-1.4526982446849215,0.1342553171281885,-17.607320936144582,17.607320936144582,-3.80694653271941,6.0,-3.80694653271941
CPI,ridge,PRICE+RATES,decay3y,0.2,16,0.22535211267605634,-0.7728534095208633,-2.5172955676148314,0.25,0.6826136223610793,-1.2580090868148444,0.18087140745259905,-12.365654552333813,12.365654552333815,-3.0449047510582954,5.0,-3.0449047510582954
CPI,ridge,PRICE+RATES,decay3y,0.3,14,0.19718309859154928,-0.7722464207940146,-2.362433678436295,0.21428571428571427,0.7492141918887706,-1.1871902242529562,0.1721132292602629,-10.811449891116204,10.811449891116206,-3.0449047510582954,5.0,-3.0449047510582954
CPI,ridge,PRICE+DXYFX,expanding,0.0,7,0.09859154929577464,-1.028232296366077,-2.253229831633017,0.14285714285714285,0.837817182176851,-1.3392405427898986,0.10426521044426104,-7.19762607456254,7.19762607456254,-2.796905585104546,4.0,-2.796905585104546
CPI,ridge,PRICE+DXYFX,expanding,0.1,6,0.08450704225352113,-1.1005501831100346,-2.0643494684127046,0.16666666666666666,0.837817182176851,-1.4882236561674118,0.1125929128602165,-6.603301098660208,6.603301098660208,-2.796905585104546,4.0,-2.796905585104546
CPI,ridge,PRICE+DXYFX,expanding,0.2,5,0.07042253521126761,-1.4882236561674118,-3.320368366417446,0.0,0.0,-1.4882236561674118,0.0,-7.441118280837059,7.441118280837059,-2.796905585104546,5.0,-2.796905585104546
CPI,ridge,PRICE+DXYFX,expanding,0.3,4,0.056338028169014086,-1.1610531739331282,-2.935660752842907,0.0,0.0,-1.1610531739331282,0.0,-4.644212695732513,4.644212695732513,-1.8895892116163389,4.0,-1.8895892116163389
CPI,ridge,PRICE+DXYFX,rolling5y,0.0,14,0.19718309859154928,-0.16862309959731075,-0.34875286565686336,0.35714285714285715,1.5188523991435043,-1.1061094877866526,0.7628601849366038,-2.3607233943623505,5.640953555804533,-3.0449047510582954,4.0,-3.0449047510582954
CPI,ridge,PRICE+DXYFX,rolling5y,0.1,12,0.16901408450704225,-0.21586476523687712,-0.3856655249080613,0.3333333333333333,1.6925708078337538,-1.1700825517721927,0.7232698262486723,-2.5903771828425253,5.046628579902201,-3.0449047510582954,3.0,-3.0449047510582954
CPI,ridge,PRICE+DXYFX,rolling5y,0.2,11,0.15492957746478872,-0.1993600982434949,-0.3252861460928802,0.36363636363636365,1.6925708078337538,-1.28046347314478,0.7553384684896726,-2.192961080678444,5.046628579902201,-3.0449047510582954,3.0,-3.0449047510582954
CPI,ridge,PRICE+DXYFX,rolling5y,0.3,11,0.15492957746478872,-0.1993600982434949,-0.3252861460928802,0.36363636363636365,1.6925708078337538,-1.28046347314478,0.7553384684896726,-2.192961080678444,5.046628579902201,-3.0449047510582954,3.0,-3.0449047510582954
CPI,ridge,PRICE+DXYFX,decay3y,0.0,4,0.056338028169014086,-0.9886281723332659,-1.9605678472652555,0.25,0.12128445666836171,-1.3585990486671415,0.029757235780821,-3.9545126893330638,3.9545126893330638,-1.8895892116163389,2.0,-1.8895892116163389
CPI,ridge,PRICE+DXYFX,decay3y,0.1,4,0.056338028169014086,-0.9886281723332659,-1.9605678472652555,0.25,0.12128445666836171,-1.3585990486671415,0.029757235780821,-3.9545126893330638,3.9545126893330638,-1.8895892116163389,2.0,-1.8895892116163389
CPI,ridge,PRICE+DXYFX,decay3y,0.2,3,0.04225352112676056,-1.3585990486671415,-2.8038205288129197,0.0,0.0,-1.3585990486671415,0.0,-4.075797146001425,4.075797146001425,-1.8895892116163389,3.0,-1.8895892116163389
CPI,ridge,PRICE+DXYFX,decay3y,0.3,3,0.04225352112676056,-1.3585990486671415,-2.8038205288129197,0.0,0.0,-1.3585990486671415,0.0,-4.075797146001425,4.075797146001425,-1.8895892116163389,3.0,-1.8895892116163389
CPI,ridge,PRICE+VOLRISK,expanding,0.0,6,0.08450704225352113,-0.5162665987735885,-0.9754554373229097,0.3333333333333333,0.8629424641048207,-1.2058711302127931,0.3578087419476334,-3.097599592641531,3.206480399521941,-2.0370165749956137,2.0,-2.0370165749956137
CPI,ridge,PRICE+VOLRISK,expanding,0.1,5,0.07042253521126761,-0.5538272816266797,-0.8565615184288462,0.4,0.8629424641048207,-1.49834044544768,0.38395477998192296,-2.7691364081333987,3.206480399521941,-2.0370165749956137,2.0,-2.0370165749956137
CPI,ridge,PRICE+VOLRISK,expanding,0.2,5,0.07042253521126761,-0.5538272816266797,-0.8565615184288462,0.4,0.8629424641048207,-1.49834044544768,0.38395477998192296,-2.7691364081333987,3.206480399521941,-2.0370165749956137,2.0,-2.0370165749956137
CPI,ridge,PRICE+VOLRISK,expanding,0.3,4,0.056338028169014086,-0.1830299582844463,-0.26765967430765436,0.5,0.8629424641048207,-1.2290023806737134,0.7021487327239949,-0.7321198331377852,1.8895892116163389,-1.8895892116163389,1.0,-1.8895892116163389
CPI,ridge,PRICE+VOLRISK,rolling5y,0.0,17,0.23943661971830985,-0.8039998619661332,-2.3377693763581373,0.23529411764705882,1.0364609035274848,-1.3702954821180156,0.2327315906685301,-13.667997653424264,13.667997653424264,-3.1335496288954547,6.0,-3.1335496288954547
CPI,ridge,PRICE+VOLRISK,rolling5y,0.1,13,0.18309859154929578,-0.5992032223202345,-1.525317001956582,0.3076923076923077,1.0364609035274848,-1.3261650560303322,0.34735441743242845,-7.789641890163049,7.789641890163049,-3.0449047510582954,3.0,-3.0449047510582954
CPI,ridge,PRICE+VOLRISK,rolling5y,0.2,12,0.16901408450704225,-0.6217648921379096,-1.4583248425575357,0.3333333333333333,1.0364609035274848,-1.450877789970607,0.35718408217844533,-7.461178705654916,7.461178705654916,-3.0449047510582954,3.0,-3.0449047510582954
CPI,ridge,PRICE+VOLRISK,rolling5y,0.3,12,0.16901408450704225,-0.6217648921379096,-1.4583248425575357,0.3333333333333333,1.0364609035274848,-1.450877789970607,0.35718408217844533,-7.461178705654916,7.461178705654916,-3.0449047510582954,3.0,-3.0449047510582954
CPI,ridge,PRICE+VOLRISK,decay3y,0.0,3,0.04225352112676056,-1.469331602504883,-0.9888672005995193,0.3333333333333333,1.2885409368210994,-2.8482678721678742,0.2261972880802754,-4.407994807514649,4.407994807514649,-3.80694653271941,1.0,-3.80694653271941
CPI,ridge,PRICE+VOLRISK,decay3y,0.1,1,0.014084507042253521,-1.8895892116163389,0.0,0.0,0.0,-1.8895892116163389,0.0,-1.8895892116163389,1.8895892116163389,-1.8895892116163389,1.0,-1.8895892116163389
CPI,ridge,PRICE+VOLRISK,decay3y,0.2,1,0.014084507042253521,-1.8895892116163389,0.0,0.0,0.0,-1.8895892116163389,0.0,-1.8895892116163389,1.8895892116163389,-1.8895892116163389,1.0,-1.8895892116163389
CPI,ridge,PRICE+VOLRISK,decay3y,0.3,1,0.014084507042253521,-1.8895892116163389,0.0,0.0,0.0,-1.8895892116163389,0.0,-1.8895892116163389,1.8895892116163389,-1.8895892116163389,1.0,-1.8895892116163389
CPI,ridge,PRICE+CONSENSUS,expanding,0.0,21,0.29577464788732394,-0.4987336371145373,-1.7978696575498752,0.3333333333333333,0.7273194772522713,-1.1117601942979414,0.32710267959879685,-10.473406379405283,10.473406379405283,-2.5639448015113797,4.0,-2.524031754093474
CPI,ridge,PRICE+CONSENSUS,expanding,0.1,17,0.23943661971830985,-0.6123905508392146,-2.5753195423746282,0.29411764705882354,0.399146715698165,-1.0338644118964557,0.16086358097560532,-10.410639364266647,10.410639364266643,-2.4841187066755674,3.0,-2.4841187066755674
CPI,ridge,PRICE+CONSENSUS,expanding,0.2,13,0.18309859154929578,-0.8339258546260887,-2.9524011655108864,0.23076923076923078,0.4443564243160629,-1.2174105383087341,0.10950038881708149,-10.841036110139154,10.841036110139152,-2.4841187066755674,4.0,-2.4841187066755674
CPI,ridge,PRICE+CONSENSUS,expanding,0.3,10,0.14084507042253522,-1.1027504347458355,-3.7168174229849864,0.2,0.1624518708812251,-1.4190510111526005,0.0286198081683611,-11.027504347458354,11.027504347458354,-2.4841187066755674,4.0,-2.4841187066755674
CPI,ridge,PRICE+CONSENSUS,rolling5y,0.0,23,0.323943661971831,-0.2783746146082075,-0.7747909361965235,0.391304347826087,1.2680695159459807,-1.2725172699644713,0.6406102024753136,-6.402616135988773,7.213141985841199,-3.0449047510582954,5.0,-2.7645117288669314
CPI,ridge,PRICE+CONSENSUS,rolling5y,0.1,17,0.23943661971830985,-0.5930499919493112,-1.5987981219730787,0.4117647058823529,0.8245835624556527,-1.585393480032786,0.3640790131841719,-10.08184986313829,10.08184986313829,-3.0449047510582954,3.0,-3.0449047510582954
CPI,ridge,PRICE+CONSENSUS,rolling5y,0.2,15,0.2112676056338028,-0.5860740444135953,-1.404402685431763,0.4,0.9610721691839778,-1.617504853478644,0.39611304910649814,-8.791110666203931,8.791110666203931,-3.0449047510582954,2.0,-3.0449047510582954
CPI,ridge,PRICE+CONSENSUS,rolling5y,0.3,13,0.18309859154929578,-0.7802749239547472,-2.062238309429482,0.38461538461538464,0.558442941899431,-1.6169735901136086,0.21585191052045674,-10.143574011411713,10.143574011411713,-3.0449047510582954,3.0,-3.0449047510582954
CPI,ridge,PRICE+CONSENSUS,decay3y,0.0,11,0.15492957746478872,-0.5031916136289706,-1.3214475243505162,0.45454545454545453,0.5517395360769625,-1.3823009050505817,0.33262146110942287,-5.5351077499186765,5.5351077499186765,-2.4841187066755674,2.0,-2.4841187066755674
CPI,ridge,PRICE+CONSENSUS,decay3y,0.1,8,0.11267605633802817,-0.8457741871875949,-1.8503992092437165,0.375,0.47182577185838753,-1.6363341626151844,0.17300589915117962,-6.766193497500759,6.766193497500759,-2.4841187066755674,2.0,-2.4841187066755674
CPI,ridge,PRICE+CONSENSUS,decay3y,0.2,4,0.056338028169014086,-1.639978963169248,-3.6989568356848666,0.0,0.0,-1.639978963169248,0.0,-6.559915852676992,6.559915852676992,-2.4841187066755674,4.0,-2.4841187066755674
CPI,ridge,PRICE+CONSENSUS,decay3y,0.3,4,0.056338028169014086,-1.639978963169248,-3.6989568356848666,0.0,0.0,-1.639978963169248,0.0,-6.559915852676992,6.559915852676992,-2.4841187066755674,4.0,-2.4841187066755674
CPI,ridge,PRICE+FED,expanding,0.0,13,0.18309859154929578,-0.8149816263659824,-2.6426681947402866,0.23076923076923078,0.42611781950732047,-1.187311460127973,0.10766791203920287,-10.59476114275777,10.59476114275777,-3.0449047510582954,4.0,-3.0449047510582954
CPI,ridge,PRICE+FED,expanding,0.1,13,0.18309859154929578,-0.8149816263659824,-2.6426681947402866,0.23076923076923078,0.42611781950732047,-1.187311460127973,0.10766791203920287,-10.59476114275777,10.59476114275777,-3.0449047510582954,4.0,-3.0449047510582954
CPI,ridge,PRICE+FED,expanding,0.2,12,0.16901408450704225,-0.7373026149270765,-2.27247233284465,0.25,0.42611781950732047,-1.1251094264052088,0.12624485213223277,-8.847631379124918,8.847631379124918,-3.0449047510582954,4.0,-3.0449047510582954
CPI,ridge,PRICE+FED,expanding,0.3,11,0.15492957746478872,-0.7959905662902472,-2.2771616396115824,0.2727272727272727,0.42611781950732047,-1.254281210964335,0.12739900822750094,-8.75589622919272,8.75589622919272,-3.0449047510582954,4.0,-3.0449047510582954
CPI,ridge,PRICE+FED,rolling5y,0.0,23,0.323943661971831,-0.4734628360516275,-1.4103113369432545,0.391304347826087,0.9249852820532755,-1.3724651976904936,0.43325936177200874,-10.889645229187431,10.889645229187433,-3.0449047510582954,4.0,-2.7645117288669314
CPI,ridge,PRICE+FED,rolling5y,0.1,19,0.2676056338028169,-0.49340380108167115,-1.2275523258843144,0.3684210526315789,1.1442415651683302,-1.4486969313941718,0.4607411197494843,-9.374672220551751,9.374672220551753,-3.0449047510582954,4.0,-3.0449047510582954
CPI,ridge,PRICE+FED,rolling5y,0.2,18,0.2535211267605634,-0.5451120117744608,-1.2935843697937979,0.3333333333333333,1.2620578274649614,-1.4486969313941718,0.43558379952196213,-9.812016211940294,9.812016211940294,-3.0449047510582954,4.0,-3.0449047510582954
CPI,ridge,PRICE+FED,rolling5y,0.3,17,0.23943661971830985,-0.4310527944273369,-1.0018085322902743,0.35294117647058826,1.2620578274649614,-1.3545676790958632,0.508202867409871,-7.327897505264727,8.042575266149415,-3.0449047510582954,3.0,-3.0449047510582954
CPI,ridge,PRICE+FED,decay3y,0.0,13,0.18309859154929578,-0.703265806371957,-1.9662531041869848,0.3076923076923077,0.6417235988357652,-1.3010388753531668,0.2192174990113427,-9.142455482835441,9.142455482835441,-3.0449047510582954,4.0,-3.0449047510582954
CPI,ridge,PRICE+FED,decay3y,0.1,12,0.16901408450704225,-0.7123442089110924,-1.832628462350508,0.3333333333333333,0.6417235988357652,-1.389378112784521,0.230939149296679,-8.54813050693311,8.54813050693311,-3.0449047510582954,3.0,-3.0449047510582954
CPI,ridge,PRICE+FED,decay3y,0.2,12,0.16901408450704225,-0.7123442089110924,-1.832628462350508,0.3333333333333333,0.6417235988357652,-1.389378112784521,0.230939149296679,-8.54813050693311,8.54813050693311,-3.0449047510582954,3.0,-3.0449047510582954
CPI,ridge,PRICE+FED,decay3y,0.3,10,0.14084507042253522,-1.0155923263430957,-2.5790216001491144,0.2,0.47955081942260636,-1.389378112784521,0.08628875304173228,-10.155923263430957,10.155923263430957,-3.0449047510582954,3.0,-3.0449047510582954
CPI,ridge,PRICE+POSITIONING,expanding,0.0,7,0.09859154929577464,-1.291251606852283,-2.7056843828690766,0.0,0.0,-1.291251606852283,0.0,-9.038761247965981,9.038761247965981,-3.6880889591035695,7.0,-3.6880889591035695
CPI,ridge,PRICE+POSITIONING,expanding,0.1,6,0.08450704225352113,-1.4074060453439416,-2.5696968315353166,0.0,0.0,-1.4074060453439416,0.0,-8.44443627206365,8.44443627206365,-3.6880889591035695,6.0,-3.6880889591035695
CPI,ridge,PRICE+POSITIONING,expanding,0.2,6,0.08450704225352113,-1.4074060453439416,-2.5696968315353166,0.0,0.0,-1.4074060453439416,0.0,-8.44443627206365,8.44443627206365,-3.6880889591035695,6.0,-3.6880889591035695
CPI,ridge,PRICE+POSITIONING,expanding,0.3,6,0.08450704225352113,-1.4074060453439416,-2.5696968315353166,0.0,0.0,-1.4074060453439416,0.0,-8.44443627206365,8.44443627206365,-3.6880889591035695,6.0,-3.6880889591035695
CPI,ridge,PRICE+POSITIONING,rolling5y,0.0,17,0.23943661971830985,-0.8561750314953551,-3.032853786955225,0.23529411764705882,0.6417235988357652,-1.3170669177510843,0.14991904539182002,-14.554975535421036,14.554975535421034,-3.0449047510582954,5.0,-3.0449047510582954
CPI,ridge,PRICE+POSITIONING,rolling5y,0.1,15,0.2112676056338028,-0.7187626656506265,-2.38151280523775,0.26666666666666666,0.6417235988357652,-1.2134849436456778,0.1923007262366287,-10.781439984759398,10.781439984759398,-3.0449047510582954,4.0,-3.0449047510582954
CPI,ridge,PRICE+POSITIONING,rolling5y,0.2,13,0.18309859154929578,-0.7570878804849275,-2.2450343645090496,0.23076923076923078,0.7492141918887706,-1.2089785021970367,0.1859125345555562,-9.842142446304058,9.842142446304058,-3.0449047510582954,4.0,-3.0449047510582954
CPI,ridge,PRICE+POSITIONING,rolling5y,0.3,11,0.15492957746478872,-0.9757515709964614,-2.84922791266015,0.18181818181818182,0.47955081942260636,-1.2991521022006987,0.08202800009333802,-10.733267280961075,10.733267280961075,-3.0449047510582954,4.0,-3.0449047510582954
CPI,ridge,PRICE+POSITIONING,decay3y,0.0,7,0.09859154929577464,-0.9014518638222198,-2.4003337516885703,0.14285714285714285,0.12128445666836171,-1.0719079172373167,0.018858034152310764,-6.310163046755538,6.310163046755538,-2.15178059026271,3.0,-2.15178059026271
CPI,ridge,PRICE+POSITIONING,decay3y,0.1,5,0.07042253521126761,-0.813329461312126,-1.8997315155906545,0.2,0.12128445666836171,-1.046982940807248,0.028960466293473847,-4.06664730656063,4.06664730656063,-1.8895892116163389,2.0,-1.8895892116163389
CPI,ridge,PRICE+POSITIONING,decay3y,0.2,4,0.056338028169014086,-0.9886281723332659,-1.9605678472652555,0.25,0.12128445666836171,-1.3585990486671415,0.029757235780821,-3.9545126893330638,3.9545126893330638,-1.8895892116163389,2.0,-1.8895892116163389
CPI,ridge,PRICE+POSITIONING,decay3y,0.3,3,0.04225352112676056,-1.3585990486671415,-2.8038205288129197,0.0,0.0,-1.3585990486671415,0.0,-4.075797146001425,4.075797146001425,-1.8895892116163389,3.0,-1.8895892116163389
CPI,ridge,PRICE+MACRO+RATES,expanding,0.0,31,0.43661971830985913,-0.38260766453008366,-1.5507089728101753,0.45161290322580644,0.813134676682693,-1.3673366514111942,0.48974063650152533,-11.860837600432593,13.952221407189164,-3.0449047510582954,5.0,-2.5602680159988576
CPI,ridge,PRICE+MACRO+RATES,expanding,0.1,28,0.39436619718309857,-0.41120308771055625,-1.5760085738624687,0.42857142857142855,0.8230441889172835,-1.336888545181436,0.46173119211234465,-11.513686455895575,15.459576613739468,-3.0449047510582954,5.0,-2.7645117288669314
CPI,ridge,PRICE+MACRO+RATES,expanding,0.2,25,0.352112676056338,-0.47878682146884627,-1.652636176336702,0.36,1.0467273540202022,-1.336888545181436,0.440413779262696,-11.969670536721157,15.626030342293234,-3.0449047510582954,5.0,-2.7645117288669314
CPI,ridge,PRICE+MACRO+RATES,expanding,0.3,23,0.323943661971831,-0.6061625082360388,-2.0725540734519643,0.34782608695652173,0.9170430520308147,-1.4185388070450275,0.34478410130251946,-13.941737689428892,15.513895725065666,-3.0449047510582954,4.0,-2.7645117288669314
CPI,ridge,PRICE+MACRO+RATES,rolling5y,0.0,33,0.4647887323943662,-0.414982514420949,-1.5032475588409797,0.42424242424242425,1.0316306201796093,-1.4809079820213604,0.5132991970166288,-13.694422975891317,14.18021752939547,-3.6880889591035695,4.0,-3.0723708056124774
CPI,ridge,PRICE+MACRO+RATES,rolling5y,0.1,30,0.4225352112676056,-0.3940840132062655,-1.3051976479900755,0.4666666666666667,1.0316306201796093,-1.641584317418906,0.5498814669943082,-11.822520396187965,12.745497678304112,-3.6880889591035695,3.0,-3.0723708056124774
CPI,ridge,PRICE+MACRO+RATES,rolling5y,0.2,29,0.4084507042253521,-0.5102323690274028,-1.7686780881010555,0.4482758620689655,0.8822007982236783,-1.641584317418906,0.43664412540426684,-14.796738701794679,15.719715983910826,-3.6880889591035695,3.0,-3.3664968550809324
CPI,ridge,PRICE+MACRO+RATES,rolling5y,0.3,24,0.3380281690140845,-0.35010653180485324,-1.0626840781372429,0.5,0.9192721987932728,-1.6194852624029794,0.567632333639927,-8.402556763316477,12.309914387921275,-3.6880889591035695,3.0,-3.3664968550809324
CPI,ridge,PRICE+MACRO+RATES,decay3y,0.0,27,0.38028169014084506,-0.4847038183311906,-1.791165701891084,0.37037037037037035,0.9581347992649885,-1.3334324169171783,0.42267511896330323,-13.087003094942146,16.743362900514224,-3.0449047510582954,5.0,-2.7645117288669314
CPI,ridge,PRICE+MACRO+RATES,decay3y,0.1,24,0.3380281690140845,-0.41433469735675316,-1.3863310694574298,0.4166666666666667,0.9581347992649885,-1.394670052086569,0.4907124795940706,-9.944032736562075,13.843473575426241,-3.0449047510582954,5.0,-2.7645117288669314
CPI,ridge,PRICE+MACRO+RATES,decay3y,0.2,24,0.3380281690140845,-0.41433469735675316,-1.3863310694574298,0.4166666666666667,0.9581347992649885,-1.394670052086569,0.4907124795940706,-9.944032736562075,13.843473575426241,-3.0449047510582954,5.0,-2.7645117288669314
CPI,ridge,PRICE+MACRO+RATES,decay3y,0.3,22,0.30985915492957744,-0.4722528117592457,-1.5758554726613792,0.4090909090909091,0.8330162469682869,-1.3759006216475373,0.41914622794695033,-10.389561858703406,12.204800927632268,-3.0449047510582954,5.0,-2.7645117288669314
CPI,ridge,ALL,expanding,0.0,22,0.30985915492957744,-0.8371904528938504,-2.3283216266883913,0.36363636363636365,0.8647384211155869,-1.8097212380421006,0.2730455001854727,-18.41818996366471,18.41818996366471,-4.957635205744295,4.0,-4.001269978401295
CPI,ridge,ALL,expanding,0.1,21,0.29577464788732394,-0.7870762262880175,-2.1076511677048075,0.38095238095238093,0.8647384211155869,-1.803577547767159,0.29505064605917064,-16.52860075204837,16.52860075204837,-4.957635205744295,4.0,-4.001269978401295
CPI,ridge,ALL,expanding,0.2,19,0.2676056338028169,-0.7627525148873848,-1.9167988176622177,0.3684210526315789,0.9242988044910263,-1.7468657845247917,0.308652391841563,-14.492297782860312,14.492297782860312,-4.957635205744295,4.0,-4.957635205744295
CPI,ridge,ALL,expanding,0.3,17,0.23943661971830985,-0.6251902651815986,-1.4448498144666349,0.4117647058823529,0.9242988044910263,-1.7098326139524365,0.378404972430662,-10.628234508087177,10.628234508087177,-4.957635205744295,4.0,-4.957635205744295
CPI,ridge,ALL,rolling5y,0.0,27,0.38028169014084506,-0.5776855789512088,-1.6825341238283449,0.48148148148148145,0.8822007982236783,-1.9332943577564614,0.42372567436862557,-15.597510631682637,15.597510631682638,-4.957635205744295,3.0,-4.322862082423932
CPI,ridge,ALL,rolling5y,0.1,24,0.3380281690140845,-0.5376577897655693,-1.4147194234991978,0.5,0.9192721987932728,-1.994587778324412,0.4608833006915962,-12.903786954373663,13.357232862255621,-4.957635205744295,3.0,-4.322862082423932
CPI,ridge,ALL,rolling5y,0.2,22,0.30985915492957744,-0.4077004171195097,-1.1568256651346296,0.5,0.9098189961381299,-1.7252198303771493,0.5273640959362466,-8.969409176629213,11.629121705713352,-3.6880889591035695,3.0,-3.3664968550809324
CPI,ridge,ALL,rolling5y,0.3,20,0.28169014084507044,-0.21429158888884725,-0.6019068643799174,0.55,0.9098189961381299,-1.5882045261440412,0.7001623386502579,-4.285831777776945,11.629121705713352,-3.6880889591035695,3.0,-3.0861038328895685
CPI,ridge,ALL,decay3y,0.0,19,0.2676056338028169,-0.3197791090342692,-0.8198036539681764,0.5789473684210527,0.7804344106518738,-1.8325726986027158,0.5855687555885409,-6.075803071651115,8.588942774992434,-4.957635205744295,2.0,-4.957635205744295
CPI,ridge,ALL,decay3y,0.1,15,0.2112676056338028,-0.35057036754809745,-0.760205412648801,0.5333333333333333,0.8647384211155869,-1.739494697449451,0.5681376797089519,-5.258555513221462,7.133245072032134,-4.957635205744295,3.0,-4.957635205744295
CPI,ridge,ALL,decay3y,0.2,15,0.2112676056338028,-0.35057036754809745,-0.760205412648801,0.5333333333333333,0.8647384211155869,-1.739494697449451,0.5681376797089519,-5.258555513221462,7.133245072032134,-4.957635205744295,3.0,-4.957635205744295
CPI,ridge,ALL,decay3y,0.3,13,0.18309859154929578,-0.04541928151915252,-0.12146163242425723,0.5384615384615384,0.9469110023789831,-1.2031379460669773,0.9182068493366107,-0.5904506597489827,5.182229895179168,-2.0370165749956137,3.0,-2.0370165749956137
CPI,lgbm,PRICE,expanding,0.0,0,0.0,,,,,,,,,,,
CPI,lgbm,PRICE,expanding,0.1,0,0.0,,,,,,,,,,,
CPI,lgbm,PRICE,expanding,0.2,0,0.0,,,,,,,,,,,
CPI,lgbm,PRICE,expanding,0.3,0,0.0,,,,,,,,,,,
CPI,lgbm,PRICE,rolling5y,0.0,3,0.04225352112676056,-1.0715355808490663,-1.362275905307365,0.3333333333333333,0.48281191377800514,-1.8487093281626021,0.13058080749174963,-3.214606742547199,3.6974186563252043,-2.0587460085312306,2.0,-2.0587460085312306
CPI,lgbm,PRICE,rolling5y,0.1,3,0.04225352112676056,-1.0715355808490663,-1.362275905307365,0.3333333333333333,0.48281191377800514,-1.8487093281626021,0.13058080749174963,-3.214606742547199,3.6974186563252043,-2.0587460085312306,2.0,-2.0587460085312306
CPI,lgbm,PRICE,rolling5y,0.2,3,0.04225352112676056,-1.0715355808490663,-1.362275905307365,0.3333333333333333,0.48281191377800514,-1.8487093281626021,0.13058080749174963,-3.214606742547199,3.6974186563252043,-2.0587460085312306,2.0,-2.0587460085312306
CPI,lgbm,PRICE,rolling5y,0.3,1,0.014084507042253521,-1.6386726477939737,0.0,0.0,0.0,-1.6386726477939737,0.0,-1.6386726477939737,1.6386726477939737,-1.6386726477939737,1.0,-1.6386726477939737
CPI,lgbm,PRICE,decay3y,0.0,5,0.07042253521126761,-0.5217469956580578,-0.8702675091430814,0.6,0.4392902694405545,-1.9633028933059764,0.33562595277963464,-2.608734978290289,2.608734978290289,-2.0370165749956137,1.0,-2.0370165749956137
CPI,lgbm,PRICE,decay3y,0.1,5,0.07042253521126761,-0.5217469956580578,-0.8702675091430814,0.6,0.4392902694405545,-1.9633028933059764,0.33562595277963464,-2.608734978290289,2.608734978290289,-2.0370165749956137,1.0,-2.0370165749956137
CPI,lgbm,PRICE,decay3y,0.2,3,0.04225352112676056,-0.2933158577140047,-0.3315770243195537,0.6666666666666666,0.5785345009267998,-2.0370165749956137,0.5680213975952018,-0.8799475731420141,2.0370165749956137,-2.0370165749956137,1.0,-2.0370165749956137
CPI,lgbm,PRICE,decay3y,0.3,1,0.014084507042253521,0.837817182176851,0.0,1.0,0.837817182176851,0.0,inf,0.837817182176851,0.0,0.837817182176851,0.0,0.837817182176851
CPI,lgbm,PRICE+MACRO,expanding,0.0,3,0.04225352112676056,0.569269523411262,1.5780643879069918,1.0,0.569269523411262,0.0,inf,1.7078085702337862,0.0,0.16080180646806402,0.0,0.16080180646806402
CPI,lgbm,PRICE+MACRO,expanding,0.1,3,0.04225352112676056,0.569269523411262,1.5780643879069918,1.0,0.569269523411262,0.0,inf,1.7078085702337862,0.0,0.16080180646806402,0.0,0.16080180646806402
CPI,lgbm,PRICE+MACRO,expanding,0.2,0,0.0,,,,,,,,,,,
CPI,lgbm,PRICE+MACRO,expanding,0.3,0,0.0,,,,,,,,,,,
CPI,lgbm,PRICE+MACRO,rolling5y,0.0,10,0.14084507042253522,-0.630846172638235,-1.4221498995218513,0.5,0.4623809881360307,-1.7240733334125005,0.26819102133018247,-6.308461726382349,6.308461726382349,-3.0449047510582954,3.0,-3.0449047510582954
CPI,lgbm,PRICE+MACRO,rolling5y,0.1,7,0.09859154929577464,-0.8054325661871999,-1.3355348026727818,0.42857142857142855,0.569269523411262,-1.8364591333860465,0.2324866014149937,-5.6380279633104,5.6380279633104,-3.0449047510582954,2.0,-3.0449047510582954
CPI,lgbm,PRICE+MACRO,rolling5y,0.2,3,0.04225352112676056,-0.539249647194309,-0.7195617765220844,0.6666666666666666,0.20963381670634343,-2.0370165749956137,0.20582436027237022,-1.617748941582927,2.0370165749956137,-2.0370165749956137,1.0,-2.0370165749956137
CPI,lgbm,PRICE+MACRO,rolling5y,0.3,3,0.04225352112676056,-0.539249647194309,-0.7195617765220844,0.6666666666666666,0.20963381670634343,-2.0370165749956137,0.20582436027237022,-1.617748941582927,2.0370165749956137,-2.0370165749956137,1.0,-2.0370165749956137
CPI,lgbm,PRICE+MACRO,decay3y,0.0,12,0.16901408450704225,0.05839309960011707,0.2137368804144749,0.5833333333333334,0.6379413623601351,-0.7529744682639081,1.1861197755660986,0.7007171952014049,3.3115467085139305,-2.0370165749956137,2.0,-2.0370165749956137
CPI,lgbm,PRICE+MACRO,decay3y,0.1,11,0.15492957746478872,-0.03792571413219547,-0.1354198984916931,0.5454545454545454,0.5579482476442318,-0.7529744682639081,0.8891907035265019,-0.4171828554541501,3.3115467085139305,-2.0370165749956137,2.0,-2.0370165749956137
CPI,lgbm,PRICE+MACRO,decay3y,0.2,10,0.14084507042253522,-0.17057237922752494,-0.625524372818785,0.5,0.41182970980885825,-0.7529744682639081,0.546937150151175,-1.7057237922752495,3.3115467085139305,-2.0370165749956137,2.0,-2.0370165749956137
CPI,lgbm,PRICE+MACRO,decay3y,0.3,8,0.11267605633802817,-0.262100069515132,-0.7882107804321264,0.5,0.3940841588165716,-0.9182842978468356,0.42915267062783047,-2.096800556121056,3.5123353849192784,-2.0370165749956137,2.0,-2.0370165749956137
CPI,lgbm,PRICE+RATES,expanding,0.0,0,0.0,,,,,,,,,,,
CPI,lgbm,PRICE+RATES,expanding,0.1,0,0.0,,,,,,,,,,,
CPI,lgbm,PRICE+RATES,expanding,0.2,0,0.0,,,,,,,,,,,
CPI,lgbm,PRICE+RATES,expanding,0.3,0,0.0,,,,,,,,,,,
CPI,lgbm,PRICE+RATES,rolling5y,0.0,3,0.04225352112676056,-1.0715355808490663,-1.362275905307365,0.3333333333333333,0.48281191377800514,-1.8487093281626021,0.13058080749174963,-3.214606742547199,3.6974186563252043,-2.0587460085312306,2.0,-2.0587460085312306
CPI,lgbm,PRICE+RATES,rolling5y,0.1,3,0.04225352112676056,-1.0715355808490663,-1.362275905307365,0.3333333333333333,0.48281191377800514,-1.8487093281626021,0.13058080749174963,-3.214606742547199,3.6974186563252043,-2.0587460085312306,2.0,-2.0587460085312306
CPI,lgbm,PRICE+RATES,rolling5y,0.2,1,0.014084507042253521,0.48281191377800514,0.0,1.0,0.48281191377800514,0.0,inf,0.48281191377800514,0.0,0.48281191377800514,0.0,0.48281191377800514
CPI,lgbm,PRICE+RATES,rolling5y,0.3,1,0.014084507042253521,0.48281191377800514,0.0,1.0,0.48281191377800514,0.0,inf,0.48281191377800514,0.0,0.48281191377800514,0.0,0.48281191377800514
CPI,lgbm,PRICE+RATES,decay3y,0.0,5,0.07042253521126761,-0.3278891722291876,-0.4739946052412191,0.6,0.7623866418220048,-1.9633028933059764,0.5824776027337025,-1.6394458611459382,2.0370165749956137,-2.0370165749956137,1.0,-2.0370165749956137
CPI,lgbm,PRICE+RATES,decay3y,0.1,4,0.056338028169014086,0.06253583761760018,0.08482652072265154,0.75,0.7623866418220048,-2.0370165749956137,1.1227988782913754,0.2501433504704007,2.0370165749956137,-2.0370165749956137,1.0,-2.0370165749956137
CPI,lgbm,PRICE+RATES,decay3y,0.2,4,0.056338028169014086,0.06253583761760018,0.08482652072265154,0.75,0.7623866418220048,-2.0370165749956137,1.1227988782913754,0.2501433504704007,2.0370165749956137,-2.0370165749956137,1.0,-2.0370165749956137
CPI,lgbm,PRICE+RATES,decay3y,0.3,2,0.028169014084507043,-0.3742378190872572,0.0,0.5,1.2885409368210994,-2.0370165749956137,0.6325628139888229,-0.7484756381745143,2.0370165749956137,-2.0370165749956137,1.0,-2.0370165749956137
CPI,lgbm,PRICE+DXYFX,expanding,0.0,0,0.0,,,,,,,,,,,
CPI,lgbm,PRICE+DXYFX,expanding,0.1,0,0.0,,,,,,,,,,,
CPI,lgbm,PRICE+DXYFX,expanding,0.2,0,0.0,,,,,,,,,,,
CPI,lgbm,PRICE+DXYFX,expanding,0.3,0,0.0,,,,,,,,,,,
CPI,lgbm,PRICE+DXYFX,rolling5y,0.0,3,0.04225352112676056,-0.010293297098708557,-0.01195603857687499,0.6666666666666666,0.803896378248924,-1.6386726477939737,0.9811555460221436,-0.030879891296125672,1.6386726477939737,-1.6386726477939737,1.0,-1.6386726477939737
CPI,lgbm,PRICE+DXYFX,rolling5y,0.1,2,0.028169014084507043,0.803896378248924,0.0,1.0,0.803896378248924,0.0,inf,1.607792756497848,0.0,0.3192518196767486,0.0,0.3192518196767486
CPI,lgbm,PRICE+DXYFX,rolling5y,0.2,1,0.014084507042253521,0.3192518196767486,0.0,1.0,0.3192518196767486,0.0,inf,0.3192518196767486,0.0,0.3192518196767486,0.0,0.3192518196767486
CPI,lgbm,PRICE+DXYFX,rolling5y,0.3,0,0.0,,,,,,,,,,,
CPI,lgbm,PRICE+DXYFX,decay3y,0.0,4,0.056338028169014086,0.13900518176459004,0.19728371510241136,0.75,0.8152033128915663,-1.8895892116163389,1.2942548166766599,0.5560207270583601,1.8895892116163389,-1.8895892116163389,1.0,-1.8895892116163389
CPI,lgbm,PRICE+DXYFX,decay3y,0.1,4,0.056338028169014086,0.13900518176459004,0.19728371510241136,0.75,0.8152033128915663,-1.8895892116163389,1.2942548166766599,0.5560207270583601,1.8895892116163389,-1.8895892116163389,1.0,-1.8895892116163389
CPI,lgbm,PRICE+DXYFX,decay3y,0.2,3,0.04225352112676056,0.8152033128915663,2.91104505969533,1.0,0.8152033128915663,0.0,inf,2.445609938674699,0.0,0.3192518196767486,0.0,0.3192518196767486
CPI,lgbm,PRICE+DXYFX,decay3y,0.3,1,0.014084507042253521,1.2885409368210994,0.0,1.0,1.2885409368210994,0.0,inf,1.2885409368210994,0.0,1.2885409368210994,0.0,1.2885409368210994
CPI,lgbm,PRICE+VOLRISK,expanding,0.0,2,0.028169014084507043,-0.19570632882151706,0.0,0.5,1.117900050655555,-1.509312708298589,0.7406682819995175,-0.3914126576430341,1.509312708298589,-1.509312708298589,1.0,-1.509312708298589
CPI,lgbm,PRICE+VOLRISK,expanding,0.1,0,0.0,,,,,,,,,,,
CPI,lgbm,PRICE+VOLRISK,expanding,0.2,0,0.0,,,,,,,,,,,
CPI,lgbm,PRICE+VOLRISK,expanding,0.3,0,0.0,,,,,,,,,,,
CPI,lgbm,PRICE+VOLRISK,rolling5y,0.0,3,0.04225352112676056,0.02253737015557326,0.021489863404442457,0.6666666666666666,1.0631790594989752,-2.0587460085312306,1.0328414045183536,0.06761211046671978,2.0587460085312306,-2.0587460085312306,1.0,-2.0587460085312306
CPI,lgbm,PRICE+VOLRISK,rolling5y,0.1,2,0.028169014084507043,-0.3851025358550656,0.0,0.5,1.2885409368210994,-2.0587460085312306,0.6258863072382503,-0.7702050717101312,2.0587460085312306,-2.0587460085312306,1.0,-2.0587460085312306
CPI,lgbm,PRICE+VOLRISK,rolling5y,0.2,2,0.028169014084507043,-0.3851025358550656,0.0,0.5,1.2885409368210994,-2.0587460085312306,0.6258863072382503,-0.7702050717101312,2.0587460085312306,-2.0587460085312306,1.0,-2.0587460085312306
CPI,lgbm,PRICE+VOLRISK,rolling5y,0.3,1,0.014084507042253521,-2.0587460085312306,0.0,0.0,0.0,-2.0587460085312306,0.0,-2.0587460085312306,2.0587460085312306,-2.0587460085312306,1.0,-2.0587460085312306
CPI,lgbm,PRICE+VOLRISK,decay3y,0.0,6,0.08450704225352113,-0.2232075988127404,-0.3941586880657546,0.5,0.8883022714737591,-1.3347174690992398,0.6655358096670805,-1.3392455928764424,3.7456865803530968,-2.0370165749956137,2.0,-2.0370165749956137
CPI,lgbm,PRICE+VOLRISK,decay3y,0.1,6,0.08450704225352113,-0.2232075988127404,-0.3941586880657546,0.5,0.8883022714737591,-1.3347174690992398,0.6655358096670805,-1.3392455928764424,3.7456865803530968,-2.0370165749956137,2.0,-2.0370165749956137
CPI,lgbm,PRICE+VOLRISK,decay3y,0.2,3,0.04225352112676056,-0.22021689913181197,-0.23385780739721107,0.6666666666666666,0.6881829388000889,-2.0370165749956137,0.6756773089110193,-0.6606506973954359,2.0370165749956137,-2.0370165749956137,1.0,-2.0370165749956137
CPI,lgbm,PRICE+VOLRISK,decay3y,0.3,2,0.028169014084507043,-0.4595582621700294,0.0,0.5,1.117900050655555,-2.0370165749956137,0.5487928102195055,-0.9191165243400587,2.0370165749956137,-2.0370165749956137,1.0,-2.0370165749956137
CPI,lgbm,PRICE+CONSENSUS,expanding,0.0,0,0.0,,,,,,,,,,,
CPI,lgbm,PRICE+CONSENSUS,expanding,0.1,0,0.0,,,,,,,,,,,
CPI,lgbm,PRICE+CONSENSUS,expanding,0.2,0,0.0,,,,,,,,,,,
CPI,lgbm,PRICE+CONSENSUS,expanding,0.3,0,0.0,,,,,,,,,,,
CPI,lgbm,PRICE+CONSENSUS,rolling5y,0.0,2,0.028169014084507043,-0.3851025358550656,0.0,0.5,1.2885409368210994,-2.0587460085312306,0.6258863072382503,-0.7702050717101312,2.0587460085312306,-2.0587460085312306,1.0,-2.0587460085312306
CPI,lgbm,PRICE+CONSENSUS,rolling5y,0.1,2,0.028169014084507043,-0.3851025358550656,0.0,0.5,1.2885409368210994,-2.0587460085312306,0.6258863072382503,-0.7702050717101312,2.0587460085312306,-2.0587460085312306,1.0,-2.0587460085312306
CPI,lgbm,PRICE+CONSENSUS,rolling5y,0.2,1,0.014084507042253521,1.2885409368210994,0.0,1.0,1.2885409368210994,0.0,inf,1.2885409368210994,0.0,1.2885409368210994,0.0,1.2885409368210994
CPI,lgbm,PRICE+CONSENSUS,rolling5y,0.3,1,0.014084507042253521,1.2885409368210994,0.0,1.0,1.2885409368210994,0.0,inf,1.2885409368210994,0.0,1.2885409368210994,0.0,1.2885409368210994
CPI,lgbm,PRICE+CONSENSUS,decay3y,0.0,4,0.056338028169014086,-1.0281005435327635,-1.6034922040448791,0.25,0.837817182176851,-1.6500731187693016,0.16924849625284738,-4.112402174131054,4.950219356307905,-2.0370165749956137,3.0,-2.0370165749956137
CPI,lgbm,PRICE+CONSENSUS,decay3y,0.1,3,0.04225352112676056,-0.945957346870912,-1.0519172545641287,0.3333333333333333,0.837817182176851,-1.8378446113947937,0.22793471683686228,-2.8378720406127362,3.6756892227895874,-2.0370165749956137,2.0,-2.0370165749956137
CPI,lgbm,PRICE+CONSENSUS,decay3y,0.2,2,0.028169014084507043,-1.8378446113947937,0.0,0.0,0.0,-1.8378446113947937,0.0,-3.6756892227895874,3.6756892227895874,-2.0370165749956137,2.0,-2.0370165749956137
CPI,lgbm,PRICE+CONSENSUS,decay3y,0.3,1,0.014084507042253521,-2.0370165749956137,0.0,0.0,0.0,-2.0370165749956137,0.0,-2.0370165749956137,2.0370165749956137,-2.0370165749956137,1.0,-2.0370165749956137
CPI,lgbm,PRICE+FED,expanding,0.0,1,0.014084507042253521,-0.09173514993219826,0.0,0.0,0.0,-0.09173514993219826,0.0,-0.09173514993219826,0.09173514993219826,-0.09173514993219826,1.0,-0.09173514993219826
CPI,lgbm,PRICE+FED,expanding,0.1,1,0.014084507042253521,-0.09173514993219826,0.0,0.0,0.0,-0.09173514993219826,0.0,-0.09173514993219826,0.09173514993219826,-0.09173514993219826,1.0,-0.09173514993219826
CPI,lgbm,PRICE+FED,expanding,0.2,0,0.0,,,,,,,,,,,
CPI,lgbm,PRICE+FED,expanding,0.3,0,0.0,,,,,,,,,,,
CPI,lgbm,PRICE+FED,rolling5y,0.0,6,0.08450704225352113,-0.12816613397875007,-0.22748881934727774,0.6666666666666666,0.732105463113176,-1.8487093281626021,0.7920179251118964,-0.7689968038725004,3.6974186563252043,-2.0587460085312306,2.0,-2.0587460085312306
CPI,lgbm,PRICE+FED,rolling5y,0.1,5,0.07042253521126761,0.2579498409317461,0.5133463895751548,0.8,0.732105463113176,-1.6386726477939737,1.7870694652742427,1.2897492046587304,1.6386726477939737,-1.6386726477939737,1.0,-1.6386726477939737
CPI,lgbm,PRICE+FED,rolling5y,0.2,4,0.056338028169014086,0.0003020669594077652,0.0005423668731351617,0.75,0.5466269718772016,-1.6386726477939737,1.000737345460216,0.0012082678376310607,1.6386726477939737,-1.6386726477939737,1.0,-1.6386726477939737
CPI,lgbm,PRICE+FED,rolling5y,0.3,1,0.014084507042253521,0.48281191377800514,0.0,1.0,0.48281191377800514,0.0,inf,0.48281191377800514,0.0,0.48281191377800514,0.0,0.48281191377800514
CPI,lgbm,PRICE+FED,decay3y,0.0,6,0.08450704225352113,-0.07059464633530899,-0.17016554358246333,0.6666666666666666,0.4349741823418858,-1.0817323036896984,0.8042177918847856,-0.4235678780118539,2.0370165749956137,-2.0370165749956137,1.0,-2.0370165749956137
CPI,lgbm,PRICE+FED,decay3y,0.1,4,0.056338028169014086,-0.3799627217833319,-0.6710825807351402,0.5,0.3218068601230346,-1.0817323036896984,0.29749214202569185,-1.5198508871333276,2.0370165749956137,-2.0370165749956137,1.0,-2.0370165749956137
CPI,lgbm,PRICE+FED,decay3y,0.2,3,0.04225352112676056,-0.46446761824984817,-0.5866340153998978,0.6666666666666666,0.3218068601230346,-2.0370165749956137,0.3159590001114523,-1.3934028547495445,2.0370165749956137,-2.0370165749956137,1.0,-2.0370165749956137
CPI,lgbm,PRICE+FED,decay3y,0.3,0,0.0,,,,,,,,,,,
CPI,lgbm,PRICE+POSITIONING,expanding,0.0,0,0.0,,,,,,,,,,,
CPI,lgbm,PRICE+POSITIONING,expanding,0.1,0,0.0,,,,,,,,,,,
CPI,lgbm,PRICE+POSITIONING,expanding,0.2,0,0.0,,,,,,,,,,,
CPI,lgbm,PRICE+POSITIONING,expanding,0.3,0,0.0,,,,,,,,,,,
CPI,lgbm,PRICE+POSITIONING,rolling5y,0.0,4,0.056338028169014086,-0.5224064749568391,-0.6566819138944862,0.5,0.803896378248924,-1.8487093281626021,0.4348419548723226,-2.0896258998273565,3.6974186563252043,-2.0587460085312306,2.0,-2.0587460085312306
CPI,lgbm,PRICE+POSITIONING,rolling5y,0.1,3,0.04225352112676056,-0.8029592398347015,-0.7627200274344269,0.3333333333333333,1.2885409368210994,-1.8487093281626021,0.3484974401307739,-2.4088777195041047,3.6974186563252043,-2.0587460085312306,2.0,-2.0587460085312306
CPI,lgbm,PRICE+POSITIONING,rolling5y,0.2,2,0.028169014084507043,-0.17506585548643716,0.0,0.5,1.2885409368210994,-1.6386726477939737,0.7863321198140267,-0.3501317109728743,1.6386726477939737,-1.6386726477939737,1.0,-1.6386726477939737
CPI,lgbm,PRICE+POSITIONING,rolling5y,0.3,0,0.0,,,,,,,,,,,
CPI,lgbm,PRICE+POSITIONING,decay3y,0.0,8,0.11267605633802817,-0.11613965970292284,-0.27023250038362084,0.625,0.6178447317841537,-1.3394469788480503,0.7687808744216609,-0.9291172776233827,2.0370165749956137,-2.0370165749956137,1.0,-2.0370165749956137
CPI,lgbm,PRICE+POSITIONING,decay3y,0.1,5,0.07042253521126761,0.20776652816727306,0.37769436402312007,0.8,0.732105463113176,-1.8895892116163389,1.5497663907319605,1.0388326408363653,1.8895892116163389,-1.8895892116163389,1.0,-1.8895892116163389
CPI,lgbm,PRICE+POSITIONING,decay3y,0.2,3,0.04225352112676056,0.8697233442586518,3.730470570891112,1.0,0.8697233442586518,0.0,inf,2.6091700327759555,0.0,0.48281191377800514,0.0,0.48281191377800514
CPI,lgbm,PRICE+POSITIONING,decay3y,0.3,1,0.014084507042253521,0.837817182176851,0.0,1.0,0.837817182176851,0.0,inf,0.837817182176851,0.0,0.837817182176851,0.0,0.837817182176851
CPI,lgbm,PRICE+MACRO+RATES,expanding,0.0,0,0.0,,,,,,,,,,,
CPI,lgbm,PRICE+MACRO+RATES,expanding,0.1,0,0.0,,,,,,,,,,,
CPI,lgbm,PRICE+MACRO+RATES,expanding,0.2,0,0.0,,,,,,,,,,,
CPI,lgbm,PRICE+MACRO+RATES,expanding,0.3,0,0.0,,,,,,,,,,,
CPI,lgbm,PRICE+MACRO+RATES,rolling5y,0.0,11,0.15492957746478872,-0.41939086944800646,-1.270029442981627,0.45454545454545453,0.4623809881360307,-1.1542007507680374,0.3338392301832744,-4.613299563928071,5.46332729877664,-2.15178059026271,3.0,-2.15178059026271
CPI,lgbm,PRICE+MACRO+RATES,rolling5y,0.1,9,0.1267605633802817,-0.3569245997806634,-0.9072855571833067,0.5555555555555556,0.4623809881360307,-1.381056584676531,0.418502935783338,-3.21232139802597,4.188797165258324,-2.15178059026271,2.0,-2.15178059026271
CPI,lgbm,PRICE+MACRO+RATES,rolling5y,0.2,4,0.056338028169014086,0.457273256725537,1.641414729285356,1.0,0.457273256725537,0.0,inf,1.829093026902148,0.0,0.12128445666836171,0.0,0.12128445666836171
CPI,lgbm,PRICE+MACRO+RATES,rolling5y,0.3,4,0.056338028169014086,0.457273256725537,1.641414729285356,1.0,0.457273256725537,0.0,inf,1.829093026902148,0.0,0.12128445666836171,0.0,0.12128445666836171
CPI,lgbm,PRICE+MACRO+RATES,decay3y,0.0,11,0.15492957746478872,0.019809571038490882,0.06686166998022927,0.5454545454545454,0.6637962704571567,-0.7529744682639081,1.0578785312404582,0.2179052814233997,3.5123353849192784,-2.0370165749956137,2.0,-2.0370165749956137
CPI,lgbm,PRICE+MACRO+RATES,decay3y,0.1,9,0.1267605633802817,-0.09283257832311895,-0.28084329072972203,0.5555555555555556,0.5388473371843683,-0.8824324727074779,0.7632982605613403,-0.8354932049080706,3.3115467085139305,-2.0370165749956137,2.0,-2.0370165749956137
CPI,lgbm,PRICE+MACRO+RATES,decay3y,0.2,6,0.08450704225352113,-0.3634849875513626,-0.8272621853271737,0.5,0.41902827186317926,-1.1459982469659045,0.3656447756116385,-2.1809099253081756,3.3115467085139305,-2.0370165749956137,2.0,-2.0370165749956137
CPI,lgbm,PRICE+MACRO+RATES,decay3y,0.3,5,0.07042253521126761,-0.1812759583579718,-0.37019307394675016,0.6,0.41902827186317926,-1.0817323036896984,0.5810517127489522,-0.9063797917898591,2.0370165749956137,-2.0370165749956137,1.0,-2.0370165749956137
CPI,lgbm,ALL,expanding,0.0,1,0.014084507042253521,1.2885409368210994,0.0,1.0,1.2885409368210994,0.0,inf,1.2885409368210994,0.0,1.2885409368210994,0.0,1.2885409368210994
CPI,lgbm,ALL,expanding,0.1,1,0.014084507042253521,1.2885409368210994,0.0,1.0,1.2885409368210994,0.0,inf,1.2885409368210994,0.0,1.2885409368210994,0.0,1.2885409368210994
CPI,lgbm,ALL,expanding,0.2,0,0.0,,,,,,,,,,,
CPI,lgbm,ALL,expanding,0.3,0,0.0,,,,,,,,,,,
CPI,lgbm,ALL,rolling5y,0.0,8,0.11267605633802817,-0.45530519023357396,-1.2147246047660873,0.375,0.556097073478028,-1.0621465484605352,0.3141357890494657,-3.6424415218685917,3.642441521868592,-2.0587460085312306,2.0,-2.0587460085312306
CPI,lgbm,ALL,rolling5y,0.1,6,0.08450704225352113,-0.37596279518711806,-0.7760559125825816,0.5,0.556097073478028,-1.308022663852264,0.4251433012943856,-2.2557767711227084,2.442307608391936,-2.0587460085312306,1.0,-2.0587460085312306
CPI,lgbm,ALL,rolling5y,0.2,1,0.014084507042253521,0.25846582694462283,0.0,1.0,0.25846582694462283,0.0,inf,0.25846582694462283,0.0,0.25846582694462283,0.0,0.25846582694462283
CPI,lgbm,ALL,rolling5y,0.3,1,0.014084507042253521,0.25846582694462283,0.0,1.0,0.25846582694462283,0.0,inf,0.25846582694462283,0.0,0.25846582694462283,0.0,0.25846582694462283
CPI,lgbm,ALL,decay3y,0.0,9,0.1267605633802817,-0.1292516541887559,-0.393127914568457,0.5555555555555556,0.5019744607377079,-0.9182842978468356,0.6833048081007184,-1.163264887698803,3.3115467085139305,-2.0370165749956137,2.0,-2.0370165749956137
CPI,lgbm,ALL,decay3y,0.1,5,0.07042253521126761,-0.28498903085799226,-0.6409578262342464,0.6,0.24617315102981183,-1.0817323036896984,0.3413596185351992,-1.4249451542899614,2.0370165749956137,-2.0370165749956137,1.0,-2.0370165749956137
CPI,lgbm,ALL,decay3y,0.2,4,0.056338028169014086,-0.4360492434916775,-0.8076911659024826,0.5,0.20963381670634343,-1.0817323036896984,0.19379454232003612,-1.74419697396671,2.0370165749956137,-2.0370165749956137,1.0,-2.0370165749956137
CPI,lgbm,ALL,decay3y,0.3,1,0.014084507042253521,0.25846582694462283,0.0,1.0,0.25846582694462283,0.0,inf,0.25846582694462283,0.0,0.25846582694462283,0.0,0.25846582694462283
CPI,knn,PRICE,expanding,0.0,0,0.0,,,,,,,,,,,
CPI,knn,PRICE,expanding,0.1,0,0.0,,,,,,,,,,,
CPI,knn,PRICE,expanding,0.2,0,0.0,,,,,,,,,,,
CPI,knn,PRICE,expanding,0.3,0,0.0,,,,,,,,,,,
CPI,knn,PRICE,rolling5y,0.0,1,0.014084507042253521,-0.11213461722756671,0.0,0.0,0.0,-0.11213461722756671,0.0,-0.11213461722756671,0.11213461722756671,-0.11213461722756671,1.0,-0.11213461722756671
CPI,knn,PRICE,rolling5y,0.1,1,0.014084507042253521,-0.11213461722756671,0.0,0.0,0.0,-0.11213461722756671,0.0,-0.11213461722756671,0.11213461722756671,-0.11213461722756671,1.0,-0.11213461722756671
CPI,knn,PRICE,rolling5y,0.2,0,0.0,,,,,,,,,,,
CPI,knn,PRICE,rolling5y,0.3,0,0.0,,,,,,,,,,,
CPI,knn,PRICE,decay3y,0.0,0,0.0,,,,,,,,,,,
CPI,knn,PRICE,decay3y,0.1,0,0.0,,,,,,,,,,,
CPI,knn,PRICE,decay3y,0.2,0,0.0,,,,,,,,,,,
CPI,knn,PRICE,decay3y,0.3,0,0.0,,,,,,,,,,,
CPI,knn,PRICE+MACRO,expanding,0.0,0,0.0,,,,,,,,,,,
CPI,knn,PRICE+MACRO,expanding,0.1,0,0.0,,,,,,,,,,,
CPI,knn,PRICE+MACRO,expanding,0.2,0,0.0,,,,,,,,,,,
CPI,knn,PRICE+MACRO,expanding,0.3,0,0.0,,,,,,,,,,,
CPI,knn,PRICE+MACRO,rolling5y,0.0,1,0.014084507042253521,-0.11213461722756671,0.0,0.0,0.0,-0.11213461722756671,0.0,-0.11213461722756671,0.11213461722756671,-0.11213461722756671,1.0,-0.11213461722756671
CPI,knn,PRICE+MACRO,rolling5y,0.1,1,0.014084507042253521,-0.11213461722756671,0.0,0.0,0.0,-0.11213461722756671,0.0,-0.11213461722756671,0.11213461722756671,-0.11213461722756671,1.0,-0.11213461722756671
CPI,knn,PRICE+MACRO,rolling5y,0.2,1,0.014084507042253521,-0.11213461722756671,0.0,0.0,0.0,-0.11213461722756671,0.0,-0.11213461722756671,0.11213461722756671,-0.11213461722756671,1.0,-0.11213461722756671
CPI,knn,PRICE+MACRO,rolling5y,0.3,0,0.0,,,,,,,,,,,
CPI,knn,PRICE+MACRO,decay3y,0.0,0,0.0,,,,,,,,,,,
CPI,knn,PRICE+MACRO,decay3y,0.1,0,0.0,,,,,,,,,,,
CPI,knn,PRICE+MACRO,decay3y,0.2,0,0.0,,,,,,,,,,,
CPI,knn,PRICE+MACRO,decay3y,0.3,0,0.0,,,,,,,,,,,
CPI,knn,PRICE+RATES,expanding,0.0,0,0.0,,,,,,,,,,,
CPI,knn,PRICE+RATES,expanding,0.1,0,0.0,,,,,,,,,,,
CPI,knn,PRICE+RATES,expanding,0.2,0,0.0,,,,,,,,,,,
CPI,knn,PRICE+RATES,expanding,0.3,0,0.0,,,,,,,,,,,
CPI,knn,PRICE+RATES,rolling5y,0.0,0,0.0,,,,,,,,,,,
CPI,knn,PRICE+RATES,rolling5y,0.1,0,0.0,,,,,,,,,,,
CPI,knn,PRICE+RATES,rolling5y,0.2,0,0.0,,,,,,,,,,,
CPI,knn,PRICE+RATES,rolling5y,0.3,0,0.0,,,,,,,,,,,
CPI,knn,PRICE+RATES,decay3y,0.0,0,0.0,,,,,,,,,,,
CPI,knn,PRICE+RATES,decay3y,0.1,0,0.0,,,,,,,,,,,
CPI,knn,PRICE+RATES,decay3y,0.2,0,0.0,,,,,,,,,,,
CPI,knn,PRICE+RATES,decay3y,0.3,0,0.0,,,,,,,,,,,
CPI,knn,PRICE+DXYFX,expanding,0.0,0,0.0,,,,,,,,,,,
CPI,knn,PRICE+DXYFX,expanding,0.1,0,0.0,,,,,,,,,,,
CPI,knn,PRICE+DXYFX,expanding,0.2,0,0.0,,,,,,,,,,,
CPI,knn,PRICE+DXYFX,expanding,0.3,0,0.0,,,,,,,,,,,
CPI,knn,PRICE+DXYFX,rolling5y,0.0,1,0.014084507042253521,-0.11213461722756671,0.0,0.0,0.0,-0.11213461722756671,0.0,-0.11213461722756671,0.11213461722756671,-0.11213461722756671,1.0,-0.11213461722756671
CPI,knn,PRICE+DXYFX,rolling5y,0.1,0,0.0,,,,,,,,,,,
CPI,knn,PRICE+DXYFX,rolling5y,0.2,0,0.0,,,,,,,,,,,
CPI,knn,PRICE+DXYFX,rolling5y,0.3,0,0.0,,,,,,,,,,,
CPI,knn,PRICE+DXYFX,decay3y,0.0,0,0.0,,,,,,,,,,,
CPI,knn,PRICE+DXYFX,decay3y,0.1,0,0.0,,,,,,,,,,,
CPI,knn,PRICE+DXYFX,decay3y,0.2,0,0.0,,,,,,,,,,,
CPI,knn,PRICE+DXYFX,decay3y,0.3,0,0.0,,,,,,,,,,,
CPI,knn,PRICE+VOLRISK,expanding,0.0,0,0.0,,,,,,,,,,,
CPI,knn,PRICE+VOLRISK,expanding,0.1,0,0.0,,,,,,,,,,,
CPI,knn,PRICE+VOLRISK,expanding,0.2,0,0.0,,,,,,,,,,,
CPI,knn,PRICE+VOLRISK,expanding,0.3,0,0.0,,,,,,,,,,,
CPI,knn,PRICE+VOLRISK,rolling5y,0.0,1,0.014084507042253521,-0.11213461722756671,0.0,0.0,0.0,-0.11213461722756671,0.0,-0.11213461722756671,0.11213461722756671,-0.11213461722756671,1.0,-0.11213461722756671
CPI,knn,PRICE+VOLRISK,rolling5y,0.1,0,0.0,,,,,,,,,,,
CPI,knn,PRICE+VOLRISK,rolling5y,0.2,0,0.0,,,,,,,,,,,
CPI,knn,PRICE+VOLRISK,rolling5y,0.3,0,0.0,,,,,,,,,,,
CPI,knn,PRICE+VOLRISK,decay3y,0.0,0,0.0,,,,,,,,,,,
CPI,knn,PRICE+VOLRISK,decay3y,0.1,0,0.0,,,,,,,,,,,
CPI,knn,PRICE+VOLRISK,decay3y,0.2,0,0.0,,,,,,,,,,,
CPI,knn,PRICE+VOLRISK,decay3y,0.3,0,0.0,,,,,,,,,,,
CPI,knn,PRICE+CONSENSUS,expanding,0.0,0,0.0,,,,,,,,,,,
CPI,knn,PRICE+CONSENSUS,expanding,0.1,0,0.0,,,,,,,,,,,
CPI,knn,PRICE+CONSENSUS,expanding,0.2,0,0.0,,,,,,,,,,,
CPI,knn,PRICE+CONSENSUS,expanding,0.3,0,0.0,,,,,,,,,,,
CPI,knn,PRICE+CONSENSUS,rolling5y,0.0,0,0.0,,,,,,,,,,,
CPI,knn,PRICE+CONSENSUS,rolling5y,0.1,0,0.0,,,,,,,,,,,
CPI,knn,PRICE+CONSENSUS,rolling5y,0.2,0,0.0,,,,,,,,,,,
CPI,knn,PRICE+CONSENSUS,rolling5y,0.3,0,0.0,,,,,,,,,,,
CPI,knn,PRICE+CONSENSUS,decay3y,0.0,0,0.0,,,,,,,,,,,
CPI,knn,PRICE+CONSENSUS,decay3y,0.1,0,0.0,,,,,,,,,,,
CPI,knn,PRICE+CONSENSUS,decay3y,0.2,0,0.0,,,,,,,,,,,
CPI,knn,PRICE+CONSENSUS,decay3y,0.3,0,0.0,,,,,,,,,,,
CPI,knn,PRICE+FED,expanding,0.0,0,0.0,,,,,,,,,,,
CPI,knn,PRICE+FED,expanding,0.1,0,0.0,,,,,,,,,,,
CPI,knn,PRICE+FED,expanding,0.2,0,0.0,,,,,,,,,,,
CPI,knn,PRICE+FED,expanding,0.3,0,0.0,,,,,,,,,,,
CPI,knn,PRICE+FED,rolling5y,0.0,1,0.014084507042253521,-0.11213461722756671,0.0,0.0,0.0,-0.11213461722756671,0.0,-0.11213461722756671,0.11213461722756671,-0.11213461722756671,1.0,-0.11213461722756671
CPI,knn,PRICE+FED,rolling5y,0.1,1,0.014084507042253521,-0.11213461722756671,0.0,0.0,0.0,-0.11213461722756671,0.0,-0.11213461722756671,0.11213461722756671,-0.11213461722756671,1.0,-0.11213461722756671
CPI,knn,PRICE+FED,rolling5y,0.2,0,0.0,,,,,,,,,,,
CPI,knn,PRICE+FED,rolling5y,0.3,0,0.0,,,,,,,,,,,
CPI,knn,PRICE+FED,decay3y,0.0,0,0.0,,,,,,,,,,,
CPI,knn,PRICE+FED,decay3y,0.1,0,0.0,,,,,,,,,,,
CPI,knn,PRICE+FED,decay3y,0.2,0,0.0,,,,,,,,,,,
CPI,knn,PRICE+FED,decay3y,0.3,0,0.0,,,,,,,,,,,
CPI,knn,PRICE+POSITIONING,expanding,0.0,0,0.0,,,,,,,,,,,
CPI,knn,PRICE+POSITIONING,expanding,0.1,0,0.0,,,,,,,,,,,
CPI,knn,PRICE+POSITIONING,expanding,0.2,0,0.0,,,,,,,,,,,
CPI,knn,PRICE+POSITIONING,expanding,0.3,0,0.0,,,,,,,,,,,
CPI,knn,PRICE+POSITIONING,rolling5y,0.0,1,0.014084507042253521,-0.11213461722756671,0.0,0.0,0.0,-0.11213461722756671,0.0,-0.11213461722756671,0.11213461722756671,-0.11213461722756671,1.0,-0.11213461722756671
CPI,knn,PRICE+POSITIONING,rolling5y,0.1,1,0.014084507042253521,-0.11213461722756671,0.0,0.0,0.0,-0.11213461722756671,0.0,-0.11213461722756671,0.11213461722756671,-0.11213461722756671,1.0,-0.11213461722756671
CPI,knn,PRICE+POSITIONING,rolling5y,0.2,0,0.0,,,,,,,,,,,
CPI,knn,PRICE+POSITIONING,rolling5y,0.3,0,0.0,,,,,,,,,,,
CPI,knn,PRICE+POSITIONING,decay3y,0.0,0,0.0,,,,,,,,,,,
CPI,knn,PRICE+POSITIONING,decay3y,0.1,0,0.0,,,,,,,,,,,
CPI,knn,PRICE+POSITIONING,decay3y,0.2,0,0.0,,,,,,,,,,,
CPI,knn,PRICE+POSITIONING,decay3y,0.3,0,0.0,,,,,,,,,,,
CPI,knn,PRICE+MACRO+RATES,expanding,0.0,0,0.0,,,,,,,,,,,
CPI,knn,PRICE+MACRO+RATES,expanding,0.1,0,0.0,,,,,,,,,,,
CPI,knn,PRICE+MACRO+RATES,expanding,0.2,0,0.0,,,,,,,,,,,
CPI,knn,PRICE+MACRO+RATES,expanding,0.3,0,0.0,,,,,,,,,,,
CPI,knn,PRICE+MACRO+RATES,rolling5y,0.0,2,0.028169014084507043,-0.7771023306088043,0.0,0.5,0.48281191377800514,-2.0370165749956137,0.23701913853059578,-1.5542046612176086,2.0370165749956137,-2.0370165749956137,1.0,-2.0370165749956137
CPI,knn,PRICE+MACRO+RATES,rolling5y,0.1,2,0.028169014084507043,-0.7771023306088043,0.0,0.5,0.48281191377800514,-2.0370165749956137,0.23701913853059578,-1.5542046612176086,2.0370165749956137,-2.0370165749956137,1.0,-2.0370165749956137
CPI,knn,PRICE+MACRO+RATES,rolling5y,0.2,1,0.014084507042253521,0.48281191377800514,0.0,1.0,0.48281191377800514,0.0,inf,0.48281191377800514,0.0,0.48281191377800514,0.0,0.48281191377800514
CPI,knn,PRICE+MACRO+RATES,rolling5y,0.3,1,0.014084507042253521,0.48281191377800514,0.0,1.0,0.48281191377800514,0.0,inf,0.48281191377800514,0.0,0.48281191377800514,0.0,0.48281191377800514
CPI,knn,PRICE+MACRO+RATES,decay3y,0.0,0,0.0,,,,,,,,,,,
CPI,knn,PRICE+MACRO+RATES,decay3y,0.1,0,0.0,,,,,,,,,,,
CPI,knn,PRICE+MACRO+RATES,decay3y,0.2,0,0.0,,,,,,,,,,,
CPI,knn,PRICE+MACRO+RATES,decay3y,0.3,0,0.0,,,,,,,,,,,
CPI,knn,ALL,expanding,0.0,0,0.0,,,,,,,,,,,
CPI,knn,ALL,expanding,0.1,0,0.0,,,,,,,,,,,
CPI,knn,ALL,expanding,0.2,0,0.0,,,,,,,,,,,
CPI,knn,ALL,expanding,0.3,0,0.0,,,,,,,,,,,
CPI,knn,ALL,rolling5y,0.0,3,0.04225352112676056,-0.5554464261483918,-0.7304337988678442,0.3333333333333333,0.48281191377800514,-1.0745755961115901,0.224652372306372,-1.6663392784451754,2.0370165749956137,-2.0370165749956137,1.0,-2.0370165749956137
CPI,knn,ALL,rolling5y,0.1,2,0.028169014084507043,-0.7771023306088043,0.0,0.5,0.48281191377800514,-2.0370165749956137,0.23701913853059578,-1.5542046612176086,2.0370165749956137,-2.0370165749956137,1.0,-2.0370165749956137
CPI,knn,ALL,rolling5y,0.2,1,0.014084507042253521,0.48281191377800514,0.0,1.0,0.48281191377800514,0.0,inf,0.48281191377800514,0.0,0.48281191377800514,0.0,0.48281191377800514
CPI,knn,ALL,rolling5y,0.3,1,0.014084507042253521,0.48281191377800514,0.0,1.0,0.48281191377800514,0.0,inf,0.48281191377800514,0.0,0.48281191377800514,0.0,0.48281191377800514
CPI,knn,ALL,decay3y,0.0,0,0.0,,,,,,,,,,,
CPI,knn,ALL,decay3y,0.1,0,0.0,,,,,,,,,,,
CPI,knn,ALL,decay3y,0.2,0,0.0,,,,,,,,,,,
CPI,knn,ALL,decay3y,0.3,0,0.0,,,,,,,,,,,
NFP,ridge,PRICE,expanding,0.0,41,0.5774647887323944,-0.40797631936949846,-1.7088141090785114,0.36585365853658536,1.2635816018830601,-1.3723366585536665,0.5312030259907669,-16.727029094149437,18.07567039916115,-3.6822567566392563,5.0,-2.5960036255902494
NFP,ridge,PRICE,expanding,0.1,38,0.5352112676056338,-0.4026225008552263,-1.592990658837051,0.3684210526315789,1.2804761240739706,-1.3844300320639242,0.5395320734239366,-15.299655032498599,16.64829633751031,-3.6822567566392563,4.0,-2.718980374193453
NFP,ridge,PRICE,expanding,0.2,37,0.5211267605633803,-0.5209191128075598,-2.2700622511776407,0.35135135135135137,1.0732548919734206,-1.3844300320639242,0.41991750132165095,-19.27400717387971,20.62264847889142,-3.6822567566392563,6.0,-2.718980374193453
NFP,ridge,PRICE,expanding,0.3,32,0.4507042253521127,-0.6765571725688685,-2.7574282632133946,0.28125,1.1452772925160661,-1.389448919776017,0.3225393734519361,-21.64982952220379,21.64982952220379,-3.6822567566392563,6.0,-2.718980374193453
NFP,ridge,PRICE,rolling5y,0.0,45,0.6338028169014085,-0.5688757631953233,-2.3334745365459413,0.28888888888888886,1.5460289984315572,-1.4280558226062432,0.439810734755849,-25.599409343789546,26.948050648801257,-3.6822567566392563,6.0,-3.118770545007262
NFP,ridge,PRICE,rolling5y,0.1,42,0.5915492957746479,-0.5678487845911919,-2.1734614634790517,0.30952380952380953,1.5460289984315572,-1.515449170084148,0.4573214963171896,-23.84964895283006,25.198290257841762,-3.6822567566392563,5.0,-3.118770545007262
NFP,ridge,PRICE,rolling5y,0.2,36,0.5070422535211268,-0.48405440453967163,-1.7368924607704062,0.3333333333333333,1.4588393680785758,-1.4555012908487954,0.5011467105013125,-17.42595856342818,18.774599868439893,-3.6822567566392563,4.0,-3.197244572451004
NFP,ridge,PRICE,rolling5y,0.3,34,0.4788732394366197,-0.5425395611681925,-1.8741299692256943,0.3235294117647059,1.4602706974966053,-1.5004053370513568,0.4654677748333203,-18.446345079718544,19.794986384730258,-3.6822567566392563,4.0,-3.197244572451004
NFP,ridge,PRICE,decay3y,0.0,36,0.5070422535211268,-0.4165518321934585,-1.4813943021355085,0.3888888888888889,1.3072200878983717,-1.513497599524623,0.5496324070311593,-14.995865958964504,16.344507263976215,-3.6822567566392563,4.0,-3.197244572451004
NFP,ridge,PRICE,decay3y,0.1,31,0.43661971830985913,-0.29465851251886643,-1.0053665033401515,0.41935483870967744,1.2737328336409202,-1.4273855958564898,0.6444776802427832,-9.13441388808486,11.47182815279917,-3.6822567566392563,4.0,-2.7135263738186644
NFP,ridge,PRICE,decay3y,0.2,28,0.39436619718309857,-0.32394770268543926,-1.0482757371114373,0.39285714285714285,1.3086665154948987,-1.3803451379785991,0.6134583247408029,-9.0705356751923,10.059308634894903,-3.6822567566392563,4.0,-2.9567528708376765
NFP,ridge,PRICE,decay3y,0.3,25,0.352112676056338,-0.3713775223694361,-1.1004965465279017,0.36,1.4302142164485698,-1.3847728754545643,0.5809584452527911,-9.284438059235903,10.39990245458656,-3.6822567566392563,4.0,-2.9567528708376765
NFP,ridge,PRICE+MACRO,expanding,0.0,51,0.7183098591549296,-0.20138555741638398,-0.9049017460876966,0.4117647058823529,1.4015139544845538,-1.32341521574704,0.7413091193646283,-10.270663428235583,15.104002589237139,-3.6822567566392563,6.0,-2.653472593007407
NFP,ridge,PRICE+MACRO,expanding,0.1,46,0.647887323943662,-0.3470919761549616,-1.4725853438229748,0.34782608695652173,1.4835140980801862,-1.32341521574704,0.5978528201593023,-15.966230903128235,19.256547705310687,-3.6822567566392563,7.0,-2.760072396314099
NFP,ridge,PRICE+MACRO,expanding,0.2,43,0.6056338028169014,-0.324620600664802,-1.329294332691939,0.3488372093023256,1.489154815987174,-1.296286002442646,0.6154209079333589,-13.958685828586486,17.249002630768942,-3.6822567566392563,7.0,-2.760072396314099
NFP,ridge,PRICE+MACRO,expanding,0.3,39,0.5492957746478874,-0.46755279946226597,-2.0624911810814393,0.3333333333333333,1.1897850632597131,-1.2962217308232553,0.45894349514726074,-18.234559179028373,21.524875981210826,-3.6822567566392563,6.0,-2.9363468667401
NFP,ridge,PRICE+MACRO,rolling5y,0.0,50,0.704225352112676,-0.2642704532898098,-1.0428492287050235,0.44,1.426694395114875,-1.592885691322062,0.7037379855298177,-13.21352266449049,19.214682089261665,-3.6822567566392563,6.0,-3.335463622520495
NFP,ridge,PRICE+MACRO,rolling5y,0.1,45,0.6338028169014085,-0.2507829959812891,-0.9318059606751791,0.4222222222222222,1.521628663685743,-1.5460069011225817,0.7192460831000369,-11.28523481915801,17.3642080661535,-3.6822567566392563,6.0,-3.356985190004735
NFP,ridge,PRICE+MACRO,rolling5y,0.2,44,0.6197183098591549,-0.2214655801902195,-0.8091959431224454,0.4318181818181818,1.521628663685743,-1.5462172055359509,0.7479141871276225,-9.744485528369658,17.3642080661535,-3.6822567566392563,6.0,-3.356985190004735
NFP,ridge,PRICE+MACRO,rolling5y,0.3,40,0.5633802816901409,-0.0741221039105488,-0.25530682354554624,0.475,1.521628663685743,-1.5178966079262413,0.9069864448656325,-2.964884156421952,15.05893187403995,-3.6822567566392563,6.0,-3.356985190004735
NFP,ridge,PRICE+MACRO,decay3y,0.0,47,0.6619718309859155,-0.1645767853951368,-0.6793158418371323,0.425531914893617,1.4682055458328165,-1.374045178897324,0.7915021138188735,-7.7351089135714295,13.916138845256032,-3.6822567566392563,7.0,-2.760072396314099
NFP,ridge,PRICE+MACRO,decay3y,0.1,43,0.6056338028169014,-0.25711705942640545,-1.0492226260312945,0.3953488372093023,1.4009478173595107,-1.3412364019402736,0.6829551753848615,-11.056033555335434,15.983733071000984,-3.6822567566392563,7.0,-2.760072396314099
NFP,ridge,PRICE+MACRO,decay3y,0.2,42,0.5915492957746479,-0.2358892673902948,-0.9434919909139756,0.40476190476190477,1.4009478173595107,-1.3489384850201624,0.7062179086618825,-9.907349230392382,15.983733071000984,-3.6822567566392563,7.0,-2.760072396314099
NFP,ridge,PRICE+MACRO,decay3y,0.3,37,0.5211267605633803,-0.3597507555770538,-1.509866098960065,0.3783783783783784,1.2078786119183231,-1.3139599357916305,0.5595531792113472,-13.310777956350991,17.278592436168537,-3.6822567566392563,6.0,-2.932284734783796
NFP,ridge,PRICE+RATES,expanding,0.0,45,0.6338028169014085,-0.6367556228878557,-2.9188566707781916,0.3333333333333333,1.0948311087563354,-1.5025489887099512,0.36432459672956435,-28.654003029953508,30.00264433496522,-3.6822567566392563,8.0,-3.118770545007262
NFP,ridge,PRICE+RATES,expanding,0.1,45,0.6338028169014085,-0.6367556228878557,-2.9188566707781916,0.3333333333333333,1.0948311087563354,-1.5025489887099512,0.36432459672956435,-28.654003029953508,30.00264433496522,-3.6822567566392563,8.0,-3.118770545007262
NFP,ridge,PRICE+RATES,expanding,0.2,41,0.5774647887323944,-0.5767017828909038,-2.503896963824411,0.34146341463414637,1.1408008068241153,-1.4672586812616542,0.40315068626517464,-23.644773098527057,24.993414403538765,-3.6822567566392563,7.0,-2.955745675597277
NFP,ridge,PRICE+RATES,expanding,0.3,38,0.5352112676056338,-0.6370904149536413,-2.733941008719135,0.3157894736842105,1.0982896038371381,-1.438035039010924,0.3524969005117743,-24.209435768238368,24.20943576823838,-3.6822567566392563,6.0,-3.197244572451004
NFP,ridge,PRICE+RATES,rolling5y,0.0,46,0.647887323943662,-0.32581011035392576,-1.567929095438487,0.3695652173913043,1.2311873870892005,-1.2385327812688618,0.5827302661458684,-14.987265076280586,16.335906381292297,-3.666041579808751,7.0,-2.7560186021064723
NFP,ridge,PRICE+RATES,rolling5y,0.1,41,0.5774647887323944,-0.42382514532474513,-1.9235981585416937,0.34146341463414637,1.2052132664904496,-1.26851172922892,0.4926445558523615,-17.37683095831455,17.37683095831455,-3.666041579808751,6.0,-2.7560186021064723
NFP,ridge,PRICE+RATES,rolling5y,0.2,39,0.5492957746478874,-0.4336146247293981,-1.925982392421991,0.3333333333333333,1.2015119472959417,-1.2511779107420677,0.48015231766013616,-16.910970364446527,16.910970364446527,-3.666041579808751,6.0,-2.930941807796598
NFP,ridge,PRICE+RATES,rolling5y,0.3,34,0.4788732394366197,-0.37888315362689984,-1.6298496213084281,0.3235294117647059,1.2426230751974143,-1.1543861326298328,0.5148173351076528,-12.882027223314594,12.882027223314594,-3.666041579808751,8.0,-2.679155365127684
NFP,ridge,PRICE+RATES,decay3y,0.0,44,0.6197183098591549,-0.43590534502042627,-1.7520635308149257,0.38636363636363635,1.2912852665322647,-1.5233957300721201,0.5336968248390831,-19.179835180898756,20.528476485910467,-3.6822567566392563,5.0,-3.118770545007262
NFP,ridge,PRICE+RATES,decay3y,0.1,42,0.5915492957746479,-0.3669526788173753,-1.4357545920218875,0.40476190476190477,1.2912852665322647,-1.4945544816551302,0.5875155385901525,-15.412012510329763,16.760653815341477,-3.6822567566392563,5.0,-3.118770545007262
NFP,ridge,PRICE+RATES,decay3y,0.2,39,0.5492957746478874,-0.3232899932815292,-1.2303650264577888,0.41025641025641024,1.2877005141272995,-1.443979041913758,0.6203633404639823,-12.608309737979638,12.608309737979646,-3.6822567566392563,5.0,-3.197244572451004
NFP,ridge,PRICE+RATES,decay3y,0.3,33,0.4647887323943662,-0.5981358394953112,-2.2988341377381163,0.3333333333333333,1.10577581111891,-1.4500916648024218,0.3812779005489885,-19.73848270334527,19.865174138993325,-3.6822567566392563,7.0,-3.197244572451004
NFP,ridge,PRICE+DXYFX,expanding,0.0,39,0.5492957746478874,-0.4180478268785032,-1.704941776145695,0.358974358974359,1.264313829444775,-1.3601703544195387,0.5205346096454397,-16.303865248261626,17.652506553273334,-3.6822567566392563,5.0,-2.718980374193453
NFP,ridge,PRICE+DXYFX,expanding,0.1,37,0.5211267605633803,-0.4281600577561653,-1.676859624213199,0.35135135135135137,1.2989107500269592,-1.3636567453053576,0.5159485029401986,-15.841922136978116,17.190563441989823,-3.6822567566392563,5.0,-2.718980374193453
NFP,ridge,PRICE+DXYFX,expanding,0.2,33,0.4647887323943662,-0.4535469077017241,-1.6452569693545798,0.3333333333333333,1.3508851271581823,-1.3557629251316776,0.49820108741614183,-14.967047954156897,16.31568925916861,-3.6822567566392563,5.0,-2.718980374193453
NFP,ridge,PRICE+DXYFX,expanding,0.3,30,0.4225352112676056,-0.5129487792089954,-2.0110489608658475,0.3333333333333333,1.088538425735889,-1.3136923816814376,0.41430491678068243,-15.388463376269861,16.863796116929624,-3.6822567566392563,8.0,-2.7135263738186644
NFP,ridge,PRICE+DXYFX,rolling5y,0.0,45,0.6338028169014085,-0.48117873180934945,-2.0011824289377125,0.35555555555555557,1.3176552400140107,-1.4736388541946517,0.4933245342423727,-21.653042931420725,23.001684236432435,-3.6822567566392563,4.0,-3.118770545007262
NFP,ridge,PRICE+DXYFX,rolling5y,0.1,39,0.5492957746478874,-0.4948512836739655,-1.8330825741199024,0.358974358974359,1.3787126588157304,-1.5440470914681947,0.5000359724797375,-19.299200063284655,20.64784136829636,-3.6822567566392563,4.0,-3.4105489330413477
NFP,ridge,PRICE+DXYFX,rolling5y,0.2,33,0.4647887323943662,-0.5217794694507785,-1.7497304528551425,0.3333333333333333,1.4666010784546488,-1.5159697434034918,0.4837171338136322,-17.21872249187569,18.5673637968874,-3.6822567566392563,4.0,-3.197244572451004
NFP,ridge,PRICE+DXYFX,rolling5y,0.3,30,0.4225352112676056,-0.4347082661428041,-1.3417697200691217,0.36666666666666664,1.4666010784546488,-1.5354663077518558,0.5529817428153011,-13.041247984284123,14.389889289295834,-3.6822567566392563,3.0,-3.197244572451004
NFP,ridge,PRICE+DXYFX,decay3y,0.0,32,0.4507042253521127,-0.3919573326711391,-1.2729474063827497,0.40625,1.3113654472737042,-1.5573887084228737,0.5761246617616119,-12.54263464547645,13.891275950488158,-3.6822567566392563,4.0,-3.197244572451004
NFP,ridge,PRICE+DXYFX,decay3y,0.1,29,0.4084507042253521,-0.43059357518584784,-1.3230462837990165,0.3793103448275862,1.3508851271581823,-1.5192750043960885,0.5433781959502872,-12.487213680389587,13.835854985401298,-3.6822567566392563,4.0,-3.6741491682240035
NFP,ridge,PRICE+DXYFX,decay3y,0.2,27,0.38028169014084506,-0.2946675896105687,-0.9023965090650712,0.4074074074074074,1.3508851271581823,-1.4259850823890852,0.6512925951267714,-7.956024919485356,10.29343918419967,-3.6822567566392563,3.0,-2.9567528708376765
NFP,ridge,PRICE+DXYFX,decay3y,0.3,23,0.323943661971831,-0.2796555609119352,-0.7766045679244773,0.391304347826087,1.427456522123007,-1.3770847571486837,0.6663719256212141,-6.43207790097451,8.896183601336874,-3.6822567566392563,3.0,-2.9567528708376765
NFP,ridge,PRICE+VOLRISK,expanding,0.0,36,0.5070422535211268,-0.10431965000264226,-0.37617214089144246,0.4722222222222222,1.4082189282377477,-1.4576436410598335,0.8643987606793812,-3.755507400095121,11.38931723589834,-3.2493773525835348,4.0,-2.5746872395082128
NFP,ridge,PRICE+VOLRISK,expanding,0.1,31,0.43661971830985913,-0.18543442569233046,-0.7032142825350098,0.45161290322580644,1.2413711462803405,-1.3604507790815892,0.7514462600168923,-5.7484671964622445,10.071128652732055,-2.243435380905006,4.0,-2.2008911668701323
NFP,ridge,PRICE+VOLRISK,expanding,0.2,28,0.39436619718309857,-0.20330801861005407,-0.7402848870121745,0.42857142857142855,1.2659669452000413,-1.3052642414676257,0.7274199190751222,-5.692624521081514,7.82769327182705,-2.2312489850360966,4.0,-2.179619059852695
NFP,ridge,PRICE+VOLRISK,expanding,0.3,28,0.39436619718309857,-0.20330801861005407,-0.7402848870121745,0.42857142857142855,1.2659669452000413,-1.3052642414676257,0.7274199190751222,-5.692624521081514,7.82769327182705,-2.2312489850360966,4.0,-2.179619059852695
NFP,ridge,PRICE+VOLRISK,rolling5y,0.0,44,0.6197183098591549,-0.20162246506411352,-0.7920574752309226,0.4318181818181818,1.4191533422063258,-1.4334120785896471,0.7524399690687785,-8.871388462820995,13.264199230112931,-3.666041579808751,4.0,-2.847525824583347
NFP,ridge,PRICE+VOLRISK,rolling5y,0.1,43,0.6056338028169014,-0.12105457867470333,-0.4897994406504478,0.4418604651162791,1.4191533422063258,-1.3403858493721845,0.838188792010576,-5.205346883012243,11.04125239478443,-3.2493773525835348,4.0,-2.463012713298483
NFP,ridge,PRICE+VOLRISK,rolling5y,0.2,38,0.5352112676056338,-0.13846009419375832,-0.5081095682935239,0.42105263157894735,1.5260575389977389,-1.3490183728784837,0.8227167625551423,-5.2614835793628165,10.447964750273602,-3.2493773525835348,4.0,-2.5746872395082128
NFP,ridge,PRICE+VOLRISK,rolling5y,0.3,35,0.49295774647887325,-0.1406468888867108,-0.4810944281084693,0.42857142857142855,1.5575791923862197,-1.4143164498414085,0.8259710154828904,-4.922641111034879,10.109122281945663,-3.2493773525835348,3.0,-2.5746872395082128
NFP,ridge,PRICE+VOLRISK,decay3y,0.0,34,0.4788732394366197,-0.14146850985381274,-0.5081348032260354,0.4411764705882353,1.384329603734325,-1.3460459679497105,0.8119275406964903,-4.809929335029633,11.01151584005125,-3.2493773525835348,5.0,-2.5362051574296416
NFP,ridge,PRICE+VOLRISK,decay3y,0.1,34,0.4788732394366197,-0.14146850985381274,-0.5081348032260354,0.4411764705882353,1.384329603734325,-1.3460459679497105,0.8119275406964903,-4.809929335029633,11.01151584005125,-3.2493773525835348,5.0,-2.5362051574296416
NFP,ridge,PRICE+VOLRISK,decay3y,0.2,31,0.43661971830985913,-0.20585000992064095,-0.6853308000374593,0.41935483870967744,1.443358457948805,-1.3969450144930187,0.7462180273010562,-6.381350307539869,11.234295507549781,-3.2493773525835348,5.0,-2.5362051574296416
NFP,ridge,PRICE+VOLRISK,decay3y,0.3,24,0.3380281690140845,-0.06065279297764122,-0.17327780282912392,0.4583333333333333,1.524614390260698,-1.4020327172562355,0.9201342553155408,-1.4556670314633893,8.592146214800353,-2.2312489850360966,3.0,-2.179619059852695
NFP,ridge,PRICE+CONSENSUS,expanding,0.0,44,0.6197183098591549,-0.4438553381963349,-2.036921522306685,0.36363636363636365,1.1901280239308774,-1.3775601165547418,0.4936794760237275,-19.529634880638735,20.878276185650442,-3.6822567566392563,8.0,-2.5960036255902494
NFP,ridge,PRICE+CONSENSUS,expanding,0.1,41,0.5774647887323944,-0.49515375010248597,-2.2743424673175157,0.36585365853658536,1.076418940456254,-1.401830302347913,0.44300007365097954,-20.301303754201925,21.649945059213636,-3.6822567566392563,6.0,-2.5960036255902494
NFP,ridge,PRICE+CONSENSUS,expanding,0.2,40,0.5633802816901409,-0.5367053993545239,-2.4493425517310574,0.35,1.0699551347760556,-1.401830302347913,0.41098390225363457,-21.468215974180957,22.816857279192668,-3.6822567566392563,6.0,-2.5960036255902494
NFP,ridge,PRICE+CONSENSUS,expanding,0.3,38,0.5352112676056338,-0.554988538696161,-2.4787048405724734,0.34210526315789475,1.05584934391121,-1.3926242376519944,0.3942496791234437,-21.08956447045412,22.438205775465832,-3.6822567566392563,6.0,-2.718980374193453
NFP,ridge,PRICE+CONSENSUS,rolling5y,0.0,47,0.6619718309859155,-0.2204545678627245,-0.9097573254076591,0.3829787234042553,1.5723476569276482,-1.333228362560197,0.732012573686535,-10.36136468954805,12.535825591918645,-3.666041579808751,5.0,-2.7560186021064723
NFP,ridge,PRICE+CONSENSUS,rolling5y,0.1,46,0.647887323943662,-0.25905207495370425,-1.059573572004901,0.3695652173913043,1.573366298022078,-1.333228362560197,0.6917930945689384,-11.916395447870396,14.09085635024099,-3.666041579808751,5.0,-2.7560186021064723
NFP,ridge,PRICE+CONSENSUS,rolling5y,0.2,41,0.5774647887323944,-0.3159643793794523,-1.2448336830693485,0.34146341463414637,1.5925600982682262,-1.3055696640856558,0.6324993031942642,-12.954539554557545,14.303180859569252,-3.666041579808751,5.0,-2.5919498313826232
NFP,ridge,PRICE+CONSENSUS,rolling5y,0.3,35,0.49295774647887325,-0.5310557179131307,-2.289141457288315,0.2857142857142857,1.2717166413685421,-1.2521646616257998,0.4062458174525884,-18.58695012695957,19.935591431971282,-3.666041579808751,8.0,-2.713575315249951
NFP,ridge,PRICE+CONSENSUS,decay3y,0.0,42,0.5915492957746479,-0.40012206610897083,-1.5964441704657257,0.38095238095238093,1.3139390130549113,-1.4549288840559749,0.5557507745213819,-16.805126776576774,18.153768081588485,-3.6822567566392563,5.0,-2.955745675597277
NFP,ridge,PRICE+CONSENSUS,decay3y,0.1,37,0.5211267605633803,-0.4395908533418999,-1.601701165614281,0.3783783783783784,1.3072200878983717,-1.502867078444674,0.5294541316066441,-16.264861573650297,17.61350287866201,-3.6822567566392563,4.0,-3.197244572451004
NFP,ridge,PRICE+CONSENSUS,decay3y,0.2,33,0.4647887323943662,-0.3682815656062011,-1.28901595648342,0.3939393939393939,1.3113654472737042,-1.4600521239781394,0.5838062400165859,-12.153291665004637,14.490705929718949,-3.6822567566392563,4.0,-2.718980374193453
NFP,ridge,PRICE+CONSENSUS,decay3y,0.3,29,0.4084507042253521,-0.37270293371540525,-1.2061409760176551,0.3793103448275862,1.3531414225154612,-1.4273855958564898,0.5793247182851857,-10.808385077746753,11.894202828805867,-3.6822567566392563,4.0,-2.9567528708376765
NFP,ridge,PRICE+FED,expanding,0.0,42,0.5915492957746479,-0.4371193098546505,-1.8615878109407584,0.35714285714285715,1.2635816018830601,-1.381953149708934,0.5079693034252102,-18.35901101389532,19.70765231890703,-3.6822567566392563,5.0,-2.5960036255902494
NFP,ridge,PRICE+FED,expanding,0.1,41,0.5774647887323944,-0.4266796056780449,-1.7750902257379413,0.36585365853658536,1.2635816018830601,-1.401830302347913,0.5200268423936818,-17.493863832799843,18.842505137811553,-3.6822567566392563,4.0,-2.5960036255902494
NFP,ridge,PRICE+FED,expanding,0.2,40,0.5633802816901409,-0.5367053993545239,-2.4493425517310574,0.35,1.0699551347760556,-1.401830302347913,0.41098390225363457,-21.468215974180957,22.816857279192668,-3.6822567566392563,6.0,-2.5960036255902494
NFP,ridge,PRICE+FED,expanding,0.3,37,0.5211267605633803,-0.42400556419276125,-1.875689236173855,0.3783783783783784,1.0699551347760556,-1.3333729461737802,0.488443267450588,-15.688205875132166,17.16353861579192,-3.6822567566392563,5.0,-2.680498292114882
NFP,ridge,PRICE+FED,rolling5y,0.0,48,0.676056338028169,-0.4895079506475512,-2.107000068907782,0.3333333333333333,1.3752362585077211,-1.4218800552251873,0.4835978440846478,-23.496381631082457,24.84502293609416,-3.6822567566392563,6.0,-3.118770545007262
NFP,ridge,PRICE+FED,rolling5y,0.1,42,0.5915492957746479,-0.4994586962843509,-2.055981764615287,0.30952380952380953,1.426717499977777,-1.362916991160477,0.469260432865285,-20.97726524394274,22.325906548954443,-3.6822567566392563,5.0,-2.955745675597277
NFP,ridge,PRICE+FED,rolling5y,0.2,37,0.5211267605633803,-0.6143353838660159,-2.5573361853027015,0.2972972972972973,1.2301563886874358,-1.3946972876386303,0.37316397216952923,-22.73040920304259,24.079050508054294,-3.6822567566392563,5.0,-3.197244572451004
NFP,ridge,PRICE+FED,rolling5y,0.3,34,0.4788732394366197,-0.48608028628874084,-2.0032587101114165,0.3235294117647059,1.2301563886874358,-1.3068891308425643,0.45018024120803174,-16.526729733817188,17.875371038828895,-3.666041579808751,5.0,-2.713575315249951
NFP,ridge,PRICE+FED,decay3y,0.0,37,0.5211267605633803,-0.4515580265689108,-1.6437639943961522,0.3783783783783784,1.3072200878983717,-1.5221186179837785,0.5227576711413823,-16.7076469830497,18.056288288061413,-3.6822567566392563,5.0,-3.197244572451004
NFP,ridge,PRICE+FED,decay3y,0.1,34,0.4788732394366197,-0.391215778104511,-1.317804411118434,0.4117647058823529,1.3072200878983717,-1.5801208843065289,0.5791038335212259,-13.301336455553376,14.649977760565086,-3.6822567566392563,4.0,-3.197244572451004
NFP,ridge,PRICE+FED,decay3y,0.2,30,0.4225352112676056,-0.37959786499964476,-1.206851358693597,0.4,1.3119977479546323,-1.5073282736358298,0.5802751667314688,-11.387935949989343,12.736577255001048,-3.6822567566392563,4.0,-3.193182440494701
NFP,ridge,PRICE+FED,decay3y,0.3,26,0.36619718309859156,-0.34670633664800776,-1.0662577901275019,0.38461538461538464,1.314200125442483,-1.3847728754545643,0.5931478677555178,-9.014364752848202,10.129829148198857,-3.6822567566392563,4.0,-2.9567528708376765
NFP,ridge,PRICE+POSITIONING,expanding,0.0,41,0.5774647887323944,-0.4697143046597634,-2.16010302400896,0.36585365853658536,1.0948311087563354,-1.3723366585536665,0.46026121071523374,-19.2582864910503,21.246140142189397,-3.6822567566392563,7.0,-2.5960036255902494
NFP,ridge,PRICE+POSITIONING,expanding,0.1,39,0.5492957746478874,-0.47370020142948494,-2.167278764369068,0.358974358974359,1.0699551347760556,-1.3381471897045878,0.4477645509287108,-18.474307855749913,19.82294916076162,-3.6822567566392563,6.0,-2.718980374193453
NFP,ridge,PRICE+POSITIONING,expanding,0.2,36,0.5070422535211268,-0.40974666356119344,-1.7557847551597416,0.3888888888888889,1.0699551347760556,-1.3513750806848976,0.5038427524998869,-14.750879888202963,16.099521193214674,-3.6822567566392563,5.0,-2.718980374193453
NFP,ridge,PRICE+POSITIONING,expanding,0.3,34,0.4788732394366197,-0.42295088774492917,-1.7735610095584913,0.38235294117647056,1.0485177370656211,-1.3338600364371747,0.4866195784629779,-14.380330183327592,14.380330183327594,-3.6822567566392563,5.0,-2.718980374193453
NFP,ridge,PRICE+POSITIONING,rolling5y,0.0,46,0.647887323943662,-0.5804550945596056,-2.4316176789009223,0.2826086956521739,1.5460289984315572,-1.4181609493743061,0.4294588191302021,-26.70093434974186,28.049575654753575,-3.6822567566392563,7.0,-3.118770545007262
NFP,ridge,PRICE+POSITIONING,rolling5y,0.1,41,0.5774647887323944,-0.5180549339542377,-1.9504147790564108,0.3170731707317073,1.5460289984315572,-1.4763796168476424,0.4861887617873402,-21.24025229212375,22.58889359713546,-3.6822567566392563,5.0,-3.118770545007262
NFP,ridge,PRICE+POSITIONING,rolling5y,0.2,34,0.4788732394366197,-0.4634801351709421,-1.574163963894455,0.35294117647058826,1.4588393680785758,-1.5120180460343156,0.5262705471627928,-15.75832459581203,17.10696590082374,-3.6822567566392563,3.0,-3.197244572451004
NFP,ridge,PRICE+POSITIONING,rolling5y,0.3,33,0.4647887323943662,-0.41003791563731495,-1.3738935787664486,0.36363636363636365,1.4588393680785758,-1.4779677920463952,0.5640329244865792,-13.531251216031393,14.8798925210431,-3.6822567566392563,3.0,-3.197244572451004
NFP,ridge,PRICE+POSITIONING,decay3y,0.0,34,0.4788732394366197,-0.49886181436049504,-2.1127177266020873,0.35294117647058826,1.0486812246625705,-1.3429761992821672,0.4259255979598014,-16.96130168825683,18.868852822800978,-3.6822567566392563,6.0,-2.718980374193453
NFP,ridge,PRICE+POSITIONING,decay3y,0.1,29,0.4084507042253521,-0.37523078102363233,-1.407150794757429,0.41379310344827586,1.0486812246625705,-1.3803451379785991,0.5362757110399781,-10.881692649685338,13.219106914399646,-3.6822567566392563,5.0,-2.9567528708376765
NFP,ridge,PRICE+POSITIONING,decay3y,0.2,28,0.39436619718309857,-0.4367976412391802,-1.6244285079102934,0.39285714285714285,1.0214121264490126,-1.3803451379785991,0.47880324325742635,-12.230333954697045,13.219106914399648,-3.6822567566392563,5.0,-2.9567528708376765
NFP,ridge,PRICE+POSITIONING,decay3y,0.3,26,0.36619718309859156,-0.4742305295139192,-1.6888063292502455,0.38461538461538464,0.9982202974920089,-1.3945122963926242,0.4473877265524307,-12.329993767361898,13.318766727064505,-3.6822567566392563,4.0,-2.9567528708376765
NFP,ridge,PRICE+MACRO+RATES,expanding,0.0,51,0.7183098591549296,-0.3022541737940471,-1.3165094497791041,0.37254901960784315,1.4603720301177396,-1.3488134823666702,0.6428582633686122,-15.414962863496402,18.705279665678855,-3.6822567566392563,8.0,-2.9404311119619377
NFP,ridge,PRICE+MACRO+RATES,expanding,0.1,47,0.6619718309859155,-0.32023753195365695,-1.412075478401571,0.3829787234042553,1.3207064683808851,-1.3387544976785448,0.6123220081536878,-15.051164001821878,18.341480804004327,-3.6822567566392563,7.0,-3.118770545007262
NFP,ridge,PRICE+MACRO+RATES,expanding,0.2,46,0.647887323943662,-0.38505545396322227,-1.7336894472148927,0.3695652173913043,1.2418429147276226,-1.3387544976785448,0.5437717537528867,-17.712550882308225,21.002867684490674,-3.6822567566392563,7.0,-3.118770545007262
NFP,ridge,PRICE+MACRO+RATES,expanding,0.3,44,0.6197183098591549,-0.3883794706094781,-1.687320215260357,0.36363636363636365,1.2786679220438053,-1.3409779806970683,0.5448764965142944,-17.088696706817036,20.37901350899949,-3.6822567566392563,7.0,-3.118770545007262
NFP,ridge,PRICE+MACRO+RATES,rolling5y,0.0,52,0.7323943661971831,-0.22321893579147084,-0.9490039542624842,0.4230769230769231,1.426694395114875,-1.4331553784561242,0.7300273034907397,-11.607384661156484,15.62190417642187,-3.6822567566392563,7.0,-3.131837949011007
NFP,ridge,PRICE+MACRO+RATES,rolling5y,0.1,47,0.6619718309859155,-0.25201749237944127,-0.9863759865289776,0.40425531914893614,1.521628663685743,-1.455563098280816,0.7093706465161195,-11.844822141833738,17.02080750589724,-3.6822567566392563,6.0,-3.356985190004735
NFP,ridge,PRICE+MACRO+RATES,rolling5y,0.2,45,0.6338028169014085,-0.2220727172211729,-0.8355293641396654,0.4222222222222222,1.521628663685743,-1.496316034037765,0.743131385872711,-9.99327227495278,17.02080750589724,-3.6822567566392563,6.0,-3.356985190004735
NFP,ridge,PRICE+MACRO+RATES,rolling5y,0.3,40,0.5633802816901409,-0.24925688939164997,-0.9656743269815381,0.425,1.3526421747927793,-1.433269241180141,0.6975514230227052,-9.970275575666,15.42923007111472,-3.666041579808751,6.0,-2.994233247103945
NFP,ridge,PRICE+MACRO+RATES,decay3y,0.0,51,0.7183098591549296,-0.2358992607329012,-1.011419126525459,0.4117647058823529,1.4314725829264456,-1.4030595512944437,0.714175536686274,-12.030862297377961,15.321179099560414,-3.6822567566392563,8.0,-2.9404311119619377
NFP,ridge,PRICE+MACRO+RATES,decay3y,0.1,50,0.704225352112676,-0.1960757783519464,-0.8363078074279554,0.42,1.4314725829264456,-1.3746452813466439,0.7540735116171025,-9.80378891759732,13.094105719779776,-3.6822567566392563,8.0,-2.939989043228662
NFP,ridge,PRICE+MACRO+RATES,decay3y,0.2,43,0.6056338028169014,-0.3024806839378955,-1.2815302290246768,0.4186046511627907,1.2187487448891647,-1.3977658726933786,0.6277868944026591,-13.006669409329508,16.296986211511964,-3.6822567566392563,7.0,-3.118770545007262
NFP,ridge,PRICE+MACRO+RATES,decay3y,0.3,41,0.5774647887323944,-0.3579425864681116,-1.4697984960291706,0.3902439024390244,1.2667812982588684,-1.3977658726933786,0.5800256299886957,-14.675646045192575,17.96596284737503,-3.6822567566392563,7.0,-3.118770545007262
NFP,ridge,ALL,expanding,0.0,51,0.7183098591549296,-0.08858300122845744,-0.4319664868998105,0.45098039215686275,1.268610837957006,-1.2034207977022309,0.8659258592767585,-4.517733062651329,8.87777333359925,-3.2493773525835348,7.0,-2.3627852970102436
NFP,ridge,ALL,expanding,0.1,51,0.7183098591549296,-0.08858300122845744,-0.4319664868998105,0.45098039215686275,1.268610837957006,-1.2034207977022309,0.8659258592767585,-4.517733062651329,8.87777333359925,-3.2493773525835348,7.0,-2.3627852970102436
NFP,ridge,ALL,expanding,0.2,47,0.6619718309859155,-0.10249790952353893,-0.4668923119819156,0.44680851063829785,1.311613493977502,-1.2446648123513027,0.8511368837926565,-4.81740174760633,8.39705434533942,-3.2493773525835348,7.0,-2.463012713298483
NFP,ridge,ALL,expanding,0.3,42,0.5915492957746479,-0.3463651439448874,-1.6541548470634706,0.38095238095238093,1.1133718172155374,-1.2446648123513027,0.550471002890272,-14.54733604568527,15.895977350696977,-3.2493773525835348,7.0,-2.463012713298483
NFP,ridge,ALL,rolling5y,0.0,47,0.6619718309859155,-0.08557931598383675,-0.35136889358088136,0.46808510638297873,1.4196874914341517,-1.4102141065116667,0.8859115695221689,-4.022227851240327,12.732016749955662,-3.2493773525835348,5.0,-2.893113789264868
NFP,ridge,ALL,rolling5y,0.1,46,0.647887323943662,-0.024758247577484595,-0.10271961113718675,0.4782608695652174,1.4196874914341517,-1.348833508338151,0.9648190028172485,-1.1388793885642914,9.848668287279626,-3.2493773525835348,5.0,-2.7300889198548832
NFP,ridge,ALL,rolling5y,0.2,42,0.5915492957746479,-0.06503630605388586,-0.25687553111453254,0.47619047619047616,1.3894464739485735,-1.387293378783394,0.9105018285625991,-2.7315248542632062,10.631476739373149,-3.2493773525835348,5.0,-2.7300889198548832
NFP,ridge,ALL,rolling5y,0.3,38,0.5352112676056338,-0.06360168719083754,-0.2626202922036417,0.47368421052631576,1.3080280017334804,-1.2980684072227235,0.9069053641624785,-2.4168641132518265,8.096560147721213,-3.2493773525835348,5.0,-2.5746872395082128
NFP,ridge,ALL,decay3y,0.0,49,0.6901408450704225,-0.10235624936647451,-0.477904215816612,0.4489795918367347,1.3089642631612088,-1.2523211114260684,0.8516693234312501,-5.015456218957251,7.061759499741518,-3.2493773525835348,7.0,-2.463012713298483
NFP,ridge,ALL,decay3y,0.1,48,0.676056338028169,-0.07853178701620266,-0.3613487373025441,0.4583333333333333,1.3089642631612088,-1.2525669063970892,0.8842522823293121,-3.7695257767777273,7.061759499741518,-3.2493773525835348,7.0,-2.463012713298483
NFP,ridge,ALL,decay3y,0.2,42,0.5915492957746479,-0.20699257393508452,-0.94508628200191,0.42857142857142855,1.211244947166969,-1.2706707147616247,0.7149245668620349,-8.69368810527355,12.436052635631437,-3.2493773525835348,7.0,-2.463012713298483
NFP,ridge,ALL,decay3y,0.3,39,0.5492957746478874,-0.27803556612057273,-1.3010909720312,0.41025641025641024,1.1056771527324605,-1.2406183270618132,0.6199865810188028,-10.843387078702337,13.369941279824374,-3.2493773525835348,7.0,-2.5746872395082128
NFP,lgbm,PRICE,expanding,0.0,9,0.1267605633802817,0.3723272591444729,0.6635289385629876,0.4444444444444444,2.004745952256354,-0.933607695345032,1.7178486957654848,3.350945332300256,3.188232001318722,-1.7961567948202521,3.0,-1.7961567948202521
NFP,lgbm,PRICE,expanding,0.1,7,0.09859154929577464,0.9003349574810832,1.5773730546699865,0.5714285714285714,2.004745952256354,-0.5722130355526112,4.671327699528978,6.3023447023675825,1.3920752064984698,-1.2689956146857961,2.0,-1.2689956146857961
NFP,lgbm,PRICE,expanding,0.2,5,0.07042253521126761,1.2395759526223213,1.9384985372156303,0.6,2.2151744183612148,-0.22382174598601873,14.845571027532696,6.197879763111606,0.32456390015936354,-0.32456390015936354,1.0,-0.32456390015936354
NFP,lgbm,PRICE,expanding,0.3,4,0.056338028169014086,0.9013938001110685,1.2865437862147684,0.5,2.026609346208156,-0.22382174598601873,9.054568568751806,3.605575200444274,0.44764349197203746,-0.32456390015936354,2.0,-0.32456390015936354
NFP,lgbm,PRICE,rolling5y,0.0,18,0.2535211267605634,-0.12760091470720547,-0.397698288428433,0.5,1.0223147055330448,-1.2775165349474558,0.8002359872196039,-2.2968164647296985,7.89422120391267,-2.1279891346692934,4.0,-2.1279891346692934
NFP,lgbm,PRICE,rolling5y,0.1,12,0.16901408450704225,-0.2723209498664775,-0.6999393627021594,0.5,0.909477146174623,-1.4541190459075783,0.6254488920520116,-3.2678513983977298,6.48710564775859,-2.1279891346692934,3.0,-2.1279891346692934
NFP,lgbm,PRICE,rolling5y,0.2,7,0.09859154929577464,-0.3289004238544752,-0.5786196460006134,0.42857142857142855,1.125634824688926,-1.4198018602620261,0.5946084042747285,-2.3023029669813266,4.3057468871063325,-2.1279891346692934,2.0,-2.1279891346692934
NFP,lgbm,PRICE,rolling5y,0.3,7,0.09859154929577464,-0.3289004238544752,-0.5786196460006134,0.42857142857142855,1.125634824688926,-1.4198018602620261,0.5946084042747285,-2.3023029669813266,4.3057468871063325,-2.1279891346692934,2.0,-2.1279891346692934
NFP,lgbm,PRICE,decay3y,0.0,12,0.16901408450704225,-0.1501278172090629,-0.2608897993887462,0.4166666666666667,1.8092084200471454,-1.5496537009634976,0.8339229131009213,-1.8015338065087547,5.2067908705971035,-3.666041579808751,3.0,-3.666041579808751
NFP,lgbm,PRICE,decay3y,0.1,8,0.11267605633802817,0.45589929844547916,0.698747287244374,0.5,2.004745952256354,-1.092947355365396,1.8342566477834827,3.6471943875638333,2.1279891346692934,-2.1279891346692934,2.0,-2.1279891346692934
NFP,lgbm,PRICE,decay3y,0.2,7,0.09859154929577464,0.3248191190888659,0.4401186662968197,0.42857142857142855,2.2151744183612148,-1.092947355365396,1.5200922584377137,2.273733833622061,2.6553937093722553,-2.1279891346692934,2.0,-2.1279891346692934
NFP,lgbm,PRICE,decay3y,0.3,5,0.07042253521126761,1.2395759526223213,1.9384985372156303,0.6,2.2151744183612148,-0.22382174598601873,14.845571027532696,6.197879763111606,0.32456390015936354,-0.32456390015936354,1.0,-0.32456390015936354
NFP,lgbm,PRICE+MACRO,expanding,0.0,26,0.36619718309859156,-0.4675255110861474,-1.3501151821313528,0.4230769230769231,1.232784476843307,-1.7144195022344142,0.5273166506253855,-12.155663288239833,12.541124712709744,-3.7813787293986825,7.0,-3.723710154603717
NFP,lgbm,PRICE+MACRO,expanding,0.1,18,0.2535211267605634,-0.8113377698027308,-1.8647500083083532,0.2777777777777778,1.5445950589453161,-1.7174657808596718,0.3459021013937833,-14.604079856449154,14.60407985644915,-3.7813787293986825,7.0,-3.7813787293986825
NFP,lgbm,PRICE+MACRO,expanding,0.2,11,0.15492957746478872,-0.4317731479934545,-0.6834168753098007,0.36363636363636365,1.7420813927543644,-1.6739757427064939,0.5946771247499875,-4.749504627927999,6.787122245895745,-3.7813787293986825,5.0,-3.7813787293986825
NFP,lgbm,PRICE+MACRO,expanding,0.3,8,0.11267605633802817,-0.17077014392338352,-0.2401252643047594,0.375,1.8088930821193614,-1.3585680795490305,0.7988821948708588,-1.3661611513870682,5.528174024504191,-3.7813787293986825,4.0,-3.7813787293986825
NFP,lgbm,PRICE+MACRO,rolling5y,0.0,24,0.3380281690140845,-0.09973539683591888,-0.3194124749809179,0.5,1.130274365250693,-1.329745158922531,0.8499932168706178,-2.3936495240620532,8.62313000700213,-3.7813787293986825,6.0,-2.954683932033988
NFP,lgbm,PRICE+MACRO,rolling5y,0.1,21,0.29577464788732394,-0.22330762073284063,-0.6471866425159659,0.47619047619047616,1.1144402279868042,-1.4394420286597909,0.7038334714537188,-4.689460035389653,8.857114537998811,-3.7813787293986825,5.0,-2.954683932033988
NFP,lgbm,PRICE+MACRO,rolling5y,0.2,8,0.11267605633802817,-1.2727392034667677,-2.288116430247403,0.25,0.8830502077676889,-1.9913356738782533,0.14781539502209126,-10.181913627734142,10.574553489327748,-3.7813787293986825,3.0,-3.7813787293986825
NFP,lgbm,PRICE+MACRO,rolling5y,0.3,6,0.08450704225352113,-1.5858389852905577,-2.328145927199247,0.16666666666666666,1.373460553941772,-2.177698893137024,0.12613870156890894,-9.515033911743346,9.515033911743346,-3.7813787293986825,3.0,-3.7813787293986825
NFP,lgbm,PRICE+MACRO,decay3y,0.0,23,0.323943661971831,-0.11939916445385843,-0.31381926407921634,0.4782608695652174,1.4147580519630478,-1.525709946169356,0.8500053046706955,-2.746180782438744,8.47227182333458,-3.7813787293986825,6.0,-3.723710154603717
NFP,lgbm,PRICE+MACRO,decay3y,0.1,18,0.2535211267605634,0.1915564079895179,0.4772195211080505,0.5,1.56256525979761,-1.1794524438185743,1.3248226055971164,3.4480153438113224,6.676115028514329,-3.7813787293986825,5.0,-3.7813787293986825
NFP,lgbm,PRICE+MACRO,decay3y,0.2,10,0.14084507042253522,0.07294325852454402,0.1206727845078516,0.5,1.4882328059784984,-1.3423462889294104,1.1086802401528146,0.7294325852454402,4.35592671997701,-3.7813787293986825,3.0,-3.7813787293986825
NFP,lgbm,PRICE+MACRO,decay3y,0.3,6,0.08450704225352113,0.294925937632678,0.3121524666268815,0.5,2.0095780118714877,-1.4197261366061316,1.4154687725024224,1.769555625796068,4.259178409818395,-3.7813787293986825,3.0,-3.7813787293986825
NFP,lgbm,PRICE+RATES,expanding,0.0,14,0.19718309859154928,-0.16695102614506485,-0.3351886287182105,0.42857142857142855,1.584144574108162,-1.4802727263349849,0.8026280626832634,-2.337314366030908,6.478115776769993,-3.666041579808751,3.0,-3.666041579808751
NFP,lgbm,PRICE+RATES,expanding,0.1,12,0.16901408450704225,0.009409740378499065,0.019536395608482013,0.4166666666666667,1.6578114230826233,-1.1680200329815895,1.0138105366778867,0.11291688454198878,6.478115776769993,-2.243435380905006,3.0,-2.243435380905006
NFP,lgbm,PRICE+RATES,expanding,0.2,9,0.1267605633802817,0.4313817504310607,0.8061566032245208,0.4444444444444444,2.004745952256354,-0.8273096110291739,1.9385689957233285,3.8824357538795464,2.438523601044734,-1.2689956146857961,2.0,-1.2689956146857961
NFP,lgbm,PRICE+RATES,expanding,0.3,6,0.08450704225352113,0.19382762542053533,0.3089318371641133,0.3333333333333333,2.0174237172140597,-0.717970420476227,1.4049490478144702,1.162965752523212,1.7166391066578335,-1.2689956146857961,3.0,-1.2689956146857961
NFP,lgbm,PRICE+RATES,rolling5y,0.0,17,0.23943661971830985,-0.015441816544229851,-0.04201122355580286,0.47058823529411764,1.4201176842340335,-1.2914947061249085,0.977415412114097,-0.26251088125190747,4.447180222710276,-2.1279891346692934,4.0,-2.1279891346692934
NFP,lgbm,PRICE+RATES,rolling5y,0.1,11,0.15492957746478872,0.2745770138488924,0.632047084850806,0.6363636363636364,1.2427935133408459,-1.4198018602620261,1.5318254674952334,3.0203471523378163,3.7599710544151783,-2.1279891346692934,2.0,-2.1279891346692934
NFP,lgbm,PRICE+RATES,rolling5y,0.2,8,0.11267605633802817,0.2792003174663129,0.5529303180380679,0.625,1.2233306371916712,-1.294350215409284,1.5752184926818589,2.2336025397305033,3.7599710544151783,-2.1279891346692934,2.0,-2.1279891346692934
NFP,lgbm,PRICE+RATES,rolling5y,0.3,5,0.07042253521126761,-0.29650636021515364,-0.4255715961975354,0.4,1.2002594225760421,-1.294350215409284,0.6182043614301148,-1.4825318010757682,3.7599710544151783,-2.1279891346692934,2.0,-2.1279891346692934
NFP,lgbm,PRICE+RATES,decay3y,0.0,16,0.22535211267605634,-0.6888639278873131,-1.5448774507400156,0.25,1.9135525720764408,-1.5563360945418976,0.409841331570841,-11.02182284619701,13.311967100592886,-3.666041579808751,6.0,-3.666041579808751
NFP,lgbm,PRICE+RATES,decay3y,0.1,13,0.18309859154929578,-0.46064747294167224,-0.8721853558727963,0.3076923076923077,1.9135525720764408,-1.5158474929497225,0.5610510382919898,-5.988417148241739,8.278561402637616,-3.666041579808751,4.0,-3.666041579808751
NFP,lgbm,PRICE+RATES,decay3y,0.2,8,0.11267605633802817,0.18973217281592036,0.2943948687451389,0.375,2.209050665698484,-1.021858922913618,1.2970776784332436,1.517857382527363,3.4112701604669535,-2.1279891346692934,2.0,-2.1279891346692934
NFP,lgbm,PRICE+RATES,decay3y,0.3,6,0.08450704225352113,0.8184188150729365,1.224506602240666,0.5,2.209050665698484,-0.5722130355526112,3.860538870047074,4.9105128904376185,1.3920752064984698,-1.2689956146857961,2.0,-1.2689956146857961
NFP,lgbm,PRICE+DXYFX,expanding,0.0,11,0.15492957746478872,-0.44455962052030834,-0.6563876655062005,0.36363636363636365,1.918145386573489,-1.7946767674310498,0.6107412197746102,-4.890155825723392,8.572131892049233,-3.7813787293986825,5.0,-3.7813787293986825
NFP,lgbm,PRICE+DXYFX,expanding,0.1,9,0.1267605633802817,-0.3662884789864702,-0.4408309327792186,0.4444444444444444,1.918145386573489,-2.1938355714344375,0.6994673298397879,-3.2965963108782317,7.303136277363436,-3.7813787293986825,4.0,-3.7813787293986825
NFP,lgbm,PRICE+DXYFX,expanding,0.2,6,0.08450704225352113,0.2643037264375356,0.2601332343873415,0.5,2.2151744183612148,-1.6865669654861435,1.3134221550003518,1.5858223586252134,5.0597008964584305,-3.7813787293986825,3.0,-3.7813787293986825
NFP,lgbm,PRICE+DXYFX,expanding,0.3,3,0.04225352112676056,1.3100463668678792,1.6276986890767242,0.6666666666666666,2.026609346208156,-0.12307959181267392,32.93168780235538,3.930139100603638,0.12307959181267392,-0.12307959181267392,1.0,-0.12307959181267392
NFP,lgbm,PRICE+DXYFX,rolling5y,0.0,13,0.18309859154929578,-0.3555285051370235,-0.679765840287873,0.46153846153846156,1.3825594610928615,-1.8453181904769251,0.6421932936913964,-4.621870566781306,8.96176240584016,-3.7813787293986825,3.0,-3.7813787293986825
NFP,lgbm,PRICE+DXYFX,rolling5y,0.1,10,0.14084507042253522,-0.05155528758301259,-0.09566458146946928,0.5,1.415909287464263,-1.519019862630288,0.9321203246233516,-0.5155528758301259,5.675862926518514,-2.1279891346692934,3.0,-2.1279891346692934
NFP,lgbm,PRICE+DXYFX,rolling5y,0.2,6,0.08450704225352113,-0.5548935430319398,-0.8991585097916918,0.3333333333333333,1.1749230914282327,-1.4198018602620261,0.41376304832119293,-3.3293612581916388,4.3057468871063325,-2.1279891346692934,2.0,-2.1279891346692934
NFP,lgbm,PRICE+DXYFX,rolling5y,0.3,3,0.04225352112676056,0.2392880877035268,0.25385146768298533,0.6666666666666666,1.1749230914282327,-1.6319819197458851,1.4398726814463474,0.7178642631105804,1.6319819197458851,-1.6319819197458851,1.0,-1.6319819197458851
NFP,lgbm,PRICE+DXYFX,decay3y,0.0,10,0.14084507042253522,-0.11807548069842175,-0.17719308194385666,0.4,1.918145386573489,-1.4755560588796957,0.8666316561499425,-1.1807548069842175,3.666041579808751,-3.666041579808751,2.0,-3.666041579808751
NFP,lgbm,PRICE+DXYFX,decay3y,0.1,7,0.09859154929577464,-0.27047180430682566,-0.28653507977247766,0.42857142857142855,2.093583244787997,-2.0435130911279433,0.7683764984956925,-1.8933026301477798,3.666041579808751,-3.666041579808751,2.0,-3.666041579808751
NFP,lgbm,PRICE+DXYFX,decay3y,0.2,7,0.09859154929577464,-0.27047180430682566,-0.28653507977247766,0.42857142857142855,2.093583244787997,-2.0435130911279433,0.7683764984956925,-1.8933026301477798,3.666041579808751,-3.666041579808751,2.0,-3.666041579808751
NFP,lgbm,PRICE+DXYFX,decay3y,0.3,6,0.08450704225352113,-0.4867268202263486,-0.44769707527305413,0.3333333333333333,2.62684572157684,-2.0435130911279433,0.6427278917324964,-2.9203609213580917,3.666041579808751,-3.666041579808751,2.0,-3.666041579808751
NFP,lgbm,PRICE+VOLRISK,expanding,0.0,22,0.30985915492957744,-0.2508170928909967,-0.7582575233361611,0.4090909090909091,1.3097193487135967,-1.3311884755403307,0.681142299936605,-5.5179760436019265,13.945520609605497,-3.7813787293986825,6.0,-3.0124070551518445
NFP,lgbm,PRICE+VOLRISK,expanding,0.1,18,0.2535211267605634,-0.16208232011999205,-0.4267879333728095,0.4444444444444444,1.2985713511183756,-1.330605257110686,0.7807402498547948,-2.917481762159857,10.216196305075762,-3.7813787293986825,5.0,-3.7813787293986825
NFP,lgbm,PRICE+VOLRISK,expanding,0.2,12,0.16901408450704225,-0.4528745725321804,-0.9072732326430709,0.3333333333333333,1.362912188058165,-1.360767952827353,0.5007878768846505,-5.434494870386165,9.188119168517689,-3.7813787293986825,5.0,-3.7813787293986825
NFP,lgbm,PRICE+VOLRISK,expanding,0.3,10,0.14084507042253522,-0.7702235532894133,-1.5372890236560524,0.3,0.9531147298551091,-1.5087971032084944,0.2707307301278862,-7.702235532894133,9.188119168517689,-3.7813787293986825,5.0,-3.7813787293986825
NFP,lgbm,PRICE+VOLRISK,rolling5y,0.0,25,0.352112676056338,-0.18568760607713702,-0.6650116012878899,0.48,0.9856358473817983,-1.2669092554238466,0.7181395994862514,-4.642190151928426,8.763922031374374,-3.7813787293986825,3.0,-3.0124070551518445
NFP,lgbm,PRICE+VOLRISK,rolling5y,0.1,17,0.23943661971830985,0.10524484109758987,0.2863419852416967,0.6470588235294118,1.0395445733625432,-1.6076380013881577,1.1854856106820617,1.7891622986590279,5.577535524218934,-3.7813787293986825,2.0,-3.7813787293986825
NFP,lgbm,PRICE+VOLRISK,rolling5y,0.2,10,0.14084507042253522,-0.13735647816696334,-0.2523071714065718,0.6,0.99317204235131,-1.8331492589443734,0.8126769035625873,-1.3735647816696335,5.700615116031608,-3.7813787293986825,3.0,-3.7813787293986825
NFP,lgbm,PRICE+VOLRISK,rolling5y,0.3,8,0.11267605633802817,-0.10384230035855421,-0.16575418454939014,0.625,0.9411403676177615,-1.8454800803190805,0.8499508047205436,-0.8307384028684337,3.9044583212113566,-3.7813787293986825,2.0,-3.7813787293986825
NFP,lgbm,PRICE+VOLRISK,decay3y,0.0,24,0.3380281690140845,-0.23439832635362576,-0.7724407697703211,0.4583333333333333,1.0391336900309756,-1.3120023402175192,0.6701717988871676,-5.625559832487018,11.010025328181348,-3.7813787293986825,4.0,-3.0191603938098677
NFP,lgbm,PRICE+VOLRISK,decay3y,0.1,16,0.22535211267605634,-0.31702425137575607,-0.7591177252179595,0.4375,1.164901494608299,-1.4696331649189096,0.6165038442477223,-5.072388022012097,7.960403582792108,-3.7813787293986825,3.0,-3.7813787293986825
NFP,lgbm,PRICE+VOLRISK,decay3y,0.2,14,0.19718309859154928,-0.23430056977960761,-0.5164405493121876,0.42857142857142855,1.2838425210751123,-1.3729078879206478,0.7013448602620218,-3.2802079769145065,5.716968201887102,-3.7813787293986825,3.0,-3.7813787293986825
NFP,lgbm,PRICE+VOLRISK,decay3y,0.3,10,0.14084507042253522,-0.5329076488453266,-0.9923086170626122,0.4,1.0209230681432575,-1.5687947935043824,0.43384602089468266,-5.329076488453266,5.599149794840965,-3.7813787293986825,3.0,-3.7813787293986825
NFP,lgbm,PRICE+CONSENSUS,expanding,0.0,15,0.2112676056338028,-0.08254159427467342,-0.17385930880356487,0.4666666666666667,1.550846742404141,-1.511756388868636,0.8976253777363986,-1.2381239141201013,4.744078497751833,-3.666041579808751,3.0,-3.666041579808751
NFP,lgbm,PRICE+CONSENSUS,expanding,0.1,11,0.15492957746478872,0.17836610748800055,0.3365149380457914,0.45454545454545453,1.846958827652254,-1.2121278259822106,1.2697772655533994,1.9620271823680062,4.182910689862165,-2.1279891346692934,3.0,-2.1279891346692934
NFP,lgbm,PRICE+CONSENSUS,expanding,0.2,9,0.1267605633802817,0.28248596088360045,0.47162058507930166,0.4444444444444444,2.004745952256354,-1.0953220322146024,1.4642239584667254,2.542373647952404,3.7599710544151783,-2.1279891346692934,2.0,-2.1279891346692934
NFP,lgbm,PRICE+CONSENSUS,expanding,0.3,6,0.08450704225352113,0.8184188150729365,1.224506602240666,0.5,2.209050665698484,-0.5722130355526112,3.860538870047074,4.9105128904376185,1.3920752064984698,-1.2689956146857961,2.0,-1.2689956146857961
NFP,lgbm,PRICE+CONSENSUS,rolling5y,0.0,19,0.2676056338028169,-0.11683665276254862,-0.30436235563836544,0.5789473684210527,1.0828929657107311,-1.7664648781633085,0.8429139159564997,-2.219896402488424,8.232063750660233,-3.7813787293986825,4.0,-3.7813787293986825
NFP,lgbm,PRICE+CONSENSUS,rolling5y,0.1,13,0.18309859154929578,-0.05862838750046807,-0.11300940323565456,0.5384615384615384,1.4076656725982537,-1.7693047909489767,0.9282044712886643,-0.7621690375060849,7.687337433429745,-3.7813787293986825,3.0,-3.7813787293986825
NFP,lgbm,PRICE+CONSENSUS,rolling5y,0.2,10,0.14084507042253522,0.26194215088173267,0.5148818903967795,0.6,1.383104824977572,-1.4198018602620261,1.4612301163512191,2.619421508817327,4.3057468871063325,-2.1279891346692934,2.0,-2.1279891346692934
NFP,lgbm,PRICE+CONSENSUS,rolling5y,0.3,8,0.11267605633802817,0.06847949394132036,0.10976453565916902,0.5,1.5567608481446669,-1.4198018602620261,1.0964634514969327,0.5478359515305629,4.3057468871063325,-2.1279891346692934,2.0,-2.1279891346692934
NFP,lgbm,PRICE+CONSENSUS,decay3y,0.0,15,0.2112676056338028,-0.33847576377030414,-0.6945140186366889,0.4,1.5828829060071907,-1.6193815436219674,0.6516409149083163,-5.0771364565545625,5.675862926518514,-3.666041579808751,3.0,-3.666041579808751
NFP,lgbm,PRICE+CONSENSUS,decay3y,0.1,11,0.15492957746478872,-0.03367929088265856,-0.05449618019068808,0.45454545454545453,1.8092084200471454,-1.5694190499908285,0.9606571829120029,-0.37047219970924417,4.043881006772629,-3.666041579808751,2.0,-3.666041579808751
NFP,lgbm,PRICE+CONSENSUS,decay3y,0.2,6,0.08450704225352113,0.6752532284090202,0.8815375517228048,0.5,2.209050665698484,-0.8585442088804437,2.57301912102945,4.0515193704541215,2.1279891346692934,-2.1279891346692934,1.0,-2.1279891346692934
NFP,lgbm,PRICE+CONSENSUS,decay3y,0.3,4,0.056338028169014086,0.4286740975317843,0.421450574539427,0.5,1.982882558304552,-1.1255343632409835,1.7617254728632439,1.7146963901271373,2.1279891346692934,-2.1279891346692934,1.0,-2.1279891346692934
NFP,lgbm,PRICE+FED,expanding,0.0,10,0.14084507042253522,-0.16529820103624876,-0.2585391332014539,0.4,1.7894593476675587,-1.4684699001721204,0.8123917952320371,-1.6529820103624875,4.433036808457047,-3.666041579808751,3.0,-3.666041579808751
NFP,lgbm,PRICE+FED,expanding,0.1,7,0.09859154929577464,0.4709860326685608,0.7080937798104221,0.42857142857142855,2.2151744183612148,-0.8371552566009297,1.9845551953129381,3.296902228679926,1.6322253143143908,-1.6319819197458851,2.0,-1.6319819197458851
NFP,lgbm,PRICE+FED,expanding,0.2,6,0.08450704225352113,0.8214806914043017,1.228140752030516,0.5,2.2151744183612148,-0.5722130355526112,3.871240745541429,4.92888414842581,1.3920752064984698,-1.2689956146857961,2.0,-1.2689956146857961
NFP,lgbm,PRICE+FED,expanding,0.3,5,0.07042253521126761,1.0506896097170348,1.3652244170768184,0.6,2.2151744183612148,-0.696037603249235,4.773824879619353,5.253448048585174,1.3920752064984698,-1.2689956146857961,2.0,-1.2689956146857961
NFP,lgbm,PRICE+FED,rolling5y,0.0,16,0.22535211267605634,0.09434489559494874,0.22671693622819655,0.5,1.59527205513025,-1.4065822639403525,1.1341477111060025,1.5095183295191799,4.447180222710276,-2.1279891346692934,4.0,-2.1279891346692934
NFP,lgbm,PRICE+FED,rolling5y,0.1,8,0.11267605633802817,0.04488548918812757,0.07261883298987445,0.5,1.5095728386382812,-1.4198018602620261,1.0632278213522608,0.35908391350502056,4.3057468871063325,-2.1279891346692934,2.0,-2.1279891346692934
NFP,lgbm,PRICE+FED,rolling5y,0.2,7,0.09859154929577464,-0.08818595934423896,-0.12652578277471968,0.42857142857142855,1.6873019085461438,-1.4198018602620261,0.8913049537602822,-0.6173017154096727,4.3057468871063325,-2.1279891346692934,2.0,-2.1279891346692934
NFP,lgbm,PRICE+FED,rolling5y,0.3,7,0.09859154929577464,-0.08818595934423896,-0.12652578277471968,0.42857142857142855,1.6873019085461438,-1.4198018602620261,0.8913049537602822,-0.6173017154096727,4.3057468871063325,-2.1279891346692934,2.0,-2.1279891346692934
NFP,lgbm,PRICE+FED,decay3y,0.0,15,0.2112676056338028,-0.24747487069128302,-0.5211634419798048,0.4,1.5828829060071907,-1.4677133884902653,0.7189791133246581,-3.712123060369245,6.4535226505725385,-3.666041579808751,4.0,-3.666041579808751
NFP,lgbm,PRICE+FED,decay3y,0.1,11,0.15492957746478872,-0.02370768324730932,-0.038551048952582656,0.45454545454545453,1.8092084200471454,-1.5511377693260215,0.971979222727401,-0.2607845157204025,3.666041579808751,-3.666041579808751,3.0,-3.666041579808751
NFP,lgbm,PRICE+FED,decay3y,0.2,8,0.11267605633802817,0.47849416312085363,0.7772691721508416,0.5,1.918145386573489,-0.9611570603317817,1.9956627961629545,3.827953304966829,2.128232529237799,-2.1279891346692934,2.0,-2.1279891346692934
NFP,lgbm,PRICE+FED,decay3y,0.3,5,0.07042253521126761,0.09281440668590664,0.10801137973399731,0.4,1.992068187298648,-1.1733547803892546,1.1318362360602703,0.4640720334295332,2.128232529237799,-2.1279891346692934,2.0,-2.1279891346692934
NFP,lgbm,PRICE+POSITIONING,expanding,0.0,10,0.14084507042253522,0.3901264279011757,0.7434935500978938,0.5,1.8092084200471454,-1.0289555642447943,1.7582959681791708,3.901264279011757,3.188232001318722,-1.7961567948202521,3.0,-1.7961567948202521
NFP,lgbm,PRICE+POSITIONING,expanding,0.1,8,0.11267605633802817,0.9161753741972367,1.8524880326052837,0.625,1.8092084200471454,-0.5722130355526112,5.269623688025893,7.329402993577894,1.3920752064984698,-1.2689956146857961,2.0,-1.2689956146857961
NFP,lgbm,PRICE+POSITIONING,expanding,0.2,6,0.08450704225352113,0.8214806914043017,1.228140752030516,0.5,2.2151744183612148,-0.5722130355526112,3.871240745541429,4.92888414842581,1.3920752064984698,-1.2689956146857961,2.0,-1.2689956146857961
NFP,lgbm,PRICE+POSITIONING,expanding,0.3,4,0.056338028169014086,0.6652858714794604,0.7735859035533972,0.5,2.026609346208156,-0.696037603249235,2.911637728691037,2.6611434859178416,1.39207520649847,-1.2689956146857961,2.0,-1.2689956146857961
NFP,lgbm,PRICE+POSITIONING,rolling5y,0.0,14,0.19718309859154928,-0.25430163785259824,-0.6722221452896159,0.42857142857142855,1.0697957480424947,-1.247374677273918,0.6432283945232593,-3.560222929936375,6.784475670810865,-2.1279891346692934,4.0,-2.1279891346692934
NFP,lgbm,PRICE+POSITIONING,rolling5y,0.1,11,0.15492957746478872,-0.07376553089492195,-0.15844690107851506,0.5454545454545454,1.0697957480424947,-1.4460390656198219,0.8877733168991062,-0.8114208398441415,4.0356735807186315,-2.1279891346692934,2.0,-2.1279891346692934
NFP,lgbm,PRICE+POSITIONING,rolling5y,0.2,7,0.09859154929577464,-0.452611252654554,-0.8484402315113961,0.42857142857142855,0.8369762241554088,-1.4198018602620261,0.44212659927118836,-3.168278768581878,4.3057468871063325,-2.1279891346692934,2.0,-2.1279891346692934
NFP,lgbm,PRICE+POSITIONING,rolling5y,0.3,6,0.08450704225352113,-0.5464480993160034,-0.8794390934262727,0.3333333333333333,1.2002594225760421,-1.4198018602620261,0.4226855366827498,-3.2786885958960204,4.3057468871063325,-2.1279891346692934,2.0,-2.1279891346692934
NFP,lgbm,PRICE+POSITIONING,decay3y,0.0,13,0.18309859154929578,-0.13272469630894784,-0.2464310381189322,0.46153846153846156,1.5828829060071907,-1.6032454982942095,0.8462564080305406,-1.725421052016322,4.4668206422196155,-3.666041579808751,3.0,-3.666041579808751
NFP,lgbm,PRICE+POSITIONING,decay3y,0.1,11,0.15492957746478872,-0.02370768324730932,-0.038551048952582656,0.45454545454545453,1.8092084200471454,-1.5511377693260215,0.971979222727401,-0.2607845157204025,3.666041579808751,-3.666041579808751,3.0,-3.666041579808751
NFP,lgbm,PRICE+POSITIONING,decay3y,0.2,5,0.07042253521126761,0.9127102347671142,1.7145763598228647,0.6,1.6703982219358693,-0.22382174598601873,11.194610791126252,4.563551173835571,0.32456390015936354,-0.32456390015936354,1.0,-0.32456390015936354
NFP,lgbm,PRICE+POSITIONING,decay3y,0.3,4,0.056338028169014086,0.7929298404764018,1.1841776210783492,0.5,1.8096814269388222,-0.22382174598601873,8.085369091222557,3.171719361905607,0.32456390015936354,-0.32456390015936354,1.0,-0.32456390015936354
NFP,lgbm,PRICE+MACRO+RATES,expanding,0.0,21,0.29577464788732394,-0.22624536556773048,-0.5687043718606752,0.42857142857142855,1.5144559793695092,-1.5317713742706605,0.7415218769628419,-4.75115267692234,11.702722206963529,-3.7813787293986825,7.0,-3.723710154603717
NFP,lgbm,PRICE+MACRO+RATES,expanding,0.1,15,0.2112676056338028,-0.09209572492940227,-0.17712481957866624,0.4666666666666667,1.6420546746155433,-1.6094773245312297,0.8927108312675835,-1.381435873941034,7.287330372631218,-3.7813787293986825,5.0,-3.7813787293986825
NFP,lgbm,PRICE+MACRO+RATES,expanding,0.2,12,0.16901408450704225,-0.45783473962043847,-0.761147489859945,0.3333333333333333,1.8454504302011436,-1.6094773245312297,0.57330737192543,-5.494016875445261,8.840971161821717,-3.7813787293986825,6.0,-3.7813787293986825
NFP,lgbm,PRICE+MACRO+RATES,expanding,0.3,8,0.11267605633802817,-0.48824174591589636,-0.7161656828989247,0.25,2.0174237172140597,-1.323463566959215,0.5081171776792932,-3.905933967327171,6.676115028514328,-3.7813787293986825,5.0,-3.7813787293986825
NFP,lgbm,PRICE+MACRO+RATES,rolling5y,0.0,23,0.323943661971831,0.051425570139482575,0.15276219438556982,0.5652173913043478,1.235683647878306,-1.488109930920988,1.0794825764300944,1.1827881132080993,5.700615116031609,-3.7813787293986825,3.0,-2.954683932033988
NFP,lgbm,PRICE+MACRO+RATES,rolling5y,0.1,17,0.23943661971830985,-0.06076815729362478,-0.1429369564701316,0.5882352941176471,1.1940391015363458,-1.8533499556221547,0.9203713199859814,-1.0330586739916212,6.872025073577333,-3.7813787293986825,3.0,-3.7813787293986825
NFP,lgbm,PRICE+MACRO+RATES,rolling5y,0.2,11,0.15492957746478872,-0.3031776975589217,-0.505387528336751,0.45454545454545453,1.5353238768699307,-1.8352623429162989,0.6971409667923574,-3.3349546731481388,8.087125616505014,-3.7813787293986825,3.0,-3.7813787293986825
NFP,lgbm,PRICE+MACRO+RATES,rolling5y,0.3,5,0.07042253521126761,-1.5928092049384681,-1.9093782647687363,0.2,1.373460553941772,-2.334376644658528,0.14709071874546206,-7.96404602469234,7.96404602469234,-3.7813787293986825,2.0,-3.7813787293986825
NFP,lgbm,PRICE+MACRO+RATES,decay3y,0.0,26,0.36619718309859156,-0.21244966178567132,-0.6152943547123871,0.46153846153846156,1.3295815360989278,-1.5341906885438992,0.7428289880561443,-5.523691206427454,11.710991042342156,-3.7813787293986825,7.0,-3.723710154603717
NFP,lgbm,PRICE+MACRO+RATES,decay3y,0.1,19,0.2676056338028169,-0.07715285927221252,-0.17342310580224504,0.47368421052631576,1.6038813751603938,-1.5900836702615582,0.9078096106772227,-1.465904326172038,9.49181328552923,-3.7813787293986825,5.0,-3.7813787293986825
NFP,lgbm,PRICE+MACRO+RATES,decay3y,0.2,14,0.19718309859154928,0.12739640949775052,0.2664804135146473,0.5,1.5741279674640107,-1.3193351484685096,1.1931221337438527,1.7835497329685075,5.518126631209949,-3.7813787293986825,4.0,-3.7813787293986825
NFP,lgbm,PRICE+MACRO+RATES,decay3y,0.3,12,0.16901408450704225,0.06161387434168153,0.11235598372327427,0.5,1.6033320737954508,-1.4801043251120882,1.0832561236344138,0.7393664921001784,5.16340654260291,-3.7813787293986825,3.0,-3.7813787293986825
NFP,lgbm,ALL,expanding,0.0,25,0.352112676056338,-0.04116979055609421,-0.14333696736570192,0.48,1.1458911221298127,-1.1369183253430852,0.9303620388716636,-1.0292447639023552,9.981283023684341,-3.7813787293986825,6.0,-3.0124070551518445
NFP,lgbm,ALL,expanding,0.1,19,0.2676056338028169,-0.29560818673780137,-0.9205294160341438,0.42105263157894735,0.9723760543621042,-1.217778543901369,0.5807152610235985,-5.616555548018226,11.205728664643,-3.7813787293986825,6.0,-3.7813787293986825
NFP,lgbm,ALL,expanding,0.2,13,0.18309859154929578,-0.3657675878784824,-0.8394227208769007,0.38461538461538464,1.1310666441358819,-1.3012889828874603,0.5432434008749789,-4.754978642420271,8.712287408998545,-3.7813787293986825,5.0,-3.7813787293986825
NFP,lgbm,ALL,expanding,0.3,12,0.16901408450704225,-0.5165061155750434,-1.1621277027618775,0.3333333333333333,1.0530596190497898,-1.3012889828874603,0.40462173771468174,-6.198073386900521,8.712287408998545,-3.7813787293986825,5.0,-3.7813787293986825
NFP,lgbm,ALL,rolling5y,0.0,22,0.30985915492957744,-0.2617669200584374,-0.7352847020954968,0.5454545454545454,1.080081642061223,-1.8719851946020296,0.6923655027886096,-5.758872241285623,11.474606818301131,-3.7813787293986825,5.0,-3.4888363451467894
NFP,lgbm,ALL,rolling5y,0.1,19,0.2676056338028169,-0.32699853453415717,-0.8549636856817934,0.5263157894736842,1.0378890655202018,-1.8435403123723337,0.625541012073792,-6.212972156148986,11.474606818301131,-3.7813787293986825,5.0,-3.7813787293986825
NFP,lgbm,ALL,rolling5y,0.2,15,0.2112676056338028,-0.16136778057750026,-0.3822654623179204,0.5333333333333333,1.1473619183716688,-1.6570588650908367,0.791324189790599,-2.420516708662504,6.874795924179589,-3.7813787293986825,4.0,-3.7813787293986825
NFP,lgbm,ALL,rolling5y,0.3,12,0.16901408450704225,-0.467785977265108,-0.9678734772774951,0.4166666666666667,1.1971960656909117,-1.6570588650908367,0.5160589433105038,-5.613431727181296,6.8747959241795895,-3.7813787293986825,4.0,-3.7813787293986825
NFP,lgbm,ALL,decay3y,0.0,30,0.4225352112676056,-0.15198642623319258,-0.5222926438841327,0.5333333333333333,1.081556244950412,-1.561749479014455,0.7914613044874192,-4.559592786995777,9.458513773494019,-3.7813787293986825,5.0,-2.889005063323505
NFP,lgbm,ALL,decay3y,0.1,23,0.323943661971831,-0.10354729746343087,-0.32755040605254426,0.5217391304347826,1.0391066057751945,-1.350078828269204,0.8396330784011199,-2.3815878416589102,8.192687633590587,-3.7813787293986825,5.0,-3.0191603938098677
NFP,lgbm,ALL,decay3y,0.2,18,0.2535211267605634,-0.05562270643705442,-0.14961207862460948,0.5,1.1703551954765343,-1.2816006083506433,0.913198064865718,-1.0012087158669796,6.994987560845239,-3.7813787293986825,4.0,-3.7813787293986825
NFP,lgbm,ALL,decay3y,0.3,9,0.1267605633802817,-0.236442341243387,-0.43771796807383634,0.3333333333333333,1.3140550566038196,-1.0116910401669903,0.6494349581206734,-2.127981071190483,4.259178409818394,-3.7813787293986825,3.0,-3.7813787293986825
NFP,knn,PRICE,expanding,0.0,1,0.014084507042253521,-2.243435380905006,0.0,0.0,0.0,-2.243435380905006,0.0,-2.243435380905006,2.243435380905006,-2.243435380905006,1.0,-2.243435380905006
NFP,knn,PRICE,expanding,0.1,0,0.0,,,,,,,,,,,
NFP,knn,PRICE,expanding,0.2,0,0.0,,,,,,,,,,,
NFP,knn,PRICE,expanding,0.3,0,0.0,,,,,,,,,,,
NFP,knn,PRICE,rolling5y,0.0,13,0.18309859154929578,-0.39302171947553993,-1.0713374597474317,0.46153846153846156,0.9196545255144327,-1.5181727866098025,0.5192263453385166,-5.109282353182019,7.396340067106176,-2.243435380905006,2.0,-2.243435380905006
NFP,knn,PRICE,rolling5y,0.1,8,0.11267605633802817,-0.5670304522604057,-1.130513241029861,0.375,1.0736219124394102,-1.5514218710802954,0.41521468755309704,-4.536243618083246,4.751715774720639,-2.243435380905006,2.0,-2.243435380905006
NFP,knn,PRICE,rolling5y,0.2,6,0.08450704225352113,-0.6620549980227121,-1.0324284069342347,0.3333333333333333,1.3133954849804124,-1.6497802395242744,0.3980516475816012,-3.972329988136272,5.345790542078044,-2.243435380905006,3.0,-2.243435380905006
NFP,knn,PRICE,rolling5y,0.3,3,0.04225352112676056,-0.8740289615439462,-0.8106177812880476,0.3333333333333333,1.2533304160190528,-1.9377086503254457,0.3234052796865388,-2.6220868846318384,2.6220868846318384,-2.243435380905006,1.0,-2.243435380905006
NFP,knn,PRICE,decay3y,0.0,1,0.014084507042253521,-2.243435380905006,0.0,0.0,0.0,-2.243435380905006,0.0,-2.243435380905006,2.243435380905006,-2.243435380905006,1.0,-2.243435380905006
NFP,knn,PRICE,decay3y,0.1,0,0.0,,,,,,,,,,,
NFP,knn,PRICE,decay3y,0.2,0,0.0,,,,,,,,,,,
NFP,knn,PRICE,decay3y,0.3,0,0.0,,,,,,,,,,,
NFP,knn,PRICE+MACRO,expanding,0.0,7,0.09859154929577464,-1.0279032505564667,-2.2000304148761214,0.14285714285714285,1.5416463246593748,-1.4561615130924404,0.17645093061430514,-7.195322753895267,8.736969078554642,-2.243435380905006,6.0,-2.243435380905006
NFP,knn,PRICE+MACRO,expanding,0.1,1,0.014084507042253521,-0.8651471810954797,0.0,0.0,0.0,-0.8651471810954797,0.0,-0.8651471810954797,0.8651471810954797,-0.8651471810954797,1.0,-0.8651471810954797
NFP,knn,PRICE+MACRO,expanding,0.2,0,0.0,,,,,,,,,,,
NFP,knn,PRICE+MACRO,expanding,0.3,0,0.0,,,,,,,,,,,
NFP,knn,PRICE+MACRO,rolling5y,0.0,15,0.2112676056338028,-0.7161945491228342,-2.3212967985230377,0.26666666666666666,1.0779073829350108,-1.3685952516893234,0.2864004683513651,-10.742918236842513,11.34011339788266,-2.243435380905006,4.0,-2.243435380905006
NFP,knn,PRICE+MACRO,rolling5y,0.1,8,0.11267605633802817,-0.5782175622535884,-1.0710829570002254,0.375,1.2179497537237123,-1.6559179518399687,0.4413080076958127,-4.625740498028708,5.65279878923902,-2.243435380905006,3.0,-2.243435380905006
NFP,knn,PRICE+MACRO,rolling5y,0.2,8,0.11267605633802817,-0.5782175622535884,-1.0710829570002254,0.375,1.2179497537237123,-1.6559179518399687,0.4413080076958127,-4.625740498028708,5.65279878923902,-2.243435380905006,3.0,-2.243435380905006
NFP,knn,PRICE+MACRO,rolling5y,0.3,6,0.08450704225352113,-0.6772522695788911,-1.0424554250907667,0.3333333333333333,1.3133954849804124,-1.672576146858543,0.3926265143285856,-4.063513617473347,5.3168440334924,-2.243435380905006,3.0,-2.243435380905006
NFP,knn,PRICE+MACRO,decay3y,0.0,7,0.09859154929577464,-1.0279032505564667,-2.2000304148761214,0.14285714285714285,1.5416463246593748,-1.4561615130924404,0.17645093061430514,-7.195322753895267,8.736969078554642,-2.243435380905006,6.0,-2.243435380905006
NFP,knn,PRICE+MACRO,decay3y,0.1,1,0.014084507042253521,-0.8651471810954797,0.0,0.0,0.0,-0.8651471810954797,0.0,-0.8651471810954797,0.8651471810954797,-0.8651471810954797,1.0,-0.8651471810954797
NFP,knn,PRICE+MACRO,decay3y,0.2,0,0.0,,,,,,,,,,,
NFP,knn,PRICE+MACRO,decay3y,0.3,0,0.0,,,,,,,,,,,
NFP,knn,PRICE+RATES,expanding,0.0,4,0.056338028169014086,-0.45434610903330425,-0.397690142804801,0.25,2.895764276050223,-1.5710495707278131,0.6144012109282067,-1.817384436133217,4.71314871218344,-2.243435380905006,3.0,-2.243435380905006
NFP,knn,PRICE+RATES,expanding,0.1,2,0.028169014084507043,-1.7893651132514534,0.0,0.0,0.0,-1.7893651132514534,0.0,-3.578730226502907,3.578730226502907,-2.243435380905006,2.0,-2.243435380905006
NFP,knn,PRICE+RATES,expanding,0.2,1,0.014084507042253521,-2.243435380905006,0.0,0.0,0.0,-2.243435380905006,0.0,-2.243435380905006,2.243435380905006,-2.243435380905006,1.0,-2.243435380905006
NFP,knn,PRICE+RATES,expanding,0.3,0,0.0,,,,,,,,,,,
NFP,knn,PRICE+RATES,rolling5y,0.0,9,0.1267605633802817,-0.8808270881615567,-1.5776659439369722,0.3333333333333333,1.108305324435272,-1.8753932944599712,0.2954861062234986,-7.92744379345401,8.971971059530462,-3.666041579808751,3.0,-3.666041579808751
NFP,knn,PRICE+RATES,rolling5y,0.1,6,0.08450704225352113,-0.6644695359842628,-1.1228495775383829,0.3333333333333333,1.1401943536146826,-1.5668014807837354,0.3638605042179121,-3.9868172159055772,5.013875507115889,-2.243435380905006,2.0,-2.243435380905006
NFP,knn,PRICE+RATES,rolling5y,0.2,2,0.028169014084507043,-0.06546505304703376,0.0,0.5,1.0270582912103121,-1.1579883973043796,0.8869331450998534,-0.13093010609406752,1.1579883973043796,-1.1579883973043796,1.0,-1.1579883973043796
NFP,knn,PRICE+RATES,rolling5y,0.3,1,0.014084507042253521,-1.1579883973043796,0.0,0.0,0.0,-1.1579883973043796,0.0,-1.1579883973043796,1.1579883973043796,-1.1579883973043796,1.0,-1.1579883973043796
NFP,knn,PRICE+RATES,decay3y,0.0,4,0.056338028169014086,-0.45434610903330425,-0.397690142804801,0.25,2.895764276050223,-1.5710495707278131,0.6144012109282067,-1.817384436133217,4.71314871218344,-2.243435380905006,3.0,-2.243435380905006
NFP,knn,PRICE+RATES,decay3y,0.1,2,0.028169014084507043,-1.7893651132514534,0.0,0.0,0.0,-1.7893651132514534,0.0,-3.578730226502907,3.578730226502907,-2.243435380905006,2.0,-2.243435380905006
NFP,knn,PRICE+RATES,decay3y,0.2,1,0.014084507042253521,-2.243435380905006,0.0,0.0,0.0,-2.243435380905006,0.0,-2.243435380905006,2.243435380905006,-2.243435380905006,1.0,-2.243435380905006
NFP,knn,PRICE+RATES,decay3y,0.3,0,0.0,,,,,,,,,,,
NFP,knn,PRICE+DXYFX,expanding,0.0,0,0.0,,,,,,,,,,,
NFP,knn,PRICE+DXYFX,expanding,0.1,0,0.0,,,,,,,,,,,
NFP,knn,PRICE+DXYFX,expanding,0.2,0,0.0,,,,,,,,,,,
NFP,knn,PRICE+DXYFX,expanding,0.3,0,0.0,,,,,,,,,,,
NFP,knn,PRICE+DXYFX,rolling5y,0.0,9,0.1267605633802817,-0.7300396726118492,-1.7542016499787636,0.3333333333333333,0.8352881885703224,-1.512703603202935,0.27609116115071,-6.570357053506643,7.597415344716955,-2.243435380905006,3.0,-2.243435380905006
NFP,knn,PRICE+DXYFX,rolling5y,0.1,6,0.08450704225352113,-0.6747598904863658,-1.13423926951353,0.3333333333333333,1.1401943536146826,-1.5822370125368896,0.36031085879685776,-4.048559342918194,5.075617634128506,-2.243435380905006,2.0,-2.243435380905006
NFP,knn,PRICE+DXYFX,rolling5y,0.2,4,0.056338028169014086,-0.9852997871119933,-1.2787836939081054,0.25,1.2533304160190528,-1.7315098548223418,0.24127890706261643,-3.941199148447973,3.941199148447973,-2.243435380905006,2.0,-2.243435380905006
NFP,knn,PRICE+DXYFX,rolling5y,0.3,1,0.014084507042253521,-1.6319819197458851,0.0,0.0,0.0,-1.6319819197458851,0.0,-1.6319819197458851,1.6319819197458851,-1.6319819197458851,1.0,-1.6319819197458851
NFP,knn,PRICE+DXYFX,decay3y,0.0,0,0.0,,,,,,,,,,,
NFP,knn,PRICE+DXYFX,decay3y,0.1,0,0.0,,,,,,,,,,,
NFP,knn,PRICE+DXYFX,decay3y,0.2,0,0.0,,,,,,,,,,,
NFP,knn,PRICE+DXYFX,decay3y,0.3,0,0.0,,,,,,,,,,,
NFP,knn,PRICE+VOLRISK,expanding,0.0,0,0.0,,,,,,,,,,,
NFP,knn,PRICE+VOLRISK,expanding,0.1,0,0.0,,,,,,,,,,,
NFP,knn,PRICE+VOLRISK,expanding,0.2,0,0.0,,,,,,,,,,,
NFP,knn,PRICE+VOLRISK,expanding,0.3,0,0.0,,,,,,,,,,,
NFP,knn,PRICE+VOLRISK,rolling5y,0.0,15,0.2112676056338028,-0.27406148456097584,-0.8291786268675798,0.4666666666666667,0.9321537288053479,-1.329499796256509,0.6134897613382663,-4.110922268414638,7.574114259434987,-2.243435380905006,3.0,-2.243435380905006
NFP,knn,PRICE+VOLRISK,rolling5y,0.1,12,0.16901408450704225,-0.5453393069072735,-1.4932882223109731,0.3333333333333333,1.022981671791198,-1.329499796256509,0.3847242679809435,-6.544071682887282,8.452232915585286,-2.243435380905006,3.0,-2.243435380905006
NFP,knn,PRICE+VOLRISK,rolling5y,0.2,11,0.15492957746478872,-0.4750802817928179,-1.2101607913118209,0.36363636363636365,1.022981671791198,-1.331115683840827,0.43915112894061353,-5.225883099720997,7.134044332419002,-2.243435380905006,2.0,-2.243435380905006
NFP,knn,PRICE+VOLRISK,rolling5y,0.3,7,0.09859154929577464,-0.8367924798941598,-1.6680131347854428,0.2857142857142857,1.0303429313270567,-1.5836466443826462,0.2602456640139482,-5.857547359259119,5.857547359259119,-2.243435380905006,2.0,-2.243435380905006
NFP,knn,PRICE+VOLRISK,decay3y,0.0,0,0.0,,,,,,,,,,,
NFP,knn,PRICE+VOLRISK,decay3y,0.1,0,0.0,,,,,,,,,,,
NFP,knn,PRICE+VOLRISK,decay3y,0.2,0,0.0,,,,,,,,,,,
NFP,knn,PRICE+VOLRISK,decay3y,0.3,0,0.0,,,,,,,,,,,
NFP,knn,PRICE+CONSENSUS,expanding,0.0,0,0.0,,,,,,,,,,,
NFP,knn,PRICE+CONSENSUS,expanding,0.1,0,0.0,,,,,,,,,,,
NFP,knn,PRICE+CONSENSUS,expanding,0.2,0,0.0,,,,,,,,,,,
NFP,knn,PRICE+CONSENSUS,expanding,0.3,0,0.0,,,,,,,,,,,
NFP,knn,PRICE+CONSENSUS,rolling5y,0.0,15,0.2112676056338028,-0.2618598055131504,-0.800929143753582,0.4666666666666667,0.9396771629941002,-1.3132046529569945,0.626115294191517,-3.927897082697256,6.188234678009563,-2.243435380905006,3.0,-2.243435380905006
NFP,knn,PRICE+CONSENSUS,rolling5y,0.1,9,0.1267605633802817,-0.2922526514161088,-0.6340415265959392,0.4444444444444444,1.022981671791198,-1.3444401099819543,0.6087183291816123,-2.6302738627449793,4.538435095442983,-2.243435380905006,2.0,-2.243435380905006
NFP,knn,PRICE+CONSENSUS,rolling5y,0.2,6,0.08450704225352113,-0.6620549980227121,-1.0324284069342347,0.3333333333333333,1.3133954849804124,-1.6497802395242744,0.3980516475816012,-3.972329988136272,5.345790542078044,-2.243435380905006,3.0,-2.243435380905006
NFP,knn,PRICE+CONSENSUS,rolling5y,0.3,4,0.056338028169014086,-0.9391263425780929,-1.2273036482803663,0.25,1.2533304160190528,-1.669945262110475,0.2501739516968948,-3.7565053703123716,3.7565053703123716,-2.243435380905006,2.0,-2.243435380905006
NFP,knn,PRICE+CONSENSUS,decay3y,0.0,0,0.0,,,,,,,,,,,
NFP,knn,PRICE+CONSENSUS,decay3y,0.1,0,0.0,,,,,,,,,,,
NFP,knn,PRICE+CONSENSUS,decay3y,0.2,0,0.0,,,,,,,,,,,
NFP,knn,PRICE+CONSENSUS,decay3y,0.3,0,0.0,,,,,,,,,,,
NFP,knn,PRICE+FED,expanding,0.0,1,0.014084507042253521,-2.243435380905006,0.0,0.0,0.0,-2.243435380905006,0.0,-2.243435380905006,2.243435380905006,-2.243435380905006,1.0,-2.243435380905006
NFP,knn,PRICE+FED,expanding,0.1,0,0.0,,,,,,,,,,,
NFP,knn,PRICE+FED,expanding,0.2,0,0.0,,,,,,,,,,,
NFP,knn,PRICE+FED,expanding,0.3,0,0.0,,,,,,,,,,,
NFP,knn,PRICE+FED,rolling5y,0.0,7,0.09859154929577464,-0.857089406676924,-1.7002978470646757,0.2857142857142857,1.0303429313270567,-1.6120623418785165,0.2556583339392224,-5.999625846738468,5.999625846738468,-2.243435380905006,2.0,-2.243435380905006
NFP,knn,PRICE+FED,rolling5y,0.1,3,0.04225352112676056,-0.8740289615439462,-0.8106177812880476,0.3333333333333333,1.2533304160190528,-1.9377086503254457,0.3234052796865388,-2.6220868846318384,2.6220868846318384,-2.243435380905006,1.0,-2.243435380905006
NFP,knn,PRICE+FED,rolling5y,0.2,3,0.04225352112676056,-0.8740289615439462,-0.8106177812880476,0.3333333333333333,1.2533304160190528,-1.9377086503254457,0.3234052796865388,-2.6220868846318384,2.6220868846318384,-2.243435380905006,1.0,-2.243435380905006
NFP,knn,PRICE+FED,rolling5y,0.3,3,0.04225352112676056,-0.8740289615439462,-0.8106177812880476,0.3333333333333333,1.2533304160190528,-1.9377086503254457,0.3234052796865388,-2.6220868846318384,2.6220868846318384,-2.243435380905006,1.0,-2.243435380905006
NFP,knn,PRICE+FED,decay3y,0.0,1,0.014084507042253521,-2.243435380905006,0.0,0.0,0.0,-2.243435380905006,0.0,-2.243435380905006,2.243435380905006,-2.243435380905006,1.0,-2.243435380905006
NFP,knn,PRICE+FED,decay3y,0.1,0,0.0,,,,,,,,,,,
NFP,knn,PRICE+FED,decay3y,0.2,0,0.0,,,,,,,,,,,
NFP,knn,PRICE+FED,decay3y,0.3,0,0.0,,,,,,,,,,,
NFP,knn,PRICE+POSITIONING,expanding,0.0,0,0.0,,,,,,,,,,,
NFP,knn,PRICE+POSITIONING,expanding,0.1,0,0.0,,,,,,,,,,,
NFP,knn,PRICE+POSITIONING,expanding,0.2,0,0.0,,,,,,,,,,,
NFP,knn,PRICE+POSITIONING,expanding,0.3,0,0.0,,,,,,,,,,,
NFP,knn,PRICE+POSITIONING,rolling5y,0.0,8,0.11267605633802817,-0.6308651268048,-1.284088250463876,0.375,0.9507556094808091,-1.5798375685761656,0.36108355506611267,-5.0469210144384,5.262393171075792,-2.243435380905006,2.0,-2.243435380905006
NFP,knn,PRICE+POSITIONING,rolling5y,0.1,6,0.08450704225352113,-0.6659833166266865,-1.0375988878251492,0.3333333333333333,1.3133954849804124,-1.6556727174302357,0.39663499650429984,-3.995899899760119,4.211372056397511,-2.243435380905006,2.0,-2.243435380905006
NFP,knn,PRICE+POSITIONING,rolling5y,0.2,5,0.07042253521126761,-0.5675823004911479,-0.7306577641847035,0.4,1.3133954849804124,-1.8215674908055213,0.48068325461810973,-2.8379115024557393,4.211372056397511,-2.243435380905006,2.0,-2.243435380905006
NFP,knn,PRICE+POSITIONING,rolling5y,0.3,3,0.04225352112676056,-0.8740289615439462,-0.8106177812880476,0.3333333333333333,1.2533304160190528,-1.9377086503254457,0.3234052796865388,-2.6220868846318384,2.6220868846318384,-2.243435380905006,1.0,-2.243435380905006
NFP,knn,PRICE+POSITIONING,decay3y,0.0,0,0.0,,,,,,,,,,,
NFP,knn,PRICE+POSITIONING,decay3y,0.1,0,0.0,,,,,,,,,,,
NFP,knn,PRICE+POSITIONING,decay3y,0.2,0,0.0,,,,,,,,,,,
NFP,knn,PRICE+POSITIONING,decay3y,0.3,0,0.0,,,,,,,,,,,
NFP,knn,PRICE+MACRO+RATES,expanding,0.0,8,0.11267605633802817,-0.6342269141709352,-1.2646975382580543,0.375,1.004020862458543,-1.6171755801486225,0.3725090366624028,-5.073815313367482,6.118342579443933,-2.243435380905006,3.0,-2.243435380905006
NFP,knn,PRICE+MACRO+RATES,expanding,0.1,3,0.04225352112676056,-1.843946458604117,-7.017270827806042,0.0,0.0,-1.843946458604117,0.0,-5.531839375812351,5.531839375812351,-2.243435380905006,3.0,-2.243435380905006
NFP,knn,PRICE+MACRO+RATES,expanding,0.2,2,0.028169014084507043,-2.0916824434239345,0.0,0.0,0.0,-2.0916824434239345,0.0,-4.183364886847869,4.183364886847869,-2.243435380905006,2.0,-2.243435380905006
NFP,knn,PRICE+MACRO+RATES,expanding,0.3,2,0.028169014084507043,-2.0916824434239345,0.0,0.0,0.0,-2.0916824434239345,0.0,-4.183364886847869,4.183364886847869,-2.243435380905006,2.0,-2.243435380905006
NFP,knn,PRICE+MACRO+RATES,rolling5y,0.0,13,0.18309859154929578,-0.12812571979052695,-0.37609834783234974,0.5384615384615384,0.9063530701497532,-1.3350176413875205,0.7920583836448145,-1.6656343572768502,6.854863273078049,-1.9399295059428627,5.0,-1.9399295059428627
NFP,knn,PRICE+MACRO+RATES,rolling5y,0.1,7,0.09859154929577464,-0.2623760259718996,-0.48293331129600275,0.42857142857142855,1.22325220077009,-1.3765971960283916,0.6664543217322126,-1.836632181803297,5.506388784113566,-1.9399295059428627,4.0,-1.9399295059428627
NFP,knn,PRICE+MACRO+RATES,rolling5y,0.2,4,0.056338028169014086,0.1743997259280915,0.23507285012573184,0.5,1.4575534393005734,-1.1087539874443904,1.3145868748216583,0.697598903712366,2.2175079748887807,-1.1579883973043796,2.0,-1.1579883973043796
NFP,knn,PRICE+MACRO+RATES,rolling5y,0.3,2,0.028169014084507043,0.10773607831869614,0.0,0.5,1.373460553941772,-1.1579883973043796,1.1860745385178113,0.21547215663739228,1.1579883973043796,-1.1579883973043796,1.0,-1.1579883973043796
NFP,knn,PRICE+MACRO+RATES,decay3y,0.0,8,0.11267605633802817,-0.6342269141709352,-1.2646975382580543,0.375,1.004020862458543,-1.6171755801486225,0.3725090366624028,-5.073815313367482,6.118342579443933,-2.243435380905006,3.0,-2.243435380905006
NFP,knn,PRICE+MACRO+RATES,decay3y,0.1,3,0.04225352112676056,-1.843946458604117,-7.017270827806042,0.0,0.0,-1.843946458604117,0.0,-5.531839375812351,5.531839375812351,-2.243435380905006,3.0,-2.243435380905006
NFP,knn,PRICE+MACRO+RATES,decay3y,0.2,2,0.028169014084507043,-2.0916824434239345,0.0,0.0,0.0,-2.0916824434239345,0.0,-4.183364886847869,4.183364886847869,-2.243435380905006,2.0,-2.243435380905006
NFP,knn,PRICE+MACRO+RATES,decay3y,0.3,2,0.028169014084507043,-2.0916824434239345,0.0,0.0,0.0,-2.0916824434239345,0.0,-4.183364886847869,4.183364886847869,-2.243435380905006,2.0,-2.243435380905006
NFP,knn,ALL,expanding,0.0,14,0.19718309859154928,-0.53666353968909,-1.6291320009616517,0.2857142857142857,1.134059984292216,-1.2049529492816125,0.3764661466552159,-7.513289555647259,10.676068938874353,-2.243435380905006,7.0,-2.243435380905006
NFP,knn,ALL,expanding,0.1,9,0.1267605633802817,-0.4473316411516689,-0.9254491204681552,0.3333333333333333,1.3140550566038196,-1.3280249900294132,0.49474033488432917,-4.02598477036502,6.594689386234707,-2.243435380905006,4.0,-2.243435380905006
NFP,knn,ALL,expanding,0.2,3,0.04225352112676056,-0.5748191164351567,-0.5748475500708573,0.3333333333333333,1.373460553941772,-1.548958951623621,0.4433495647196165,-1.7244573493054702,3.097917903247242,-1.9399295059428627,2.0,-1.9399295059428627
NFP,knn,ALL,expanding,0.3,2,0.028169014084507043,0.10773607831869614,0.0,0.5,1.373460553941772,-1.1579883973043796,1.1860745385178113,0.21547215663739228,1.1579883973043796,-1.1579883973043796,1.0,-1.1579883973043796
NFP,knn,ALL,rolling5y,0.0,20,0.28169014084507044,-0.26240852461487457,-1.047711797975565,0.4,0.9633242892488084,-1.0795637338573298,0.5948849268378733,-5.248170492297492,6.645580352839756,-1.5407492907883522,4.0,-1.4448502970351376
NFP,knn,ALL,rolling5y,0.1,13,0.18309859154929578,-0.24547071797412887,-0.8351532444336343,0.38461538461538464,0.8960218855103748,-0.9589035951519436,0.5840145779777235,-3.1911193336636754,4.119061574924716,-1.3484744889644822,3.0,-1.3484744889644822
NFP,knn,ALL,rolling5y,0.2,7,0.09859154929577464,0.24495697175004422,0.5544513611743876,0.5714285714285714,1.0767042274999892,-0.8640393692498822,1.6615048894276387,1.7146988022503096,1.9710600648758931,-1.3484744889644822,1.0,-1.3484744889644822
NFP,knn,ALL,rolling5y,0.3,3,0.04225352112676056,0.685209013512129,1.295137586475734,0.6666666666666666,1.0893533161745306,-0.12307959181267392,17.701607555418562,2.055627040536387,0.12307959181267414,-0.12307959181267392,1.0,-0.12307959181267392
NFP,knn,ALL,decay3y,0.0,14,0.19718309859154928,-0.53666353968909,-1.6291320009616517,0.2857142857142857,1.134059984292216,-1.2049529492816125,0.3764661466552159,-7.513289555647259,10.676068938874353,-2.243435380905006,7.0,-2.243435380905006
NFP,knn,ALL,decay3y,0.1,9,0.1267605633802817,-0.4473316411516689,-0.9254491204681552,0.3333333333333333,1.3140550566038196,-1.3280249900294132,0.49474033488432917,-4.02598477036502,6.594689386234707,-2.243435380905006,4.0,-2.243435380905006
NFP,knn,ALL,decay3y,0.2,3,0.04225352112676056,-0.5748191164351567,-0.5748475500708573,0.3333333333333333,1.373460553941772,-1.548958951623621,0.4433495647196165,-1.7244573493054702,3.097917903247242,-1.9399295059428627,2.0,-1.9399295059428627
NFP,knn,ALL,decay3y,0.3,2,0.028169014084507043,0.10773607831869614,0.0,0.5,1.373460553941772,-1.1579883973043796,1.1860745385178113,0.21547215663739228,1.1579883973043796,-1.1579883973043796,1.0,-1.1579883973043796
SHARED,ridge,PRICE,expanding,0.0,45,0.31690140845070425,-0.41251208604764983,-1.605527928525735,0.35555555555555557,1.4436830073493603,-1.4366197237839307,0.5544367444556301,-18.56304387214424,20.735663941538466,-3.80694653271941,9.0,-3.182962111937325
SHARED,ridge,PRICE,expanding,0.1,40,0.28169014084507044,-0.4140686126967073,-1.5228027610879664,0.375,1.3671082369948284,-1.482774722511629,0.5531959304023434,-16.562744507868292,21.688346137224293,-3.80694653271941,11.0,-3.0415479619202124
SHARED,ridge,PRICE,expanding,0.2,38,0.2676056338028169,-0.3940761310629935,-1.3792895539951089,0.39473684210526316,1.3671082369948284,-1.5426746319702684,0.5779522849456382,-14.974892980393752,20.530357739919914,-3.80694653271941,10.0,-3.3116476208815846
SHARED,ridge,PRICE,expanding,0.3,37,0.2605633802816901,-0.344422810685342,-1.1914785062895301,0.40540540540540543,1.3671082369948284,-1.5113757977400035,0.6167355954027411,-12.743643995357653,18.299108754883818,-3.80694653271941,10.0,-3.3116476208815846
SHARED,ridge,PRICE,rolling5y,0.0,61,0.4295774647887324,-0.28489621215792954,-1.3560160651419053,0.4098360655737705,1.3062286982881637,-1.3898440666343832,0.6526654928252027,-17.378668941633702,19.55128901102791,-3.80694653271941,6.0,-2.840251445304382
SHARED,ridge,PRICE,rolling5y,0.1,54,0.38028169014084506,-0.280287504659312,-1.2925149189219785,0.42592592592592593,1.2372193478986468,-1.4061796855894104,0.6527877944367726,-15.13552525160285,18.06628514495823,-3.80694653271941,6.0,-2.919153819708041
SHARED,ridge,PRICE,rolling5y,0.2,47,0.33098591549295775,-0.3219177316031792,-1.352305047677516,0.425531914893617,1.210456967118334,-1.4570101010265224,0.6153936680509695,-15.130133385349424,17.30275345474364,-3.80694653271941,5.0,-3.116944990967728
SHARED,ridge,PRICE,rolling5y,0.3,42,0.29577464788732394,-0.23254472554096944,-0.9773463953296093,0.40476190476190477,1.3165157663069922,-1.2859058599975832,0.6961868274637438,-9.766878472720716,11.93949854211493,-3.0449047510582954,5.0,-2.3602898614398247
SHARED,ridge,PRICE,decay3y,0.0,37,0.2605633802816901,-0.32783326128877155,-1.0746737298348408,0.3783783783783784,1.5573356542150603,-1.4753273837693646,0.6425309067836796,-12.129830667684548,17.095947828331518,-3.80694653271941,6.0,-3.3116476208815846
SHARED,ridge,PRICE,decay3y,0.1,32,0.22535211267605634,-0.33181233899062923,-1.0408669804789588,0.40625,1.37141130904844,-1.49717588764894,0.6267360176585217,-10.617994847700135,18.116154777588,-3.80694653271941,7.0,-3.3116476208815846
SHARED,ridge,PRICE,decay3y,0.2,28,0.19718309859154928,-0.33229422564705197,-0.91678443388043,0.39285714285714285,1.5797773495449114,-1.569517009594793,0.651288814957698,-9.304238318117456,17.822852831703237,-3.80694653271941,6.0,-3.7446016446793333
SHARED,ridge,PRICE,decay3y,0.3,25,0.176056338028169,-0.39484169214126585,-0.990558477667243,0.4,1.5822520086671679,-1.7129041593468881,0.6158165164634638,-9.871042303531647,16.834626058795084,-3.80694653271941,5.0,-3.7446016446793333
SHARED,ridge,PRICE+MACRO,expanding,0.0,80,0.5633802816901409,-0.34515951321216515,-2.3249622916847983,0.425,0.891418974102132,-1.259152308183602,0.5232686225640486,-27.612761056973213,29.11462086584592,-3.80694653271941,7.0,-2.628624286062476
SHARED,ridge,PRICE+MACRO,expanding,0.1,75,0.528169014084507,-0.3559192295490227,-2.2870256249969403,0.4266666666666667,0.8880373499726595,-1.2816543584953908,0.5156343441976389,-26.693942216176705,28.289905522935744,-3.80694653271941,7.0,-2.7342007252690665
SHARED,ridge,PRICE+MACRO,expanding,0.2,73,0.5140845070422535,-0.3332634476982162,-2.09501954209631,0.4383561643835616,0.8880373499726595,-1.2864738263681679,0.5387613084104254,-24.328231681969783,25.924194988728832,-3.80694653271941,7.0,-2.7342007252690665
SHARED,ridge,PRICE+MACRO,expanding,0.3,70,0.49295774647887325,-0.3320178169732651,-2.024702347875079,0.42857142857142855,0.9236007632715358,-1.2737317521568658,0.5438355221031992,-23.241247188128558,24.837210494887607,-3.80694653271941,7.0,-2.7342007252690665
SHARED,ridge,PRICE+MACRO,rolling5y,0.0,88,0.6197183098591549,-0.4028979525011662,-2.4313227703322506,0.3977272727272727,1.140904108949515,-1.4223898798742578,0.5296910871059617,-35.45501982010263,38.246755869594566,-5.240495297728065,7.0,-3.002325360805001
SHARED,ridge,PRICE+MACRO,rolling5y,0.1,81,0.5704225352112676,-0.37383899496539713,-2.329634021921513,0.3950617283950617,1.0839826278631677,-1.325885769057521,0.5339125276087611,-30.28095859219717,33.072694641689125,-5.240495297728065,7.0,-2.672863366252042
SHARED,ridge,PRICE+MACRO,rolling5y,0.2,75,0.528169014084507,-0.339422014661503,-2.0267622705025747,0.4,1.0948899302359707,-1.2956299779264853,0.563375834607873,-25.456651099612724,29.060324902583922,-5.240495297728065,7.0,-2.7233393696307724
SHARED,ridge,PRICE+MACRO,rolling5y,0.3,67,0.47183098591549294,-0.2626835584380515,-1.5984072995995935,0.3880597014925373,1.162245783163719,-1.1662972872586863,0.6319434327133767,-17.59979841534945,20.814324697851625,-2.883348462676036,6.0,-2.1974837641361322
SHARED,ridge,PRICE+MACRO,decay3y,0.0,79,0.5563380281690141,-0.3753144709209078,-2.435879622739468,0.43037974683544306,0.8949720189760709,-1.3350864855097362,0.5064848519876739,-29.64984320275172,31.415832159158953,-3.80694653271941,7.0,-2.744935145717399
SHARED,ridge,PRICE+MACRO,decay3y,0.1,75,0.528169014084507,-0.3886815767030618,-2.431976117888833,0.41333333333333333,0.9397295742060723,-1.3246076148435881,0.4998326995779828,-29.151118252729635,30.747081559488684,-3.80694653271941,7.0,-2.744935145717399
SHARED,ridge,PRICE+MACRO,decay3y,0.2,70,0.49295774647887325,-0.36851023430822777,-2.1887992415484505,0.4142857142857143,0.9818615416851588,-1.323651246596233,0.5246755395044747,-25.795716401575945,27.391679708334994,-3.80694653271941,7.0,-2.744935145717399
SHARED,ridge,PRICE+MACRO,decay3y,0.3,64,0.4507042253521127,-0.3748114459413009,-2.116787148070511,0.40625,0.9926313994429482,-1.3104302348884185,0.5182792903952408,-23.987932540243257,25.59772383141356,-3.80694653271941,7.0,-2.8629215741710294
SHARED,ridge,PRICE+RATES,expanding,0.0,70,0.49295774647887325,-0.3385633934673348,-1.8149232602360037,0.37142857142857144,1.2512352836892333,-1.2779898845143975,0.5785384633769015,-23.699437542713433,25.872057612107646,-3.80694653271941,7.0,-2.7780719856034373
SHARED,ridge,PRICE+RATES,expanding,0.1,65,0.45774647887323944,-0.2756916262518683,-1.4029891544277682,0.38461538461538464,1.28970348094593,-1.2540635682504921,0.6427622139727125,-17.919955706371443,20.092575775765663,-3.80694653271941,7.0,-2.9141047112277954
SHARED,ridge,PRICE+RATES,expanding,0.2,60,0.4225352112676056,-0.22868032203342623,-1.1182279964194566,0.4,1.2968619572080289,-1.2457085081943964,0.6940424926468967,-13.720819322005573,16.066416704778955,-3.80694653271941,6.0,-2.664922963987667
SHARED,ridge,PRICE+RATES,expanding,0.3,57,0.4014084507042254,-0.18550180368993813,-0.8693493739505956,0.42105263157894735,1.2968619572080289,-1.2635845388884595,0.7464259837688524,-10.573602810326474,13.349063323270023,-3.80694653271941,6.0,-2.819989714461932
SHARED,ridge,PRICE+RATES,rolling5y,0.0,80,0.5633802816901409,-0.3958755464145309,-2.6618447339336457,0.375,0.9775890097109322,-1.2199542800898089,0.480799498308559,-31.67004371316247,32.49402247754497,-3.3846796950571107,7.0,-2.3832970530237843
SHARED,ridge,PRICE+RATES,rolling5y,0.1,76,0.5352112676056338,-0.33981359662592503,-2.209948514376612,0.39473684210526316,0.9775890097109322,-1.1989892094543102,0.5317462782685476,-25.825833343570302,26.6498121079528,-3.3846796950571107,7.0,-2.467313720296929
SHARED,ridge,PRICE+RATES,rolling5y,0.2,74,0.5211267605633803,-0.33759320780514834,-2.1575912151861716,0.3918918918918919,0.9872709298803082,-1.1913945409802205,0.5340307043873119,-24.981897377580978,25.805876141963484,-3.3846796950571107,6.0,-2.467313720296929
SHARED,ridge,PRICE+RATES,rolling5y,0.3,71,0.5,-0.3021469236151056,-1.9092014179323553,0.39436619718309857,0.9986281439111017,-1.1491632466554265,0.5658634584346164,-21.452431576672495,22.27641034105501,-3.3846796950571107,6.0,-2.3549964176767517
SHARED,ridge,PRICE+RATES,decay3y,0.0,70,0.49295774647887325,-0.3658406056995577,-1.9643518420325743,0.38571428571428573,1.1264470715147987,-1.3028584495318276,0.5428862785449667,-25.60884239896904,27.781462468363237,-3.80694653271941,6.0,-2.989379845491972
SHARED,ridge,PRICE+RATES,decay3y,0.1,61,0.4295774647887324,-0.3311435049857877,-1.6067759945542142,0.39344262295081966,1.1670941912964103,-1.3029733620336998,0.5810050244223828,-20.19975380413305,22.372373873527263,-3.80694653271941,7.0,-3.1289797213635158
SHARED,ridge,PRICE+RATES,decay3y,0.2,54,0.38028169014084506,-0.3120057462646213,-1.371165862230735,0.4074074074074074,1.1899457896510972,-1.3445974272066776,0.6084257740137572,-16.84831029828955,17.672289062672057,-3.80694653271941,6.0,-3.3291778387023605
SHARED,ridge,PRICE+RATES,decay3y,0.3,45,0.31690140845070425,-0.21541001351117836,-0.8289324585433343,0.4222222222222222,1.3554677798329342,-1.363359170185722,0.7265393950928251,-9.693450608003026,12.083752115241595,-3.80694653271941,6.0,-3.244961903425762
SHARED,ridge,PRICE+DXYFX,expanding,0.0,44,0.30985915492957744,-0.3946021880095714,-1.5904877908351993,0.38636363636363635,1.263964958543307,-1.438885206209532,0.5530877552135754,-17.362496272421144,19.535116341815357,-3.80694653271941,5.0,-3.018335200447075
SHARED,ridge,PRICE+DXYFX,expanding,0.1,41,0.2887323943661972,-0.41263501666200625,-1.5646092505178264,0.36585365853658536,1.3778132340849432,-1.4455859305544771,0.5498754751498776,-16.918035683142257,20.103602111874523,-3.80694653271941,11.0,-3.018335200447075
SHARED,ridge,PRICE+DXYFX,expanding,0.2,40,0.28169014084507044,-0.45432071555885667,-1.7015188026300396,0.35,1.3866003980044384,-1.4455859305544771,0.5164902118647968,-18.172828622354267,20.345448691748484,-3.80694653271941,11.0,-3.018335200447075
SHARED,ridge,PRICE+DXYFX,expanding,0.3,37,0.2605633802816901,-0.4487136443971525,-1.5761816283059398,0.35135135135135137,1.4352119883348473,-1.4691733621269858,0.5291455138799214,-16.602404842694643,19.06307145347187,-3.80694653271941,10.0,-3.3116476208815846
SHARED,ridge,PRICE+DXYFX,rolling5y,0.0,61,0.4295774647887324,-0.3177875344672646,-1.6580845339760797,0.39344262295081966,1.1653446538634478,-1.279819224195294,0.5906296925753212,-19.38503960250314,23.49933516906811,-3.6822567566392563,6.0,-2.7513493162426115
SHARED,ridge,PRICE+DXYFX,rolling5y,0.1,55,0.3873239436619718,-0.3851214718129357,-1.8728004916741976,0.38181818181818183,1.1606400892822666,-1.3398565536658549,0.5350318551165208,-21.181680949711463,23.354301019105677,-3.6822567566392563,5.0,-2.8942158644920104
SHARED,ridge,PRICE+DXYFX,rolling5y,0.2,51,0.3591549295774648,-0.3009197308893988,-1.410077349404255,0.4117647058823529,1.1606400892822666,-1.3240116050095645,0.6136260886412076,-15.346906275359338,19.234065355530493,-3.6822567566392563,4.0,-2.692638229279474
SHARED,ridge,PRICE+DXYFX,rolling5y,0.3,41,0.2887323943661972,-0.24485421154358902,-1.0134779353096157,0.4146341463414634,1.2076574620135363,-1.273716646979886,0.6715968089301655,-10.03902267328715,17.786263014564877,-3.6822567566392563,6.0,-2.519627862835065
SHARED,ridge,PRICE+DXYFX,decay3y,0.0,40,0.28169014084507044,-0.3638324764177525,-1.4691540657805504,0.35,1.327356910095632,-1.2744729153095748,0.5608048906429971,-14.5532990567101,21.114526562955735,-3.6822567566392563,11.0,-2.6218086124076834
SHARED,ridge,PRICE+DXYFX,decay3y,0.1,34,0.23943661971830985,-0.2903918041740331,-1.0283207415588131,0.38235294117647056,1.37141130904844,-1.319127064740326,0.6435838732249325,-9.873321341917125,17.583233173105807,-3.6822567566392563,9.0,-2.751995154864879
SHARED,ridge,PRICE+DXYFX,decay3y,0.2,31,0.21830985915492956,-0.22908382519421047,-0.7482137079545028,0.41935483870967744,1.37141130904844,-1.3849969777027917,0.7151378227875066,-7.101598581020524,16.05744085438873,-3.6822567566392563,8.0,-2.751995154864879
SHARED,ridge,PRICE+DXYFX,decay3y,0.3,22,0.15492957746478872,-0.06272270726906956,-0.15811228582987694,0.5,1.3653203018268516,-1.490765716364991,0.915851690737818,-1.3798995599195303,11.383631419114433,-3.6822567566392563,4.0,-3.0639981649626717
SHARED,ridge,PRICE+VOLRISK,expanding,0.0,39,0.2746478873239437,-0.24355950235785004,-0.8673794317829874,0.41025641025641024,1.4831840377092944,-1.4447723997958637,0.7141472250517656,-9.498820591956152,10.847461896967857,-3.80694653271941,5.0,-3.016530563703348
SHARED,ridge,PRICE+VOLRISK,expanding,0.1,35,0.24647887323943662,-0.2988830414196941,-1.0107967055993141,0.4,1.4438014221843645,-1.4606726838224,0.6589664420487482,-10.460906449689293,13.529871145340394,-3.80694653271941,5.0,-3.016530563703348
SHARED,ridge,PRICE+VOLRISK,expanding,0.2,34,0.23943661971830985,-0.266986706040925,-0.8818946075999168,0.4117647058823529,1.4438014221843645,-1.4645383957986278,0.690088425423583,-9.077548005391451,13.529871145340394,-3.80694653271941,4.0,-3.016530563703348
SHARED,ridge,PRICE+VOLRISK,expanding,0.3,32,0.22535211267605634,-0.17055667872765928,-0.5443749555362041,0.4375,1.4438014221843645,-1.4261685349925666,0.7873940801146642,-5.457813719285097,11.27292908711934,-3.80694653271941,4.0,-3.016530563703348
SHARED,ridge,PRICE+VOLRISK,rolling5y,0.0,50,0.352112676056338,-0.42808761418006713,-2.047761274110993,0.38,1.1428937875941134,-1.3909471830094033,0.5036016447835533,-21.404380709003355,22.753022014015063,-3.80694653271941,5.0,-2.919153819708041
SHARED,ridge,PRICE+VOLRISK,rolling5y,0.1,46,0.323943661971831,-0.463199841665271,-2.1004194348690044,0.3695652173913043,1.1403050555705216,-1.4031854710793563,0.47638370089026727,-21.307192716602465,22.65583402161418,-3.80694653271941,5.0,-3.116944990967728
SHARED,ridge,PRICE+VOLRISK,rolling5y,0.2,41,0.2887323943661972,-0.46054471997169494,-2.0360959847106415,0.36585365853658536,1.1555404594158774,-1.392901554233756,0.4786109652394254,-18.88233351883949,20.230974823851206,-3.3846796950571107,5.0,-2.697205641455199
SHARED,ridge,PRICE+VOLRISK,rolling5y,0.3,37,0.2605633802816901,-0.4877294990217257,-2.023216315384779,0.35135135135135137,1.220244702273699,-1.412882191390081,0.46781386617093285,-18.04599146380385,18.045991463803855,-3.3846796950571107,5.0,-2.8869444770505006
SHARED,ridge,PRICE+VOLRISK,decay3y,0.0,32,0.22535211267605634,-0.5448046645093165,-1.7019241558652145,0.3125,1.6690753450887779,-1.5511137597811777,0.48911345581191856,-17.43374926429813,18.782390569309833,-3.80694653271941,7.0,-3.2162522896274175
SHARED,ridge,PRICE+VOLRISK,decay3y,0.1,27,0.19014084507042253,-0.39970947621355607,-1.0950799043372144,0.37037037037037035,1.6690753450887779,-1.6166417240384585,0.6073139223885664,-10.792155857766014,13.803904677291175,-3.80694653271941,5.0,-3.301926058911978
SHARED,ridge,PRICE+VOLRISK,decay3y,0.2,23,0.1619718309859155,-0.29432061841673457,-0.7052284949661815,0.391304347826087,1.797604368366799,-1.6391295384918634,0.7050100563126028,-6.769374223584895,12.17782087373422,-3.80694653271941,8.0,-3.301926058911978
SHARED,ridge,PRICE+VOLRISK,decay3y,0.3,20,0.14084507042253522,-0.19208244168127703,-0.42716373289424975,0.4,1.8279260696223554,-1.5387547825503656,0.7919503442442428,-3.8416488336255403,9.732081300448133,-3.80694653271941,7.0,-3.301926058911978
SHARED,ridge,PRICE+CONSENSUS,expanding,0.0,67,0.47183098591549294,-0.38772643745529745,-1.9198554617915276,0.373134328358209,1.2787684559988117,-1.379687683558934,0.5516985540059574,-25.977671309504927,27.32631261451664,-4.094197477094094,6.0,-3.2805746922035888
SHARED,ridge,PRICE+CONSENSUS,expanding,0.1,66,0.4647887323943662,-0.3899180344880734,-1.901784449099551,0.3787878787878788,1.2787684559988117,-1.4074097969800765,0.5540226201970567,-25.734590276212842,27.083231581224556,-4.094197477094094,6.0,-3.2805746922035888
SHARED,ridge,PRICE+CONSENSUS,expanding,0.2,58,0.4084507042253521,-0.329330398516576,-1.4457441742316919,0.39655172413793105,1.3586035981641382,-1.4385441677639024,0.6206251224179834,-19.101163113961405,20.44980441897312,-4.094197477094094,6.0,-3.4904398336370877
SHARED,ridge,PRICE+CONSENSUS,expanding,0.3,53,0.3732394366197183,-0.30245147508222225,-1.2375856937067424,0.41509433962264153,1.3752115079818772,-1.4930510114502924,0.6536659140022604,-16.02992817935778,18.396807040356226,-4.094197477094094,6.0,-3.4904398336370877
SHARED,ridge,PRICE+CONSENSUS,rolling5y,0.0,74,0.5211267605633803,-0.2626865431062922,-1.5532344315846192,0.4189189189189189,1.1054976216066423,-1.2490518711551521,0.6380733065155053,-19.43880418986562,22.17707037520426,-3.3846796950571107,7.0,-2.5710519944122625
SHARED,ridge,PRICE+CONSENSUS,rolling5y,0.1,66,0.4647887323943662,-0.2895613221904844,-1.5911549036814014,0.42424242424242425,1.0743904811124925,-1.2945784404137304,0.611516551847274,-19.111047264571972,20.119571415302637,-3.3846796950571107,6.0,-2.6448958043694244
SHARED,ridge,PRICE+CONSENSUS,rolling5y,0.2,64,0.4507042253521127,-0.29052844934482425,-1.5710476365629553,0.421875,1.0701788920102306,-1.2834770497931076,0.6084575908505513,-18.593820758068752,19.602344908799417,-3.3846796950571107,6.0,-2.6448958043694244
SHARED,ridge,PRICE+CONSENSUS,rolling5y,0.3,61,0.4295774647887324,-0.2458609479674703,-1.3054851376105128,0.4262295081967213,1.0855985056637745,-1.2349451135221094,0.6530206042172719,-14.997517826015688,16.00604197674636,-3.3846796950571107,6.0,-2.586062775566895
SHARED,ridge,PRICE+CONSENSUS,decay3y,0.0,58,0.4084507042253521,-0.39131596660060175,-1.823760731602248,0.39655172413793105,1.2048529840378428,-1.4402269913058654,0.5497470448389734,-22.696326062834903,24.54162806923448,-3.80694653271941,6.0,-3.1607482528754867
SHARED,ridge,PRICE+CONSENSUS,decay3y,0.1,49,0.34507042253521125,-0.3756522500379538,-1.572429939312767,0.40816326530612246,1.1942836340267857,-1.4583666528412225,0.5647714749449824,-18.406960251859736,23.46982301987185,-3.80694653271941,6.0,-3.3395004227728364
SHARED,ridge,PRICE+CONSENSUS,decay3y,0.2,44,0.30985915492957744,-0.2752601840326611,-1.0919313650926328,0.4318181818181818,1.2429262828498953,-1.4290818988634038,0.6610005876620586,-12.111448097437089,19.892722394486263,-3.6822567566392563,5.0,-2.999198682914505
SHARED,ridge,PRICE+CONSENSUS,decay3y,0.3,43,0.3028169014084507,-0.2787992675726608,-1.0806490709102257,0.4418604651162791,1.2429262828498953,-1.4834986616571844,0.6632856049610322,-11.988368505624415,19.76964280267359,-3.6822567566392563,4.0,-2.999198682914505
SHARED,ridge,PRICE+FED,expanding,0.0,59,0.4154929577464789,-0.38259074885330985,-1.843812220096103,0.3898305084745763,1.1935092131626346,-1.3895435023634963,0.5487555976327086,-22.57285418234528,24.745474251739495,-3.80694653271941,6.0,-3.042219319747829
SHARED,ridge,PRICE+FED,expanding,0.1,51,0.3591549295774648,-0.45147063328639603,-1.9689905082252566,0.37254901960784315,1.2520305807401564,-1.4629244791146614,0.5081555254064499,-23.025002297606196,25.19762236700042,-3.80694653271941,10.0,-3.042219319747829
SHARED,ridge,PRICE+FED,expanding,0.2,49,0.34507042253521125,-0.4842009310866052,-2.086089928797597,0.3673469387755102,1.2057988480070927,-1.4654911253990748,0.4777519661841042,-23.725845623243657,25.89846569263787,-3.80694653271941,10.0,-3.244961903425762
SHARED,ridge,PRICE+FED,expanding,0.3,45,0.31690140845070425,-0.4264701269337947,-1.719585471216079,0.4,1.2057988480070927,-1.514649443561053,0.5307273587883458,-19.191155712020763,22.012413184952393,-3.80694653271941,10.0,-3.244961903425762
SHARED,ridge,PRICE+FED,rolling5y,0.0,78,0.5492957746478874,-0.365850860882836,-2.378106978385993,0.38461538461538464,1.0207539304296196,-1.2324788554531205,0.5176325773832139,-28.53636714886121,28.53636714886121,-3.3846796950571107,7.0,-2.430385473900554
SHARED,ridge,PRICE+FED,rolling5y,0.1,74,0.5211267605633803,-0.33989707122792145,-2.1179721629406303,0.3918918918918919,1.0481826758184307,-1.234437352657793,0.5472092210590769,-25.15238327086619,25.152383270866196,-3.3846796950571107,7.0,-2.430385473900554
SHARED,ridge,PRICE+FED,rolling5y,0.2,68,0.4788732394366197,-0.2892330054100885,-1.7365114602078058,0.39705882352941174,1.095447844991571,-1.2010960044550838,0.6006118416940495,-19.66784436788602,20.491823132268525,-3.0449047510582954,7.0,-2.2713364370411284
SHARED,ridge,PRICE+FED,rolling5y,0.3,62,0.43661971830985913,-0.1862992728543089,-1.0576418438701047,0.43548387096774194,1.095447844991571,-1.1750756209068447,0.7191535175278286,-11.550554916967151,12.696211682517163,-3.0449047510582954,6.0,-2.1966272705755894
SHARED,ridge,PRICE+FED,decay3y,0.0,56,0.39436619718309857,-0.23463181407771597,-1.0715294210493411,0.44642857142857145,1.156391390496337,-1.3564247209922748,0.6875233749285864,-13.139381588352094,16.33096264443751,-3.80694653271941,5.0,-3.042219319747829
SHARED,ridge,PRICE+FED,decay3y,0.1,48,0.3380281690140845,-0.3788021294257155,-1.5971930697994214,0.4166666666666667,1.1576861003708419,-1.476293722137542,0.560131517679778,-18.182502212434343,20.95159362749075,-3.80694653271941,8.0,-3.244961903425762
SHARED,ridge,PRICE+FED,decay3y,0.2,41,0.2887323943661972,-0.3881539450628448,-1.4621130313891681,0.4146341463414634,1.1852557944591366,-1.5026525105575816,0.5587161248812998,-15.914311747576637,18.636814572631643,-3.80694653271941,6.0,-3.244961903425762
SHARED,ridge,PRICE+FED,decay3y,0.3,39,0.2746478873239437,-0.3194198796177302,-1.2047980376255476,0.41025641025641024,1.2452517619782015,-1.4078871085540303,0.6152922986693711,-12.457375305091478,15.179878130146477,-3.80694653271941,5.0,-3.0991969523545975
SHARED,ridge,PRICE+POSITIONING,expanding,0.0,48,0.3380281690140845,-0.34114407643970396,-1.413766996769936,0.375,1.3945325203522048,-1.3825500345148491,0.6052001673161408,-16.37491566910579,19.705957803963855,-3.80694653271941,8.0,-3.0415479619202124
SHARED,ridge,PRICE+POSITIONING,expanding,0.1,45,0.31690140845070425,-0.2985811716742108,-1.1674156803209899,0.4,1.3945325203522048,-1.4273236330251544,0.6513507696436255,-13.436152725339484,18.150553304495393,-3.80694653271941,7.0,-3.0415479619202124
SHARED,ridge,PRICE+POSITIONING,expanding,0.2,40,0.28169014084507044,-0.2240959712690521,-0.8032045456845341,0.425,1.428648912027254,-1.4456900154445826,0.7304179182379384,-8.963838850762084,14.208132551174966,-3.80694653271941,6.0,-3.018335200447075
SHARED,ridge,PRICE+POSITIONING,expanding,0.3,36,0.2535211267605634,-0.2032387480015563,-0.6707884677686871,0.4166666666666667,1.5248968172738775,-1.4376212946268663,0.7576487746873479,-7.316594928056027,13.600079143228267,-3.80694653271941,6.0,-3.3116476208815846
SHARED,ridge,PRICE+POSITIONING,rolling5y,0.0,60,0.4225352112676056,-0.19891005610183948,-0.9854899871071721,0.43333333333333335,1.2369500457965867,-1.2969207222594596,0.7293452560072167,-11.93460336611037,16.307681476214338,-3.80694653271941,6.0,-2.7721309455893035
SHARED,ridge,PRICE+POSITIONING,rolling5y,0.1,56,0.39436619718309857,-0.22656097429871655,-1.0914062264950013,0.42857142857142855,1.1883945276022339,-1.2877776007244295,0.6921194274541533,-12.687414560728127,16.80171012729309,-3.80694653271941,6.0,-2.919153819708041
SHARED,ridge,PRICE+POSITIONING,rolling5y,0.2,50,0.352112676056338,-0.23802414718103546,-1.1216542397843376,0.4,1.2138717387595164,-1.20595473780807,0.6710432825286275,-11.901207359051773,14.073827428445991,-3.3846796950571107,5.0,-2.5651678281632817
SHARED,ridge,PRICE+POSITIONING,rolling5y,0.3,42,0.29577464788732394,-0.24630604203048326,-1.006395687214955,0.42857142857142855,1.239420003766166,-1.3606005763779703,0.6832019763648802,-10.344853765280297,13.317438552402017,-3.3846796950571107,5.0,-2.697205641455199
SHARED,ridge,PRICE+POSITIONING,decay3y,0.0,39,0.2746478873239437,-0.2872975994853721,-1.0421482085144507,0.38461538461538464,1.4459820118555569,-1.3705973565734526,0.6593758211157692,-11.204606379929512,15.893886275301366,-3.80694653271941,6.0,-3.3116476208815846
SHARED,ridge,PRICE+POSITIONING,decay3y,0.1,37,0.2605633802816901,-0.311181262056009,-1.091340577743573,0.3783783783783784,1.4381928156793578,-1.3760176571992755,0.6361994770282253,-11.513706696072333,15.893886275301366,-3.80694653271941,6.0,-3.3116476208815846
SHARED,ridge,PRICE+POSITIONING,decay3y,0.2,31,0.21830985915492956,-0.4333463055506191,-1.3331105679348985,0.3548387096774194,1.4863709206468685,-1.4891907799592372,0.5489585467203569,-13.433735472069191,17.81391505129822,-3.80694653271941,5.0,-3.3116476208815846
SHARED,ridge,PRICE+POSITIONING,decay3y,0.3,26,0.18309859154929578,-0.295053133568795,-0.7750122050221386,0.4230769230769231,1.4863709206468685,-1.6014307733269484,0.6806446834684173,-7.67138147278867,14.63496522805211,-3.80694653271941,5.0,-3.7446016446793333
SHARED,ridge,PRICE+MACRO+RATES,expanding,0.0,90,0.6338028169014085,-0.3733835542094283,-2.2953210281054095,0.4,1.1409929393230256,-1.3829678832310646,0.5500214204335165,-33.60451987884855,35.10637968772125,-3.80694653271941,10.0,-2.8815285747084727
SHARED,ridge,PRICE+MACRO+RATES,expanding,0.1,82,0.5774647887323944,-0.41702940254292026,-2.584140019820687,0.4024390243902439,1.0033389630940943,-1.3736040161351954,0.491930766981182,-34.19641100851946,35.69827081739218,-3.80694653271941,9.0,-2.9633354740744515
SHARED,ridge,PRICE+MACRO+RATES,expanding,0.2,80,0.5633802816901409,-0.40454575303917384,-2.4735856967012633,0.4,1.0224233100159845,-1.3558584617426126,0.5027188008507999,-32.36366024313391,33.865520052006616,-3.80694653271941,9.0,-2.951160287535718
SHARED,ridge,PRICE+MACRO+RATES,expanding,0.3,75,0.528169014084507,-0.3533984790251176,-2.0628066202664623,0.41333333333333333,1.049814625901922,-1.3420258938600773,0.5511384885928682,-26.50488592688382,28.006745735756528,-3.80694653271941,8.0,-3.0522638456258195
SHARED,ridge,PRICE+MACRO+RATES,rolling5y,0.0,97,0.6830985915492958,-0.43757397319933966,-2.835145213665853,0.3917525773195876,1.0739120503374557,-1.4110734459857501,0.49017446255659997,-42.444675400335946,43.79331670534766,-4.957635205744295,7.0,-2.9975489191056908
SHARED,ridge,PRICE+MACRO+RATES,rolling5y,0.1,90,0.6338028169014085,-0.3708441014090815,-2.311300865513109,0.4,1.1225631076659477,-1.3664489074591009,0.547679024825179,-33.37596912681733,34.724610431829035,-4.957635205744295,7.0,-2.855167706443171
SHARED,ridge,PRICE+MACRO+RATES,rolling5y,0.2,84,0.5915492957746479,-0.38341686319990115,-2.4744727102302395,0.39285714285714285,1.037625782319203,-1.3029150455946157,0.5153098202690857,-32.207016508791696,34.76245694020926,-4.957635205744295,6.0,-2.705364151562022
SHARED,ridge,PRICE+MACRO+RATES,rolling5y,0.3,80,0.5633802816901409,-0.3541992894040652,-2.2287688340668894,0.4,1.0464687841507678,-1.2879780051072873,0.5416597591993806,-28.335943152325214,31.23683116242258,-4.957635205744295,6.0,-2.6494763851020275
SHARED,ridge,PRICE+MACRO+RATES,decay3y,0.0,87,0.6126760563380281,-0.44995640917509566,-2.917229459328626,0.41379310344827586,0.8790667646609358,-1.3880904142358237,0.4470297538743961,-39.146207598233325,40.91219655464055,-4.957635205744295,8.0,-3.150482607177773
SHARED,ridge,PRICE+MACRO+RATES,decay3y,0.1,82,0.5774647887323944,-0.4899194031574223,-3.083343436293564,0.3902439024390244,0.88960748365174,-1.3728166107152862,0.4147304054257201,-40.17339105890863,41.939380015315855,-4.957635205744295,8.0,-3.147508675228596
SHARED,ridge,PRICE+MACRO+RATES,decay3y,0.2,74,0.5211267605633803,-0.38962343924410037,-2.445712113740595,0.40540540540540543,0.9374707103218526,-1.2944603594027049,0.49378458797639824,-28.83213450406343,30.428097810822475,-3.80694653271941,7.0,-2.744935145717399
SHARED,ridge,PRICE+MACRO+RATES,decay3y,0.3,67,0.47183098591549294,-0.3837567847718116,-2.2316409912804698,0.40298507462686567,0.9885872541828895,-1.3100890110662349,0.5093519531397043,-25.711704579711377,27.6068447135135,-3.80694653271941,7.0,-2.8629215741710294
SHARED,ridge,ALL,expanding,0.0,100,0.704225352112676,-0.4079373057542999,-2.768636339350027,0.39,1.108108454280905,-1.3772124638095946,0.514417928142652,-40.79373057542999,42.14237188044168,-3.80694653271941,7.0,-2.7972622995837604
SHARED,ridge,ALL,expanding,0.1,94,0.6619718309859155,-0.38019027249860093,-2.4563363090254993,0.40425531914893614,1.1267648276942441,-1.4027669476294602,0.5450587640980609,-35.73788561486849,37.08652691988019,-3.80694653271941,7.0,-2.8689824895083214
SHARED,ridge,ALL,expanding,0.2,90,0.6338028169014085,-0.38162724309388046,-2.37828094982548,0.4,1.1651309667110075,-1.4127993829638057,0.5497977895331781,-34.346451878449244,36.05468838385158,-3.80694653271941,7.0,-2.8689824895083214
SHARED,ridge,ALL,expanding,0.3,86,0.6056338028169014,-0.31734096918795274,-1.941473008488073,0.4186046511627907,1.1651309667110075,-1.3847207630352043,0.6058219956152978,-27.291323350163935,30.36461294241592,-3.80694653271941,7.0,-2.8214331316239196
SHARED,ridge,ALL,rolling5y,0.0,89,0.6267605633802817,-0.38966782660703303,-2.5479665313220745,0.39325842696629215,1.063813610488704,-1.3317391284283442,0.5177506666990964,-34.68043656802594,36.347892000844745,-3.6880889591035695,7.0,-2.8635149669316036
SHARED,ridge,ALL,rolling5y,0.1,84,0.5915492957746479,-0.36777595855530554,-2.339797591977583,0.39285714285714285,1.0825464622916627,-1.3062198779268732,0.5362582916883039,-30.893180518645664,31.21199464645276,-3.6880889591035695,6.0,-2.7720689828799374
SHARED,ridge,ALL,rolling5y,0.2,84,0.5915492957746479,-0.36777595855530554,-2.339797591977583,0.39285714285714285,1.0825464622916627,-1.3062198779268732,0.5362582916883039,-30.893180518645664,31.21199464645276,-3.6880889591035695,6.0,-2.7720689828799374
SHARED,ridge,ALL,rolling5y,0.3,78,0.5492957746478874,-0.2822030011782423,-1.7204841267947744,0.4230769230769231,1.0825464622916627,-1.2830192743895061,0.6187493995819318,-22.0118340919029,23.640149558073155,-3.6880889591035695,6.0,-2.7685208968478507
SHARED,ridge,ALL,decay3y,0.0,95,0.6690140845070423,-0.3826913420176111,-2.4069431985967182,0.3894736842105263,1.1827658208497933,-1.381345049364059,0.5462234247648143,-36.355677491673056,37.70431879668476,-3.80694653271941,7.0,-2.8689824895083214
SHARED,ridge,ALL,decay3y,0.1,85,0.5985915492957746,-0.37176121310874966,-2.386218277539702,0.4117647058823529,1.0361564688619123,-1.3573035904882134,0.534375310937216,-31.59970311424372,33.79288248811227,-3.80694653271941,6.0,-2.8214331316239196
SHARED,ridge,ALL,decay3y,0.2,82,0.5774647887323944,-0.31879584023787294,-2.0163788276222903,0.4268292682926829,1.0361564688619123,-1.3278028789292025,0.5811147824062844,-26.14125889950558,28.334438273374136,-3.80694653271941,6.0,-2.7798908670723126
SHARED,ridge,ALL,decay3y,0.3,73,0.5140845070422535,-0.31856731222631374,-1.9621693782986727,0.4383561643835616,0.9542082309735717,-1.3119531020408584,0.5676634983602754,-23.255413792520905,26.152068047107914,-3.80694653271941,5.0,-2.8391345931368357
SHARED,lgbm,PRICE,expanding,0.0,3,0.02112676056338028,-0.21649995796507313,-0.14341999782625153,0.3333333333333333,2.6613868804863476,-1.6554433771907835,0.8038290276658714,-0.6494998738952193,3.310886754381567,-2.445739573286087,2.0,-2.445739573286087
SHARED,lgbm,PRICE,expanding,0.1,2,0.014084507042253521,0.10782365360013024,0.0,0.5,2.6613868804863476,-2.445739573286087,1.0881726368398732,0.21564730720026049,2.445739573286087,-2.445739573286087,1.0,-2.445739573286087
SHARED,lgbm,PRICE,expanding,0.2,2,0.014084507042253521,0.10782365360013024,0.0,0.5,2.6613868804863476,-2.445739573286087,1.0881726368398732,0.21564730720026049,2.445739573286087,-2.445739573286087,1.0,-2.445739573286087
SHARED,lgbm,PRICE,expanding,0.3,2,0.014084507042253521,0.10782365360013024,0.0,0.5,2.6613868804863476,-2.445739573286087,1.0881726368398732,0.21564730720026049,2.445739573286087,-2.445739573286087,1.0,-2.445739573286087
SHARED,lgbm,PRICE,rolling5y,0.0,12,0.08450704225352113,0.05391110200897614,0.12174269778576474,0.5833333333333334,1.1318864500225954,-1.455254385210091,1.088909984492411,0.6469332241077137,4.198580949442546,-2.1279891346692934,3.0,-2.1279891346692934
SHARED,lgbm,PRICE,rolling5y,0.1,7,0.04929577464788732,0.07963269601038259,0.12304965774379742,0.5714285714285714,1.2113785433875648,-1.4293617671591938,1.1299948188718634,0.5574288720726781,4.288085301477581,-2.1279891346692934,3.0,-2.1279891346692934
SHARED,lgbm,PRICE,rolling5y,0.2,6,0.04225352112676056,0.11341807731422537,0.14832005645662372,0.6666666666666666,1.2113785433875648,-2.0825028548324536,1.1633871623047791,0.6805084638853522,4.165005709664907,-2.1279891346692934,2.0,-2.1279891346692934
SHARED,lgbm,PRICE,rolling5y,0.3,2,0.014084507042253521,-2.0825028548324536,0.0,0.0,0.0,-2.0825028548324536,0.0,-4.165005709664907,4.165005709664907,-2.1279891346692934,2.0,-2.1279891346692934
SHARED,lgbm,PRICE,decay3y,0.0,8,0.056338028169014086,-0.5885098502527946,-0.8286843496945657,0.5,0.8909496294701922,-2.0679693299757815,0.4308330962919195,-4.7080788020223565,4.7080788020223565,-3.666041579808751,2.0,-3.666041579808751
SHARED,lgbm,PRICE,decay3y,0.1,5,0.035211267605633804,0.1789262897684681,0.219787892487646,0.6,1.154483537980367,-1.2844095825493804,1.3482656393245749,0.8946314488423406,2.568819165098761,-2.445739573286087,2.0,-2.445739573286087
SHARED,lgbm,PRICE,decay3y,0.2,4,0.028169014084507043,0.25442776016375357,0.24313393628871463,0.75,1.154483537980367,-2.445739573286087,1.4161158660435875,1.0177110406550143,2.445739573286087,-2.445739573286087,1.0,-2.445739573286087
SHARED,lgbm,PRICE,decay3y,0.3,3,0.02112676056338028,0.17829970895900304,0.12080057518256893,0.6666666666666666,1.4903193500815481,-2.445739573286087,1.2187064938227747,0.5348991268770091,2.445739573286087,-2.445739573286087,1.0,-2.445739573286087
SHARED,lgbm,PRICE+MACRO,expanding,0.0,28,0.19718309859154928,-0.11511274669950468,-0.4547115011899477,0.5357142857142857,0.8149886968641215,-1.1883067200421502,0.7913542500806524,-3.223156907586131,5.887819893174699,-3.666041579808751,3.0,-2.948645282422424
SHARED,lgbm,PRICE+MACRO,expanding,0.1,15,0.1056338028169014,0.23537320190736483,0.6398764297657594,0.7333333333333333,0.7913611975517463,-1.2935937861146847,1.6823235521281066,3.5305980286104726,3.666041579808751,-3.666041579808751,1.0,-3.666041579808751
SHARED,lgbm,PRICE+MACRO,expanding,0.2,9,0.06338028169014084,0.5399535864817063,1.6811951740109456,0.7777777777777778,0.7479834836574492,-0.18815105363339368,13.91404481795807,4.859582278335357,0.3547200886070381,-0.3547200886070379,1.0,-0.3547200886070379
SHARED,lgbm,PRICE+MACRO,expanding,0.3,4,0.028169014084507043,0.17429800483170999,0.8974192203102904,0.75,0.3506373693112926,-0.3547200886070379,2.965470921211895,0.6971920193268399,0.3547200886070379,-0.3547200886070379,1.0,-0.3547200886070379
SHARED,lgbm,PRICE+MACRO,rolling5y,0.0,41,0.2887323943661972,-0.2734959887090588,-1.10317779904234,0.4878048780487805,0.9151792849662984,-1.4055676779236848,0.6201048392796392,-11.21333553707141,17.719734091400127,-3.7813787293986825,4.0,-3.46925118883071
SHARED,lgbm,PRICE+MACRO,rolling5y,0.1,31,0.21830985915492956,-0.15064230830064557,-0.5529617542582929,0.5161290322580645,0.859702705543336,-1.2283436564008927,0.7465469573336893,-4.669911557320012,10.675614157018318,-3.7813787293986825,4.0,-3.132435803163963
SHARED,lgbm,PRICE+MACRO,rolling5y,0.2,19,0.13380281690140844,-0.12973090680270224,-0.40084667324045736,0.5789473684210527,0.7076878543152877,-1.2811817033399382,0.7595103779165772,-2.4648872292513424,5.276902190146078,-3.3846796950571107,2.0,-3.3846796950571107
SHARED,lgbm,PRICE+MACRO,rolling5y,0.3,15,0.1056338028169014,-0.31182032364683,-0.7907370313467962,0.5333333333333333,0.680712592454159,-1.4461436563336747,0.5379529517083728,-4.67730485470245,6.616669771445947,-3.3846796950571107,2.0,-3.3846796950571107
SHARED,lgbm,PRICE+MACRO,decay3y,0.0,31,0.21830985915492956,-0.17664709465493586,-0.6556638010448435,0.4838709677419355,0.9348918592902813,-1.2187148639785772,0.7191683173727544,-5.476059934303012,10.855056909449768,-3.7813787293986825,4.0,-3.132435803163963
SHARED,lgbm,PRICE+MACRO,decay3y,0.1,25,0.176056338028169,0.008900693410301818,0.03297339639287895,0.52,0.8766051845430536,-0.931112505316846,1.0199150061518636,0.22251733525754544,5.799148046532769,-3.3846796950571107,3.0,-2.8079643400466034
SHARED,lgbm,PRICE+MACRO,decay3y,0.2,20,0.14084507042253522,0.10741406625369376,0.44438428801211405,0.6,0.7083419269174565,-0.7939777247419502,1.3382149867258692,2.1482813250738753,2.414468351475658,-2.2312489850360966,2.0,-2.134132780015855
SHARED,lgbm,PRICE+MACRO,decay3y,0.3,16,0.11267605633802817,0.01356331526531318,0.05603747303223767,0.625,0.5313723792984739,-0.8494517914566213,1.0425790387062228,0.2170130442450109,4.522637744699081,-2.2312489850360966,2.0,-2.2312489850360966
SHARED,lgbm,PRICE+RATES,expanding,0.0,8,0.056338028169014086,-0.5862034791097697,-0.813756385194022,0.375,1.3783984461225955,-1.7649646342491891,0.4685867646438011,-4.689627832878157,4.689627832878157,-3.666041579808751,2.0,-3.666041579808751
SHARED,lgbm,PRICE+RATES,expanding,0.1,3,0.02112676056338028,0.9598682863936818,0.8562566462313407,0.6666666666666666,2.0174237172140597,-1.155242575247074,3.492640871173899,2.8796048591810455,1.155242575247074,-1.155242575247074,1.0,-1.155242575247074
SHARED,lgbm,PRICE+RATES,expanding,0.2,1,0.007042253521126761,-1.155242575247074,0.0,0.0,0.0,-1.155242575247074,0.0,-1.155242575247074,1.155242575247074,-1.155242575247074,1.0,-1.155242575247074
SHARED,lgbm,PRICE+RATES,expanding,0.3,1,0.007042253521126761,-1.155242575247074,0.0,0.0,0.0,-1.155242575247074,0.0,-1.155242575247074,1.155242575247074,-1.155242575247074,1.0,-1.155242575247074
SHARED,lgbm,PRICE+RATES,rolling5y,0.0,21,0.14788732394366197,-0.353864220575841,-1.0605136607104608,0.5238095238095238,0.77815614734549,-1.599086625289305,0.535287925333737,-7.43114863209266,9.674004323991056,-3.666041579808751,5.0,-3.145851086390812
SHARED,lgbm,PRICE+RATES,rolling5y,0.1,16,0.11267605633802817,-0.5418077476422508,-1.4075869143108741,0.5,0.683583636665394,-1.7671991319498954,0.38681754891489806,-8.668923962276013,10.21622220902109,-3.666041579808751,4.0,-3.666041579808751
SHARED,lgbm,PRICE+RATES,rolling5y,0.2,11,0.07746478873239436,-0.45778894766924105,-0.9042545202562439,0.45454545454545453,0.9717841601582167,-1.6490998708587892,0.4910679745814647,-5.0356784243616515,6.5773247490210265,-3.666041579808751,2.0,-3.666041579808751
SHARED,lgbm,PRICE+RATES,rolling5y,0.3,8,0.056338028169014086,-0.4367965431336581,-0.6429090573051728,0.5,1.1149386340542669,-1.988531720321583,0.5606843595504527,-3.494372345069265,5.03601866972864,-3.666041579808751,2.0,-3.666041579808751
SHARED,lgbm,PRICE+RATES,decay3y,0.0,15,0.1056338028169014,-0.40635608894156383,-0.8477801694163077,0.4666666666666667,1.1896632900751665,-1.8028730455812028,0.5773869554304595,-6.095341334123457,6.968454886903712,-3.666041579808751,2.0,-3.666041579808751
SHARED,lgbm,PRICE+RATES,decay3y,0.1,9,0.06338028169014084,-0.39819958272514744,-0.5339936757115559,0.4444444444444444,1.6018180213159692,-1.9982136659580405,0.6412999965338462,-3.583796244526327,4.505487836154708,-3.666041579808751,2.0,-3.666041579808751
SHARED,lgbm,PRICE+RATES,decay3y,0.2,6,0.04225352112676056,-0.1468035663023608,-0.13971698557899917,0.5,1.7846797823644491,-2.0782869149691705,0.8587263719508733,-0.8808213978141648,3.666041579808751,-3.666041579808751,2.0,-3.666041579808751
SHARED,lgbm,PRICE+RATES,decay3y,0.3,5,0.035211267605633804,-0.7084416556601025,-0.6513828939364368,0.4,1.3463262333034998,-2.0782869149691705,0.43187050629900514,-3.5422082783005124,6.134512840967845,-3.666041579808751,2.0,-3.666041579808751
SHARED,lgbm,PRICE+DXYFX,expanding,0.0,2,0.014084507042253521,0.47109793529963495,0.0,0.5,2.6613868804863476,-1.7191910098870777,1.548046066539841,0.9421958705992699,1.7191910098870777,-1.7191910098870777,1.0,-1.7191910098870777
SHARED,lgbm,PRICE+DXYFX,expanding,0.1,1,0.007042253521126761,2.6613868804863476,0.0,1.0,2.6613868804863476,0.0,inf,2.6613868804863476,0.0,2.6613868804863476,0.0,2.6613868804863476
SHARED,lgbm,PRICE+DXYFX,expanding,0.2,1,0.007042253521126761,2.6613868804863476,0.0,1.0,2.6613868804863476,0.0,inf,2.6613868804863476,0.0,2.6613868804863476,0.0,2.6613868804863476
SHARED,lgbm,PRICE+DXYFX,expanding,0.3,1,0.007042253521126761,2.6613868804863476,0.0,1.0,2.6613868804863476,0.0,inf,2.6613868804863476,0.0,2.6613868804863476,0.0,2.6613868804863476
SHARED,lgbm,PRICE+DXYFX,rolling5y,0.0,5,0.035211267605633804,-0.7607811380342285,-1.0303618591946087,0.4,1.0401455146904208,-1.9613989065173285,0.35353866101526804,-3.8039056901711428,4.830963981381455,-2.1279891346692934,2.0,-2.1279891346692934
SHARED,lgbm,PRICE+DXYFX,rolling5y,0.1,3,0.02112676056338028,-1.0372576571647925,-0.9920451474609271,0.3333333333333333,1.0532327381705293,-2.0825028548324536,0.25287666130360875,-3.1117729714943776,3.1117729714943776,-2.1279891346692934,1.0,-2.1279891346692934
SHARED,lgbm,PRICE+DXYFX,rolling5y,0.2,2,0.014084507042253521,-2.0825028548324536,0.0,0.0,0.0,-2.0825028548324536,0.0,-4.165005709664907,4.165005709664907,-2.1279891346692934,2.0,-2.1279891346692934
SHARED,lgbm,PRICE+DXYFX,rolling5y,0.3,2,0.014084507042253521,-2.0825028548324536,0.0,0.0,0.0,-2.0825028548324536,0.0,-4.165005709664907,4.165005709664907,-2.1279891346692934,2.0,-2.1279891346692934
SHARED,lgbm,PRICE+DXYFX,decay3y,0.0,5,0.035211267605633804,-0.5820642001050302,-0.6113475421585174,0.4,1.5720993971321764,-2.0181732649298345,0.5193143140716524,-2.910321000525151,4.164930583173165,-2.445739573286087,2.0,-2.445739573286087
SHARED,lgbm,PRICE+DXYFX,decay3y,0.1,2,0.014084507042253521,0.10782365360013024,0.0,0.5,2.6613868804863476,-2.445739573286087,1.0881726368398732,0.21564730720026049,2.445739573286087,-2.445739573286087,1.0,-2.445739573286087
SHARED,lgbm,PRICE+DXYFX,decay3y,0.2,2,0.014084507042253521,0.10782365360013024,0.0,0.5,2.6613868804863476,-2.445739573286087,1.0881726368398732,0.21564730720026049,2.445739573286087,-2.445739573286087,1.0,-2.445739573286087
SHARED,lgbm,PRICE+DXYFX,decay3y,0.3,2,0.014084507042253521,0.10782365360013024,0.0,0.5,2.6613868804863476,-2.445739573286087,1.0881726368398732,0.21564730720026049,2.445739573286087,-2.445739573286087,1.0,-2.445739573286087
SHARED,lgbm,PRICE+VOLRISK,expanding,0.0,6,0.04225352112676056,-0.23931979923278127,-0.32758063404709303,0.3333333333333333,1.8896434655709513,-1.3038014316346476,0.7246668931793553,-1.4359187953966877,4.097305675883035,-1.7191910098870777,3.0,-1.7191910098870777
SHARED,lgbm,PRICE+VOLRISK,expanding,0.1,3,0.02112676056338028,0.7566580742811045,0.6215104498513645,0.6666666666666666,1.8896434655709513,-1.509312708298589,2.5039787383770187,2.2699742228433135,1.509312708298589,-1.509312708298589,1.0,-1.509312708298589
SHARED,lgbm,PRICE+VOLRISK,expanding,0.2,1,0.007042253521126761,1.117900050655555,0.0,1.0,1.117900050655555,0.0,inf,1.117900050655555,0.0,1.117900050655555,0.0,1.117900050655555
SHARED,lgbm,PRICE+VOLRISK,expanding,0.3,1,0.007042253521126761,1.117900050655555,0.0,1.0,1.117900050655555,0.0,inf,1.117900050655555,0.0,1.117900050655555,0.0,1.117900050655555
SHARED,lgbm,PRICE+VOLRISK,rolling5y,0.0,18,0.1267605633802817,-0.7196224565640386,-2.0826837294352587,0.3333333333333333,1.0146490106263613,-1.5867581901592382,0.31972389268856927,-12.953204218152694,14.558179880123346,-3.0449047510582954,5.0,-3.0449047510582954
SHARED,lgbm,PRICE+VOLRISK,rolling5y,0.1,11,0.07746478873239436,-0.2852076393059655,-0.6182277886578471,0.45454545454545453,1.0093277961979956,-1.3639871688926,0.6166527926465352,-3.1372840323656206,6.461450704223352,-3.0449047510582954,3.0,-3.0449047510582954
SHARED,lgbm,PRICE+VOLRISK,rolling5y,0.2,6,0.04225352112676056,-0.16762583872336856,-0.21128606140326783,0.6666666666666666,0.9821847325836057,-2.467246981337317,0.7961786882407971,-1.0057550323402114,4.934493962674634,-3.0449047510582954,2.0,-3.0449047510582954
SHARED,lgbm,PRICE+VOLRISK,rolling5y,0.3,4,0.028169014084507043,-0.8705237399825221,-0.9059694111715092,0.5,0.726199501372273,-2.467246981337317,0.29433595698581116,-3.4820949599300883,4.934493962674634,-3.0449047510582954,2.0,-3.0449047510582954
SHARED,lgbm,PRICE+VOLRISK,decay3y,0.0,19,0.13380281690140844,-0.2803809452597459,-0.7540126983396289,0.47368421052631576,1.120059776788901,-1.540777595103528,0.6542500373275987,-5.327237959935172,5.327237959935172,-3.0449047510582954,3.0,-3.0449047510582954
SHARED,lgbm,PRICE+VOLRISK,decay3y,0.1,10,0.07042253521126761,-0.2524977852788107,-0.4781032601812146,0.5,1.0698162294484832,-1.5748118000061047,0.6793295741398027,-2.524977852788107,3.0449047510582954,-3.0449047510582954,1.0,-3.0449047510582954
SHARED,lgbm,PRICE+VOLRISK,decay3y,0.2,7,0.04929577464788732,-0.532234221476,-0.933546617920855,0.42857142857142855,0.8097428132704819,-1.5387169975358614,0.39468408480923894,-3.7256395503319997,5.800147901536407,-3.0449047510582954,3.0,-3.0449047510582954
SHARED,lgbm,PRICE+VOLRISK,decay3y,0.3,7,0.04929577464788732,-0.532234221476,-0.933546617920855,0.42857142857142855,0.8097428132704819,-1.5387169975358614,0.39468408480923894,-3.7256395503319997,5.800147901536407,-3.0449047510582954,3.0,-3.0449047510582954
SHARED,lgbm,PRICE+CONSENSUS,expanding,0.0,3,0.02112676056338028,-0.8788788730227628,-0.4712535605946532,0.3333333333333333,2.6613868804863476,-2.6490117497773182,0.5023358014002901,-2.6366366190682884,3.666041579808751,-3.666041579808751,1.0,-3.666041579808751
SHARED,lgbm,PRICE+CONSENSUS,expanding,0.1,3,0.02112676056338028,-0.8788788730227628,-0.4712535605946532,0.3333333333333333,2.6613868804863476,-2.6490117497773182,0.5023358014002901,-2.6366366190682884,3.666041579808751,-3.666041579808751,1.0,-3.666041579808751
SHARED,lgbm,PRICE+CONSENSUS,expanding,0.2,3,0.02112676056338028,-0.8788788730227628,-0.4712535605946532,0.3333333333333333,2.6613868804863476,-2.6490117497773182,0.5023358014002901,-2.6366366190682884,3.666041579808751,-3.666041579808751,1.0,-3.666041579808751
SHARED,lgbm,PRICE+CONSENSUS,expanding,0.3,2,0.014084507042253521,0.5147024803702313,0.0,0.5,2.6613868804863476,-1.6319819197458851,1.630769831629477,1.0294049607404625,1.6319819197458851,-1.6319819197458851,1.0,-1.6319819197458851
SHARED,lgbm,PRICE+CONSENSUS,rolling5y,0.0,12,0.08450704225352113,0.05438616162367745,0.11255836952518301,0.4166666666666667,1.6610415945602746,-1.0932248619024632,1.085282930507139,0.6526339394841294,5.42898909099241,-2.1279891346692934,4.0,-2.1279891346692934
SHARED,lgbm,PRICE+CONSENSUS,rolling5y,0.1,10,0.07042253521126761,-0.15849505345761652,-0.3084981128938372,0.4,1.42822585253351,-1.2163089907850342,0.7828196416941169,-1.5849505345761652,5.273395706272824,-2.1279891346692934,3.0,-2.1279891346692934
SHARED,lgbm,PRICE+CONSENSUS,rolling5y,0.2,5,0.035211267605633804,0.366621349400189,0.410137004789864,0.6,1.7433638321186782,-1.6984923746775449,1.539627605731511,1.833106747000945,3.3969847493550898,-2.1279891346692934,2.0,-2.1279891346692934
SHARED,lgbm,PRICE+CONSENSUS,rolling5y,0.3,4,0.028169014084507043,0.7755255904216853,0.7557242955718615,0.75,1.7433638321186782,-2.1279891346692934,2.457762312385506,3.1021023616867414,2.1279891346692934,-2.1279891346692934,1.0,-2.1279891346692934
SHARED,lgbm,PRICE+CONSENSUS,decay3y,0.0,9,0.06338028169014084,-0.5663490565047342,-0.7929345334735793,0.3333333333333333,1.7846797823644491,-1.7418634759393257,0.5122903737912163,-5.097141508542608,5.970255061322862,-3.666041579808751,3.0,-3.666041579808751
SHARED,lgbm,PRICE+CONSENSUS,decay3y,0.1,6,0.04225352112676056,-0.4500600519401517,-0.41679393371359247,0.3333333333333333,2.62684572157684,-1.9885129386986475,0.6605050614596302,-2.7003603116409103,3.666041579808751,-3.666041579808751,2.0,-3.666041579808751
SHARED,lgbm,PRICE+CONSENSUS,decay3y,0.2,4,0.028169014084507043,-1.292396320623892,-0.9380360007711143,0.25,2.6613868804863476,-2.610324054327305,0.33985395747760283,-5.169585282495568,5.169585282495568,-3.666041579808751,2.0,-3.666041579808751
SHARED,lgbm,PRICE+CONSENSUS,decay3y,0.3,1,0.007042253521126761,2.6613868804863476,0.0,1.0,2.6613868804863476,0.0,inf,2.6613868804863476,0.0,2.6613868804863476,0.0,2.6613868804863476
SHARED,lgbm,PRICE+FED,expanding,0.0,2,0.014084507042253521,0.47109793529963495,0.0,0.5,2.6613868804863476,-1.7191910098870777,1.548046066539841,0.9421958705992699,1.7191910098870777,-1.7191910098870777,1.0,-1.7191910098870777
SHARED,lgbm,PRICE+FED,expanding,0.1,1,0.007042253521126761,2.6613868804863476,0.0,1.0,2.6613868804863476,0.0,inf,2.6613868804863476,0.0,2.6613868804863476,0.0,2.6613868804863476
SHARED,lgbm,PRICE+FED,expanding,0.2,1,0.007042253521126761,2.6613868804863476,0.0,1.0,2.6613868804863476,0.0,inf,2.6613868804863476,0.0,2.6613868804863476,0.0,2.6613868804863476
SHARED,lgbm,PRICE+FED,expanding,0.3,1,0.007042253521126761,2.6613868804863476,0.0,1.0,2.6613868804863476,0.0,inf,2.6613868804863476,0.0,2.6613868804863476,0.0,2.6613868804863476
SHARED,lgbm,PRICE+FED,rolling5y,0.0,19,0.13380281690140844,-0.16644457774580176,-0.5047670168098681,0.5789473684210527,0.8328677195705235,-1.540498986555749,0.7433910209638599,-3.1624469771702337,4.935657107718582,-3.0449047510582954,3.0,-3.0449047510582954
SHARED,lgbm,PRICE+FED,rolling5y,0.1,15,0.1056338028169014,-0.12690185705974855,-0.3263763293253546,0.6666666666666666,0.7619898590616383,-1.9046852893025226,0.8001215353961931,-1.903527855896228,3.639229726960627,-3.0449047510582954,2.0,-3.0449047510582954
SHARED,lgbm,PRICE+FED,rolling5y,0.2,10,0.07042253521126761,-0.17726670114834758,-0.44000155053512696,0.7,0.5873613868669298,-1.9613989065173285,0.6987410353577633,-1.7726670114834757,3.9567943045473877,-2.1279891346692934,2.0,-2.1279891346692934
SHARED,lgbm,PRICE+FED,rolling5y,0.3,5,0.035211267605633804,-0.39617568332019903,-0.5673649492193579,0.6,0.728042431021304,-2.0825028548324536,0.5243995915769427,-1.9808784166009952,4.165005709664907,-2.1279891346692934,2.0,-2.1279891346692934
SHARED,lgbm,PRICE+FED,decay3y,0.0,20,0.14084507042253522,-0.10553798799532732,-0.3350358201377587,0.55,0.8454638990774604,-1.2678736277509568,0.8150218940764135,-2.1107597599065464,5.964512012849897,-2.445739573286087,4.0,-2.2987600817743985
SHARED,lgbm,PRICE+FED,decay3y,0.1,14,0.09859154929577464,-0.08914674373763935,-0.25951020859644947,0.5714285714285714,0.7243089675188221,-1.1737543587462549,0.8227831341616116,-1.248054412326951,5.439460716691482,-2.445739573286087,3.0,-2.445739573286087
SHARED,lgbm,PRICE+FED,decay3y,0.2,13,0.09154929577464789,-0.07785868341644106,-0.209950649165686,0.6153846153846154,0.7243089675188221,-1.3613269249128623,0.8512976029650596,-1.0121628844137338,5.439460716691482,-2.445739573286087,3.0,-2.445739573286087
SHARED,lgbm,PRICE+FED,decay3y,0.3,6,0.04225352112676056,-0.3620370970513344,-0.6646974848751616,0.5,0.5943965249953422,-1.318470719098011,0.450822696617775,-2.1722225823080064,3.720269706804404,-2.445739573286087,2.0,-2.445739573286087
SHARED,lgbm,PRICE+POSITIONING,expanding,0.0,4,0.028169014084507043,-0.8134347076166134,-0.613257778422632,0.25,2.6613868804863476,-1.9717085703176005,0.44992904809417056,-3.2537388304664536,4.195934701065724,-3.666041579808751,2.0,-3.666041579808751
SHARED,lgbm,PRICE+POSITIONING,expanding,0.1,3,0.02112676056338028,0.13743424978076588,0.10508466885397766,0.3333333333333333,2.6613868804863476,-1.124542065572025,1.1833202874152022,0.4123027493422976,1.7191910098870777,-1.7191910098870777,1.0,-1.7191910098870777
SHARED,lgbm,PRICE+POSITIONING,expanding,0.2,1,0.007042253521126761,2.6613868804863476,0.0,1.0,2.6613868804863476,0.0,inf,2.6613868804863476,0.0,2.6613868804863476,0.0,2.6613868804863476
SHARED,lgbm,PRICE+POSITIONING,expanding,0.3,1,0.007042253521126761,2.6613868804863476,0.0,1.0,2.6613868804863476,0.0,inf,2.6613868804863476,0.0,2.6613868804863476,0.0,2.6613868804863476
SHARED,lgbm,PRICE+POSITIONING,rolling5y,0.0,14,0.09859154929577464,-0.3553218406144687,-1.0763773434442563,0.5,0.7371691458358552,-1.4478128270647928,0.5091605296316838,-4.974505768602562,8.373524417153583,-2.1279891346692934,3.0,-2.1279891346692934
SHARED,lgbm,PRICE+POSITIONING,rolling5y,0.1,9,0.06338028169014084,-0.25814654650863605,-0.545932837114579,0.5555555555555556,0.8739261254329067,-1.6732373864355643,0.652870695842058,-2.3233189185777245,6.210137631964253,-2.1279891346692934,3.0,-2.1279891346692934
SHARED,lgbm,PRICE+POSITIONING,rolling5y,0.2,7,0.04929577464788732,-0.1962250176526681,-0.33149479103409657,0.5714285714285714,1.0125947018719461,-1.8079846436854872,0.7467575976809345,-1.3735751235686766,4.941142017278456,-2.1279891346692934,2.0,-2.1279891346692934
SHARED,lgbm,PRICE+POSITIONING,rolling5y,0.3,5,0.035211267605633804,0.3844779345636983,0.5893280419568117,0.8,1.0125947018719461,-2.1279891346692934,1.9033832182217632,1.9223896728184913,2.1279891346692934,-2.1279891346692934,1.0,-2.1279891346692934
SHARED,lgbm,PRICE+POSITIONING,decay3y,0.0,7,0.04929577464788732,-1.1968864205361964,-1.3131976433632393,0.42857142857142855,1.2002287283128608,-2.994722782172989,0.3005859345623556,-8.378204943753374,8.378204943753374,-3.666041579808751,2.0,-3.666041579808751
SHARED,lgbm,PRICE+POSITIONING,decay3y,0.1,4,0.028169014084507043,-1.472572789973559,-1.0459904253690442,0.25,2.6613868804863476,-2.8505593467935277,0.31121224020822763,-5.890291159894236,5.890291159894236,-3.666041579808751,2.0,-3.666041579808751
SHARED,lgbm,PRICE+POSITIONING,decay3y,0.2,3,0.02112676056338028,-1.1501314242028302,-0.5934497397830664,0.3333333333333333,2.6613868804863476,-3.0558905765474194,0.4354519269949144,-3.4503942726084906,3.666041579808751,-3.666041579808751,1.0,-3.666041579808751
SHARED,lgbm,PRICE+POSITIONING,decay3y,0.3,1,0.007042253521126761,2.6613868804863476,0.0,1.0,2.6613868804863476,0.0,inf,2.6613868804863476,0.0,2.6613868804863476,0.0,2.6613868804863476
SHARED,lgbm,PRICE+MACRO+RATES,expanding,0.0,23,0.1619718309859155,-0.3280784432464663,-1.0699875946390458,0.4782608695652174,0.7705622518002997,-1.3351657470393352,0.5290344905740992,-7.545804194668724,9.846712540624262,-3.666041579808751,3.0,-3.525360637432931
SHARED,lgbm,PRICE+MACRO+RATES,expanding,0.1,16,0.11267605633802817,-0.48430046287081985,-1.5850963915357377,0.375,0.5282184755991194,-1.0918118259527834,0.29027995285075586,-7.748807405933118,8.112330484441738,-3.666041579808751,4.0,-3.666041579808751
SHARED,lgbm,PRICE+MACRO+RATES,expanding,0.2,7,0.04929577464788732,-0.16021773160125344,-0.25451649450048114,0.7142857142857143,0.5798475094414031,-2.0103808342078944,0.7210667496114828,-1.121524121208774,3.666041579808751,-3.666041579808751,1.0,-3.666041579808751
SHARED,lgbm,PRICE+MACRO+RATES,expanding,0.3,5,0.035211267605633804,0.2853234815888845,0.9711550170094582,0.8,0.4453343741378651,-0.3547200886070379,5.02181171510938,1.4266174079444225,0.35472008860703785,-0.3547200886070379,1.0,-0.3547200886070379
SHARED,lgbm,PRICE+MACRO+RATES,rolling5y,0.0,43,0.3028169014084507,-0.34505657167754067,-1.4488639642566663,0.4418604651162791,0.947730745851458,-1.3685131980546645,0.548249619756877,-14.837432582134248,23.345562343474867,-3.7813787293986825,6.0,-3.46925118883071
SHARED,lgbm,PRICE+MACRO+RATES,rolling5y,0.1,36,0.2535211267605634,-0.313396860823595,-1.2070232719125682,0.4722222222222222,0.9094766669643728,-1.407546859370724,0.5781280214940233,-11.282286989649421,17.72744783198468,-3.7813787293986825,5.0,-3.497441686755243
SHARED,lgbm,PRICE+MACRO+RATES,rolling5y,0.2,25,0.176056338028169,-0.5550299665796811,-1.8006909973955887,0.48,0.6519598960320651,-1.66917445514437,0.3605429815583762,-13.875749164492028,15.253070475307648,-3.7813787293986825,3.0,-3.723710154603717
SHARED,lgbm,PRICE+MACRO+RATES,rolling5y,0.3,16,0.11267605633802817,-0.9121026810763934,-2.2414776482980447,0.3125,0.6876838988840903,-1.6392783992402498,0.19068365113987423,-14.593642897222294,14.593642897222296,-3.7813787293986825,4.0,-3.7813787293986825
SHARED,lgbm,PRICE+MACRO+RATES,decay3y,0.0,30,0.2112676056338028,-0.23486948814663625,-1.0065767300710462,0.4,0.885036542324285,-0.9814735084605838,0.6011617801839211,-7.046084644399087,9.66743554709706,-3.7813787293986825,4.0,-2.5125287714271245
SHARED,lgbm,PRICE+MACRO+RATES,decay3y,0.1,25,0.176056338028169,0.043303409761277244,0.19820735055966376,0.48,0.885036542324285,-0.7336810202968836,1.1135040783374208,1.082585244031931,2.8129517339249777,-2.0370165749956137,3.0,-1.8781037924413457
SHARED,lgbm,PRICE+MACRO+RATES,decay3y,0.2,20,0.14084507042253522,-0.13010839652480582,-0.6066215300137906,0.45,0.625290566674667,-0.7481620936880109,0.6838108707324592,-2.6021679304961167,4.045262674976367,-2.0370165749956137,3.0,-1.8781037924413457
SHARED,lgbm,PRICE+MACRO+RATES,decay3y,0.3,13,0.09154929577464789,-0.08625566126174058,-0.38348066950461945,0.5384615384615384,0.397945289445198,-0.6511567704198356,0.7129919021703356,-1.1213235964026276,2.312970778322734,-2.0370165749956137,2.0,-2.0370165749956137
SHARED,lgbm,ALL,expanding,0.0,22,0.15492957746478872,-0.34149101387599656,-1.305834342743077,0.5,0.662747718511144,-1.3457297462631372,0.4924820309214995,-7.512802305271924,7.512802305271924,-3.0449047510582954,3.0,-2.5409606630269543
SHARED,lgbm,ALL,expanding,0.1,13,0.09154929577464789,-0.13058253385200233,-0.4343126533366573,0.5384615384615384,0.6460858615774656,-1.036695661853048,0.7270859387601931,-1.6975729400760304,3.7392283420066796,-2.0370165749956137,2.0,-2.0370165749956137
SHARED,lgbm,ALL,expanding,0.2,7,0.04929577464788732,0.2564893904620501,0.7212024311120224,0.5714285714285714,0.8230729668684073,-0.4989553780797593,2.199456445814244,1.7954257332343508,1.4752841155795284,-1.1205640269724906,2.0,-1.1205640269724906
SHARED,lgbm,ALL,expanding,0.3,5,0.035211267605633804,0.30483158965537555,0.9373382582217551,0.6,0.6334866851812216,-0.18815105363339368,5.050357196634813,1.5241579482768777,0.35472008860703785,-0.3547200886070379,1.0,-0.3547200886070379
SHARED,lgbm,ALL,rolling5y,0.0,29,0.20422535211267606,-0.14604673076671223,-0.5301868001227534,0.5517241379310345,0.9094711318848206,-1.4451456386455221,0.7745579791153948,-4.235355192234655,6.701743388346905,-3.2493773525835348,2.0,-3.147141051820915
SHARED,lgbm,ALL,rolling5y,0.1,21,0.14788732394366197,-0.16739593729099034,-0.577188959871168,0.5238095238095238,0.8012828270794569,-1.2329425780984826,0.7148841523072123,-3.5153146831107973,5.699999285653224,-3.0449047510582954,2.0,-2.5409606630269543
SHARED,lgbm,ALL,rolling5y,0.2,17,0.11971830985915492,-0.19926485035219507,-0.6037656126940123,0.47058823529411764,0.8631133437502368,-1.1436010228876903,0.670873710110932,-3.3875024559873164,5.572187058529743,-3.0449047510582954,2.0,-3.0449047510582954
SHARED,lgbm,ALL,rolling5y,0.3,13,0.09154929577464789,-0.5266850421618534,-1.4520495266930507,0.38461538461538464,0.644753220020379,-1.2588339560257487,0.3201143094240575,-6.846905548104094,6.846905548104094,-3.0449047510582954,3.0,-3.0449047510582954
SHARED,lgbm,ALL,decay3y,0.0,30,0.2112676056338028,-0.35401668506009193,-1.2754996960304847,0.5,0.8322663845668872,-1.5402997546870707,0.540327544709615,-10.620500551802758,14.392542297616536,-3.7813787293986825,6.0,-3.3408591471172913
SHARED,lgbm,ALL,decay3y,0.1,22,0.15492957746478872,-0.35492958075718734,-1.0274082896819177,0.5909090909090909,0.7370827268450295,-1.9322806917381672,0.55099399090385,-7.8084507766581215,11.304124702253423,-3.7813787293986825,4.0,-3.4888363451467894
SHARED,lgbm,ALL,decay3y,0.2,14,0.09859154929577464,-0.2936243098551433,-0.7155901931509558,0.5714285714285714,0.7222671814335513,-1.6481462982400696,0.5843066902534122,-4.110740337972007,5.302326713722747,-3.1962939608948964,3.0,-3.1962939608948964
SHARED,lgbm,ALL,decay3y,0.3,11,0.07746478873239436,-0.05983434335313544,-0.14484906657789895,0.6363636363636364,0.6749863876139831,-1.3457706225455928,0.8777321770407811,-0.6581777768844899,3.0449047510582954,-3.0449047510582954,2.0,-3.0449047510582954
SHARED,knn,PRICE,expanding,0.0,0,0.0,,,,,,,,,,,
SHARED,knn,PRICE,expanding,0.1,0,0.0,,,,,,,,,,,
SHARED,knn,PRICE,expanding,0.2,0,0.0,,,,,,,,,,,
SHARED,knn,PRICE,expanding,0.3,0,0.0,,,,,,,,,,,
SHARED,knn,PRICE,rolling5y,0.0,4,0.028169014084507043,-1.0736864591503317,-2.1851480652701194,0.0,0.0,-1.0736864591503317,0.0,-4.294745836601327,4.294745836601327,-2.243435380905006,4.0,-2.243435380905006
SHARED,knn,PRICE,rolling5y,0.1,3,0.02112676056338028,-0.9284777094342457,-1.3986349390677943,0.0,0.0,-0.9284777094342457,0.0,-2.785433128302737,2.785433128302737,-2.243435380905006,3.0,-2.243435380905006
SHARED,knn,PRICE,rolling5y,0.2,1,0.007042253521126761,-0.11213461722756671,0.0,0.0,0.0,-0.11213461722756671,0.0,-0.11213461722756671,0.11213461722756671,-0.11213461722756671,1.0,-0.11213461722756671
SHARED,knn,PRICE,rolling5y,0.3,1,0.007042253521126761,-0.11213461722756671,0.0,0.0,0.0,-0.11213461722756671,0.0,-0.11213461722756671,0.11213461722756671,-0.11213461722756671,1.0,-0.11213461722756671
SHARED,knn,PRICE,decay3y,0.0,0,0.0,,,,,,,,,,,
SHARED,knn,PRICE,decay3y,0.1,0,0.0,,,,,,,,,,,
SHARED,knn,PRICE,decay3y,0.2,0,0.0,,,,,,,,,,,
SHARED,knn,PRICE,decay3y,0.3,0,0.0,,,,,,,,,,,
SHARED,knn,PRICE+MACRO,expanding,0.0,1,0.007042253521126761,-3.2493773525835348,0.0,0.0,0.0,-3.2493773525835348,0.0,-3.2493773525835348,3.2493773525835348,-3.2493773525835348,1.0,-3.2493773525835348
SHARED,knn,PRICE+MACRO,expanding,0.1,1,0.007042253521126761,-3.2493773525835348,0.0,0.0,0.0,-3.2493773525835348,0.0,-3.2493773525835348,3.2493773525835348,-3.2493773525835348,1.0,-3.2493773525835348
SHARED,knn,PRICE+MACRO,expanding,0.2,0,0.0,,,,,,,,,,,
SHARED,knn,PRICE+MACRO,expanding,0.3,0,0.0,,,,,,,,,,,
SHARED,knn,PRICE+MACRO,rolling5y,0.0,7,0.04929577464788732,-0.5025642688980655,-1.7241827949536226,0.2857142857142857,0.11081618030401455,-0.7479164485788974,0.059266609533497695,-3.5179498822864583,3.5179498822864583,-1.9399295059428627,3.0,-1.9399295059428627
SHARED,knn,PRICE+MACRO,rolling5y,0.1,5,0.035211267605633804,-0.7479164485788974,-2.1092525298207754,0.0,0.0,-0.7479164485788974,0.0,-3.739582242894487,3.739582242894487,-1.9399295059428627,5.0,-1.9399295059428627
SHARED,knn,PRICE+MACRO,rolling5y,0.2,2,0.014084507042253521,-0.10590060473854035,0.0,0.0,0.0,-0.10590060473854035,0.0,-0.2118012094770807,0.2118012094770807,-0.11213461722756671,2.0,-0.11213461722756671
SHARED,knn,PRICE+MACRO,rolling5y,0.3,0,0.0,,,,,,,,,,,
SHARED,knn,PRICE+MACRO,decay3y,0.0,1,0.007042253521126761,-3.2493773525835348,0.0,0.0,0.0,-3.2493773525835348,0.0,-3.2493773525835348,3.2493773525835348,-3.2493773525835348,1.0,-3.2493773525835348
SHARED,knn,PRICE+MACRO,decay3y,0.1,1,0.007042253521126761,-3.2493773525835348,0.0,0.0,0.0,-3.2493773525835348,0.0,-3.2493773525835348,3.2493773525835348,-3.2493773525835348,1.0,-3.2493773525835348
SHARED,knn,PRICE+MACRO,decay3y,0.2,0,0.0,,,,,,,,,,,
SHARED,knn,PRICE+MACRO,decay3y,0.3,0,0.0,,,,,,,,,,,
SHARED,knn,PRICE+RATES,expanding,0.0,1,0.007042253521126761,-0.8240147316438695,0.0,0.0,0.0,-0.8240147316438695,0.0,-0.8240147316438695,0.8240147316438695,-0.8240147316438695,1.0,-0.8240147316438695
SHARED,knn,PRICE+RATES,expanding,0.1,1,0.007042253521126761,-0.8240147316438695,0.0,0.0,0.0,-0.8240147316438695,0.0,-0.8240147316438695,0.8240147316438695,-0.8240147316438695,1.0,-0.8240147316438695
SHARED,knn,PRICE+RATES,expanding,0.2,0,0.0,,,,,,,,,,,
SHARED,knn,PRICE+RATES,expanding,0.3,0,0.0,,,,,,,,,,,
SHARED,knn,PRICE+RATES,rolling5y,0.0,9,0.06338028169014084,-0.12165702536759129,-0.458169457406173,0.5555555555555556,0.42295397516424194,-0.8024207760323828,0.6588718596862032,-1.0949132283083216,1.6990095987546885,-1.5407492907883522,2.0,-1.5407492907883522
SHARED,knn,PRICE+RATES,rolling5y,0.1,9,0.06338028169014084,-0.12165702536759129,-0.458169457406173,0.5555555555555556,0.42295397516424194,-0.8024207760323828,0.6588718596862032,-1.0949132283083216,1.6990095987546885,-1.5407492907883522,2.0,-1.5407492907883522
SHARED,knn,PRICE+RATES,rolling5y,0.2,6,0.04225352112676056,-0.044920526924289474,-0.1569989146222837,0.5,0.46647021726514737,-0.5563112711137264,0.838505781720513,-0.26952316154573686,1.5567991961136123,-1.3216567456239832,2.0,-1.3216567456239832
SHARED,knn,PRICE+RATES,rolling5y,0.3,4,0.028169014084507043,0.32181900864196883,2.2220496483374834,0.75,0.46647021726514737,-0.11213461722756671,12.479738071923581,1.2872760345678753,0.11213461722756679,-0.11213461722756671,1.0,-0.11213461722756671
SHARED,knn,PRICE+RATES,decay3y,0.0,1,0.007042253521126761,-0.8240147316438695,0.0,0.0,0.0,-0.8240147316438695,0.0,-0.8240147316438695,0.8240147316438695,-0.8240147316438695,1.0,-0.8240147316438695
SHARED,knn,PRICE+RATES,decay3y,0.1,1,0.007042253521126761,-0.8240147316438695,0.0,0.0,0.0,-0.8240147316438695,0.0,-0.8240147316438695,0.8240147316438695,-0.8240147316438695,1.0,-0.8240147316438695
SHARED,knn,PRICE+RATES,decay3y,0.2,0,0.0,,,,,,,,,,,
SHARED,knn,PRICE+RATES,decay3y,0.3,0,0.0,,,,,,,,,,,
SHARED,knn,PRICE+DXYFX,expanding,0.0,0,0.0,,,,,,,,,,,
SHARED,knn,PRICE+DXYFX,expanding,0.1,0,0.0,,,,,,,,,,,
SHARED,knn,PRICE+DXYFX,expanding,0.2,0,0.0,,,,,,,,,,,
SHARED,knn,PRICE+DXYFX,expanding,0.3,0,0.0,,,,,,,,,,,
SHARED,knn,PRICE+DXYFX,rolling5y,0.0,4,0.028169014084507043,-0.8049787943563512,-1.4279584896213715,0.25,0.270073306387701,-1.1633294946043686,0.0773851568967423,-3.219915177425405,3.3778538665855393,-2.243435380905006,2.0,-2.243435380905006
SHARED,knn,PRICE+DXYFX,rolling5y,0.1,3,0.02112676056338028,-1.1633294946043686,-1.890291511610888,0.0,0.0,-1.1633294946043686,0.0,-3.489988483813106,3.489988483813106,-2.243435380905006,3.0,-2.243435380905006
SHARED,knn,PRICE+DXYFX,rolling5y,0.2,1,0.007042253521126761,-0.11213461722756671,0.0,0.0,0.0,-0.11213461722756671,0.0,-0.11213461722756671,0.11213461722756671,-0.11213461722756671,1.0,-0.11213461722756671
SHARED,knn,PRICE+DXYFX,rolling5y,0.3,1,0.007042253521126761,-0.11213461722756671,0.0,0.0,0.0,-0.11213461722756671,0.0,-0.11213461722756671,0.11213461722756671,-0.11213461722756671,1.0,-0.11213461722756671
SHARED,knn,PRICE+DXYFX,decay3y,0.0,0,0.0,,,,,,,,,,,
SHARED,knn,PRICE+DXYFX,decay3y,0.1,0,0.0,,,,,,,,,,,
SHARED,knn,PRICE+DXYFX,decay3y,0.2,0,0.0,,,,,,,,,,,
SHARED,knn,PRICE+DXYFX,decay3y,0.3,0,0.0,,,,,,,,,,,
SHARED,knn,PRICE+VOLRISK,expanding,0.0,0,0.0,,,,,,,,,,,
SHARED,knn,PRICE+VOLRISK,expanding,0.1,0,0.0,,,,,,,,,,,
SHARED,knn,PRICE+VOLRISK,expanding,0.2,0,0.0,,,,,,,,,,,
SHARED,knn,PRICE+VOLRISK,expanding,0.3,0,0.0,,,,,,,,,,,
SHARED,knn,PRICE+VOLRISK,rolling5y,0.0,3,0.02112676056338028,-0.6951655639149572,-0.8890061833338558,0.3333333333333333,0.270073306387701,-1.1777849990662863,0.11465305917540436,-2.0854966917448716,2.243435380905006,-2.243435380905006,1.0,-2.243435380905006
SHARED,knn,PRICE+VOLRISK,rolling5y,0.1,1,0.007042253521126761,-0.11213461722756671,0.0,0.0,0.0,-0.11213461722756671,0.0,-0.11213461722756671,0.11213461722756671,-0.11213461722756671,1.0,-0.11213461722756671
SHARED,knn,PRICE+VOLRISK,rolling5y,0.2,1,0.007042253521126761,-0.11213461722756671,0.0,0.0,0.0,-0.11213461722756671,0.0,-0.11213461722756671,0.11213461722756671,-0.11213461722756671,1.0,-0.11213461722756671
SHARED,knn,PRICE+VOLRISK,rolling5y,0.3,0,0.0,,,,,,,,,,,
SHARED,knn,PRICE+VOLRISK,decay3y,0.0,0,0.0,,,,,,,,,,,
SHARED,knn,PRICE+VOLRISK,decay3y,0.1,0,0.0,,,,,,,,,,,
SHARED,knn,PRICE+VOLRISK,decay3y,0.2,0,0.0,,,,,,,,,,,
SHARED,knn,PRICE+VOLRISK,decay3y,0.3,0,0.0,,,,,,,,,,,
SHARED,knn,PRICE+CONSENSUS,expanding,0.0,0,0.0,,,,,,,,,,,
SHARED,knn,PRICE+CONSENSUS,expanding,0.1,0,0.0,,,,,,,,,,,
SHARED,knn,PRICE+CONSENSUS,expanding,0.2,0,0.0,,,,,,,,,,,
SHARED,knn,PRICE+CONSENSUS,expanding,0.3,0,0.0,,,,,,,,,,,
SHARED,knn,PRICE+CONSENSUS,rolling5y,0.0,5,0.035211267605633804,-0.5494635540575291,-1.9925641089438753,0.0,0.0,-0.5494635540575291,0.0,-2.7473177702876455,2.7473177702876455,-1.6319819197458851,5.0,-1.6319819197458851
SHARED,knn,PRICE+CONSENSUS,rolling5y,0.1,2,0.014084507042253521,-0.27099887369886566,0.0,0.0,0.0,-0.27099887369886566,0.0,-0.5419977473977313,0.5419977473977313,-0.42986313017016464,2.0,-0.42986313017016464
SHARED,knn,PRICE+CONSENSUS,rolling5y,0.2,1,0.007042253521126761,-0.11213461722756671,0.0,0.0,0.0,-0.11213461722756671,0.0,-0.11213461722756671,0.11213461722756671,-0.11213461722756671,1.0,-0.11213461722756671
SHARED,knn,PRICE+CONSENSUS,rolling5y,0.3,1,0.007042253521126761,-0.11213461722756671,0.0,0.0,0.0,-0.11213461722756671,0.0,-0.11213461722756671,0.11213461722756671,-0.11213461722756671,1.0,-0.11213461722756671
SHARED,knn,PRICE+CONSENSUS,decay3y,0.0,0,0.0,,,,,,,,,,,
SHARED,knn,PRICE+CONSENSUS,decay3y,0.1,0,0.0,,,,,,,,,,,
SHARED,knn,PRICE+CONSENSUS,decay3y,0.2,0,0.0,,,,,,,,,,,
SHARED,knn,PRICE+CONSENSUS,decay3y,0.3,0,0.0,,,,,,,,,,,
SHARED,knn,PRICE+FED,expanding,0.0,0,0.0,,,,,,,,,,,
SHARED,knn,PRICE+FED,expanding,0.1,0,0.0,,,,,,,,,,,
SHARED,knn,PRICE+FED,expanding,0.2,0,0.0,,,,,,,,,,,
SHARED,knn,PRICE+FED,expanding,0.3,0,0.0,,,,,,,,,,,
SHARED,knn,PRICE+FED,rolling5y,0.0,4,0.028169014084507043,-0.37795681017326127,-0.9180063867533428,0.25,0.44781573748751097,-0.6532143260601854,0.22851904274077953,-1.511827240693045,1.621447325526156,-1.509312708298589,2.0,-1.509312708298589
SHARED,knn,PRICE+FED,rolling5y,0.1,1,0.007042253521126761,-0.11213461722756671,0.0,0.0,0.0,-0.11213461722756671,0.0,-0.11213461722756671,0.11213461722756671,-0.11213461722756671,1.0,-0.11213461722756671
SHARED,knn,PRICE+FED,rolling5y,0.2,1,0.007042253521126761,-0.11213461722756671,0.0,0.0,0.0,-0.11213461722756671,0.0,-0.11213461722756671,0.11213461722756671,-0.11213461722756671,1.0,-0.11213461722756671
SHARED,knn,PRICE+FED,rolling5y,0.3,1,0.007042253521126761,-0.11213461722756671,0.0,0.0,0.0,-0.11213461722756671,0.0,-0.11213461722756671,0.11213461722756671,-0.11213461722756671,1.0,-0.11213461722756671
SHARED,knn,PRICE+FED,decay3y,0.0,0,0.0,,,,,,,,,,,
SHARED,knn,PRICE+FED,decay3y,0.1,0,0.0,,,,,,,,,,,
SHARED,knn,PRICE+FED,decay3y,0.2,0,0.0,,,,,,,,,,,
SHARED,knn,PRICE+FED,decay3y,0.3,0,0.0,,,,,,,,,,,
SHARED,knn,PRICE+POSITIONING,expanding,0.0,0,0.0,,,,,,,,,,,
SHARED,knn,PRICE+POSITIONING,expanding,0.1,0,0.0,,,,,,,,,,,
SHARED,knn,PRICE+POSITIONING,expanding,0.2,0,0.0,,,,,,,,,,,
SHARED,knn,PRICE+POSITIONING,expanding,0.3,0,0.0,,,,,,,,,,,
SHARED,knn,PRICE+POSITIONING,rolling5y,0.0,5,0.035211267605633804,-0.765990370106618,-1.6116068580599625,0.2,0.270073306387701,-1.0250062892301977,0.06587113396897594,-3.8299518505330896,3.8299518505330896,-2.243435380905006,3.0,-2.243435380905006
SHARED,knn,PRICE+POSITIONING,rolling5y,0.1,2,0.014084507042253521,-1.1777849990662863,0.0,0.0,0.0,-1.1777849990662863,0.0,-2.3555699981325726,2.3555699981325726,-2.243435380905006,2.0,-2.243435380905006
SHARED,knn,PRICE+POSITIONING,rolling5y,0.2,1,0.007042253521126761,-0.11213461722756671,0.0,0.0,0.0,-0.11213461722756671,0.0,-0.11213461722756671,0.11213461722756671,-0.11213461722756671,1.0,-0.11213461722756671
SHARED,knn,PRICE+POSITIONING,rolling5y,0.3,0,0.0,,,,,,,,,,,
SHARED,knn,PRICE+POSITIONING,decay3y,0.0,0,0.0,,,,,,,,,,,
SHARED,knn,PRICE+POSITIONING,decay3y,0.1,0,0.0,,,,,,,,,,,
SHARED,knn,PRICE+POSITIONING,decay3y,0.2,0,0.0,,,,,,,,,,,
SHARED,knn,PRICE+POSITIONING,decay3y,0.3,0,0.0,,,,,,,,,,,
SHARED,knn,PRICE+MACRO+RATES,expanding,0.0,3,0.02112676056338028,-1.4199554483547034,-1.1122563528419327,0.3333333333333333,0.7546497237091233,-2.5072580343866164,0.15049303130336628,-4.25986634506411,5.014516068773234,-3.666041579808751,2.0,-3.666041579808751
SHARED,knn,PRICE+MACRO+RATES,expanding,0.1,1,0.007042253521126761,0.7546497237091233,0.0,1.0,0.7546497237091233,0.0,inf,0.7546497237091233,0.0,0.7546497237091233,0.0,0.7546497237091233
SHARED,knn,PRICE+MACRO+RATES,expanding,0.2,0,0.0,,,,,,,,,,,
SHARED,knn,PRICE+MACRO+RATES,expanding,0.3,0,0.0,,,,,,,,,,,
SHARED,knn,PRICE+MACRO+RATES,rolling5y,0.0,12,0.08450704225352113,-0.19036380546638773,-0.5808071657898116,0.5,0.7423936195844084,-1.1231212305171838,0.6610093366702231,-2.2843656655966527,3.231822776247284,-1.7961567948202521,2.0,-1.7961567948202521
SHARED,knn,PRICE+MACRO+RATES,rolling5y,0.1,8,0.056338028169014086,-0.11659545076804438,-0.2894964160123587,0.625,0.6161802327129355,-1.3378882565696777,0.7676030112968366,-0.932763606144355,2.3329365884210516,-1.7961567948202521,2.0,-1.7961567948202521
SHARED,knn,PRICE+MACRO+RATES,rolling5y,0.2,4,0.028169014084507043,0.605780223248943,1.6578334254086662,1.0,0.605780223248943,0.0,inf,2.423120892995772,0.0,0.12128445666836171,0.0,0.12128445666836171
SHARED,knn,PRICE+MACRO+RATES,rolling5y,0.3,2,0.014084507042253521,0.9010063189781716,0.0,1.0,0.9010063189781716,0.0,inf,1.8020126379563433,0.0,0.12128445666836171,0.0,0.12128445666836171
SHARED,knn,PRICE+MACRO+RATES,decay3y,0.0,3,0.02112676056338028,-1.4199554483547034,-1.1122563528419327,0.3333333333333333,0.7546497237091233,-2.5072580343866164,0.15049303130336628,-4.25986634506411,5.014516068773234,-3.666041579808751,2.0,-3.666041579808751
SHARED,knn,PRICE+MACRO+RATES,decay3y,0.1,1,0.007042253521126761,0.7546497237091233,0.0,1.0,0.7546497237091233,0.0,inf,0.7546497237091233,0.0,0.7546497237091233,0.0,0.7546497237091233
SHARED,knn,PRICE+MACRO+RATES,decay3y,0.2,0,0.0,,,,,,,,,,,
SHARED,knn,PRICE+MACRO+RATES,decay3y,0.3,0,0.0,,,,,,,,,,,
SHARED,knn,ALL,expanding,0.0,9,0.06338028169014084,-0.3143464954949741,-0.6300160835039819,0.5555555555555556,0.7972482713964062,-1.7038399541091995,0.584890814916081,-2.829118459454767,6.64206729888488,-3.2493773525835348,3.0,-3.2493773525835348
SHARED,knn,ALL,expanding,0.1,7,0.04929577464788732,-0.3606069436542127,-0.5804270792736178,0.5714285714285714,0.8078979083182269,-1.9186134129507988,0.5614456793743853,-2.524248605579489,5.582547721300479,-3.2493773525835348,2.0,-3.2493773525835348
SHARED,knn,ALL,expanding,0.2,4,0.028169014084507043,-0.5017117261839574,-0.46727713620888384,0.5,1.2002594225760421,-2.203682874943957,0.5446606842677245,-2.0068469047358297,4.407365749887914,-3.2493773525835348,2.0,-3.2493773525835348
SHARED,knn,ALL,expanding,0.3,1,0.007042253521126761,1.373460553941772,0.0,1.0,1.373460553941772,0.0,inf,1.373460553941772,0.0,1.373460553941772,0.0,1.373460553941772
SHARED,knn,ALL,rolling5y,0.0,15,0.1056338028169014,-0.30124883485436127,-0.7764152015084359,0.4666666666666667,0.9310472337874013,-1.3795078949159034,0.5905485083241507,-4.518732522815419,6.581701441820778,-3.666041579808751,3.0,-3.666041579808751
SHARED,knn,ALL,rolling5y,0.1,8,0.056338028169014086,-0.6416128657545204,-1.1507698272824904,0.375,0.658435051836087,-1.4216416163088847,0.2778907331985531,-5.132902926036163,5.63844913591158,-3.666041579808751,3.0,-3.666041579808751
SHARED,knn,ALL,rolling5y,0.2,3,0.02112676056338028,0.16851540329180562,0.1927082359900802,0.6666666666666666,0.9270103494199495,-1.3484744889644822,1.374902316664244,0.5055462098754169,1.3484744889644822,-1.3484744889644822,1.0,-1.3484744889644822
SHARED,knn,ALL,rolling5y,0.3,2,0.014084507042253521,0.9270103494199495,0.0,1.0,0.9270103494199495,0.0,inf,1.854020698839899,0.0,0.17329251755191757,0.0,0.17329251755191757
SHARED,knn,ALL,decay3y,0.0,9,0.06338028169014084,-0.3143464954949741,-0.6300160835039819,0.5555555555555556,0.7972482713964062,-1.7038399541091995,0.584890814916081,-2.829118459454767,6.64206729888488,-3.2493773525835348,3.0,-3.2493773525835348
SHARED,knn,ALL,decay3y,0.1,7,0.04929577464788732,-0.3606069436542127,-0.5804270792736178,0.5714285714285714,0.8078979083182269,-1.9186134129507988,0.5614456793743853,-2.524248605579489,5.582547721300479,-3.2493773525835348,2.0,-3.2493773525835348
SHARED,knn,ALL,decay3y,0.2,4,0.028169014084507043,-0.5017117261839574,-0.46727713620888384,0.5,1.2002594225760421,-2.203682874943957,0.5446606842677245,-2.0068469047358297,4.407365749887914,-3.2493773525835348,2.0,-3.2493773525835348
SHARED,knn,ALL,decay3y,0.3,1,0.007042253521126761,1.373460553941772,0.0,1.0,1.373460553941772,0.0,inf,1.373460553941772,0.0,1.373460553941772,0.0,1.373460553941772
