event_id,family,t0_utc,year,U,sl_usd,R_long,R_short,R_long_cons,R_short_cons,stop_long,stop_short,a_move,a_range,a_spread_m10,unit_atr_m1_60,range_over_atr
NFP_2008-02-01,NFP,2008-02-01 13:30:00+00:00,2008,2.8846500123670653,1.7307900074202391,0.5025343896550819,-1.5086859115231424,0.13019748151654612,-1.6880473584166689,False,True,1.8790000000001328,1.9420000000000073,0.5059999999999718,0.38083333333332803,5.099343544857859
CPI_2008-02-20,CPI,2008-02-20 13:30:00+00:00,2008,0.44512681975093144,0.26707609185055886,-4.598900603529981,-4.097170931392649,-7.7647129910841395,-7.2629833189463815,True,True,-0.2640000000001237,0.4920000000000755,0.3100000000000591,0.37306666666665744,1.3187991422446952
NFP_2008-03-07,NFP,2008-03-07 13:30:00+00:00,2008,2.8323035750908137,1.6993821450544881,-1.345596225460315,0.31559576023602975,-1.7706709516497048,-0.06534527876679234,True,False,-1.38799999999992,1.9079999999999018,0.55600000000004,0.446950000000002,4.268933885221822
CPI_2008-03-14,CPI,2008-03-14 12:30:00+00:00,2008,0.40329443596594244,0.24197666157956546,-4.973594941527748,-6.304301786965089,-8.932604020115912,-10.263310865552784,True,True,0.0039999999999054126,0.32999999999992724,0.5059999999999718,0.3210999999999994,1.0277172220489812
NFP_2008-04-04,NFP,2008-04-04 12:30:00+00:00,2008,1.4339354048140747,0.8603612428884447,-0.528133506426369,-1.7752840596029087,-2.6339596521017965,-2.7013731955167373,False,True,0.6230000000000473,0.6230000000000473,0.5060000000000855,0.2812000000000088,2.2155049786629726
CPI_2008-04-16,CPI,2008-04-16 12:30:00+00:00,2008,0.3329104757617394,0.19974628545704362,-6.332119754347515,-7.813999626719299,-11.211483582164927,-12.69336345453728,True,True,0.8239999999999554,0.8239999999999554,0.5539999999999736,0.2790166666666759,2.953228600441771
NFP_2008-05-02,NFP,2008-05-02 12:30:00+00:00,2008,1.491663973804479,0.8949983842826874,-1.7355686080316022,-0.14785624457416954,-2.5877066826841553,-2.507259610081231,True,False,-0.9330000000001064,0.9330000000001064,0.5059999999999718,0.318450000000009,2.929816297692197
CPI_2008-05-14,CPI,2008-05-14 12:30:00+00:00,2008,0.41457730220625055,0.24874638132375032,-5.896997947040565,-5.406538550804024,-9.759220162645832,-9.268760766409748,True,True,1.4069999999999254,1.4069999999999254,0.5539999999999736,0.33008333333333817,4.262559959605872
NFP_2008-06-06,NFP,2008-06-06 12:30:00+00:00,2008,1.474774359547986,0.8848646157287916,1.5769570567027311,-1.8235631432399138,0.777724058310727,-2.8804626772208453,False,True,2.2819999999999254,3.8199999999999363,0.5040000000000191,0.34546666666667153,11.057506754148637
CPI_2008-06-13,CPI,2008-06-13 12:30:00+00:00,2008,0.4290053609722025,0.2574032165833215,-4.679574389118869,-5.821751258166715,-8.300644134757528,-9.442821003805374,True,True,-0.7429999999999382,0.9770000000000891,0.5060000000000855,0.32530000000000237,3.0033814940057857
NFP_2008-07-03,NFP,2008-07-03 12:30:00+00:00,2008,2.3996842637149585,1.439810558228975,-0.9052568010080844,-0.6371659762852888,-1.389206995717689,-1.1211161709949724,False,False,-0.19299999999998363,0.4539999999999509,0.5059999999999718,0.5123000000000104,0.8861994924847583
CPI_2008-07-16,CPI,2008-07-16 12:30:00+00:00,2008,1.019626221485695,0.611775732891417,-2.5408515186656033,-2.2711448416448543,-3.2647484897125554,-3.4331108396100127,True,True,2.1200000000001182,2.62600000000009,0.05999999999994543,0.4773500000000013,5.501204566879822
NFP_2008-08-01,NFP,2008-08-01 12:30:00+00:00,2008,1.4388501928099198,0.8633101156859518,-1.656498949816808,2.0571144340050314,-2.7281238308307225,-2.5010906981953047,True,False,-2.9289999999999736,3.4039999999999964,0.5059999999999718,0.39974999999999455,8.515322076297792
CPI_2008-08-14,CPI,2008-08-14 12:30:00+00:00,2008,1.189932143200806,0.7139592859204836,-1.9409375679082386,-2.036181094172224,-3.303061178004887,-3.3983047042690315,True,True,0.05600000000004002,0.4399999999999409,0.5059999999999718,0.399533333333333,1.101284832304208
NFP_2008-09-05,NFP,2008-09-05 12:30:00+00:00,2008,1.7380782420797092,1.0428469452478255,-0.8752830932279926,-1.2262454292333356,-2.4148883126866543,-1.8970750300560473,False,False,0.18299999999999272,0.31799999999998363,0.5059999999999718,0.48288333333332695,0.658544161805794
CPI_2008-09-16,CPI,2008-09-16 12:30:00+00:00,2008,1.9151494221998022,1.1490896533198813,-1.5512195195998837,-1.5703651101433203,-2.0959817130383054,-2.02375062144327,True,True,0.2999999999999545,0.8579999999999472,0.5059999999999718,0.6430333333333351,1.3343009693638663
NFP_2008-10-03,NFP,2008-10-03 12:30:00+00:00,2008,1.9961509507037545,1.1976905704222527,0.5207375054978718,-1.6818347323966834,-2.074786978679957,-2.496431777822273,False,True,1.9759999999998854,2.3489999999999327,0.5059999999999718,0.7779999999999935,3.0192802056554657
CPI_2008-10-16,CPI,2008-10-16 12:30:00+00:00,2008,2.691593548011016,1.6149561288066094,-1.483209145606883,-0.1853410719095786,-1.7015651700896441,-0.5857453853555351,True,False,-0.26900000000000546,1.26299999999992,0.40399999999999636,0.9037333333333265,1.3975361463557792
NFP_2008-11-07,NFP,2008-11-07 13:30:00+00:00,2008,1.7036229353419772,1.0221737612051862,-1.5387337845042963,-1.698197866039318,-2.201739063764175,-2.1821729187904335,True,True,0.17200000000002547,2.5650000000000546,0.40399999999999636,0.5727333333333282,4.478524036782815
CPI_2008-11-19,CPI,2008-11-19 13:30:00+00:00,2008,1.2483202886885414,0.7489921732131248,-1.962243468706965,-1.69922336376366,-2.5595928349633823,-2.7117973626967857,True,True,-0.08799999999996544,0.7659999999999627,0.40999999999996817,0.5672999999999926,1.3502555966860086
NFP_2008-12-05,NFP,2008-12-05 13:30:00+00:00,2008,2.627605496762501,1.5765632980575004,0.3886483344848869,-1.5212020367052437,-0.011933488508277329,-2.0657679295290734,False,True,0.0929999999998472,2.423000000000002,0.40399999999999636,0.7009000000000014,3.456983877871304
CPI_2008-12-16,CPI,2008-12-16 13:30:00+00:00,2008,0.8984134086520381,0.5390480451912228,-2.4103823612587014,-2.421513094508728,-4.08485981842083,-4.095990551670856,True,True,0.7609999999999673,0.8539999999999281,0.4600000000000364,0.6539166666666669,1.3059768064227264
NFP_2009-01-09,NFP,2009-01-09 13:30:00+00:00,2009,1.6857715409420237,1.0114629245652142,-0.6312691098136486,-1.6881541167057261,-2.197328093815529,-2.2961947923087123,False,True,0.2459999999998672,0.7189999999998236,0.5039999999999054,0.5206000000000017,1.3810987322316965
CPI_2009-01-16,CPI,2009-01-16 13:30:00+00:00,2009,0.6823471651757189,0.40940829910543136,2.225031348877233,-3.632202139647424,-4.321263403467672,-5.713516567962666,False,True,1.6229999999999336,1.6229999999999336,0.36000000000001364,0.508349999999994,3.1926822071406566
NFP_2009-02-06,NFP,2009-02-06 13:30:00+00:00,2009,1.7496167110321186,1.049770026619271,0.18600635858200615,-1.5867628697348302,-2.1816285871445826,-2.1835337663259633,False,True,0.9799999999999045,1.0289999999999964,0.5040000000000191,0.5403166666666663,1.9044387550510447
CPI_2009-02-20,CPI,2009-02-20 13:30:00+00:00,2009,0.7206244675466545,0.4323746805279927,-2.961304761037982,-3.3267285638547928,-5.169543224109337,-5.534967026925885,True,True,0.3770000000000664,0.6879999999999882,0.5040000000000191,0.5368666666666665,1.2815099962746586
NFP_2009-03-06,NFP,2009-03-06 13:30:00+00:00,2009,1.0519115249635858,0.6311469149781515,-2.0511962734459455,-2.2381574978450804,-3.54563818168617,-3.732599406085485,True,True,-1.3149999999999409,1.606999999999971,0.5040000000000191,0.4272833333333248,3.760970472364168
CPI_2009-03-18,CPI,2009-03-18 12:30:00+00:00,2009,0.5766651216922057,0.34599907301532346,-3.5743720040122775,-3.666857800928006,-6.069924354702388,-6.162410151618116,True,True,0.4980000000000473,0.4980000000000473,0.55600000000004,0.42961666666664844,1.159172906079222
NFP_2009-04-03,NFP,2009-04-03 12:30:00+00:00,2009,1.5377349377660288,0.9226409626596173,-1.9021214871504022,-1.710280882664436,-2.4526611017539013,-2.779982359125087,True,True,-1.907000000000039,1.907000000000039,0.5059999999999718,0.47488333333332094,4.015723160074591
CPI_2009-04-15,CPI,2009-04-15 12:30:00+00:00,2009,0.5602436843556954,0.3361462106134172,-3.603996599543371,-3.841988275409812,-6.165202327340187,-6.403194003206628,True,True,-0.6490000000001146,0.6490000000001146,0.55600000000004,0.4218333333333419,1.5385223231926546
NFP_2009-05-08,NFP,2009-05-08 12:30:00+00:00,2009,1.6920087989343375,1.0152052793606026,-1.5757964743915265,-1.5206352167242003,-2.28551874893842,-2.238237670937887,True,True,0.009999999999990905,1.0199999999999818,0.5040000000000191,0.46883333333332566,2.175613224315674
CPI_2009-05-15,CPI,2009-05-15 12:30:00+00:00,2009,0.5907682217214103,0.35446093303284615,-4.207632946285075,-3.85780595988303,-7.00591875880963,-6.656091772407906,True,True,0.62399999999991,0.6509999999998399,0.5059999999999718,0.44481666666666797,1.4635242983997259
NFP_2009-06-05,NFP,2009-06-05 12:30:00+00:00,2009,1.5913964346045446,0.9548378607627267,-1.5986924720189415,-2.0773077624042924,-2.596751136386357,-2.249048124552713,True,True,0.7199999999999136,2.727000000000089,0.5040000000000191,0.5650666666666609,4.825979235488645
CPI_2009-06-17,CPI,2009-06-17 12:30:00+00:00,2009,0.6302230555782177,0.37813383334693057,-2.620909880578683,-2.996438297973389,-4.662804394925356,-5.038332812319761,True,True,-0.19600000000002638,0.5539999999999736,0.36000000000001364,0.45511666666666317,1.2172702969933964
NFP_2009-07-02,NFP,2009-07-02 12:30:00+00:00,2009,1.0635884407910061,0.6381530644746036,-0.5503972629027788,-2.365008935971223,-3.2871629343765676,-3.845022826960811,False,True,0.5520000000000209,0.5520000000000209,0.40399999999999636,0.35831666666666895,1.5405367691521021
CPI_2009-07-15,CPI,2009-07-15 12:30:00+00:00,2009,0.4336010421296167,0.26016062527777,-4.134790569678897,-4.034852310488364,-7.107643971972947,-7.007705712782851,True,True,0.26299999999991996,0.8289999999999509,0.36000000000001364,0.315916666666673,2.6241097335793224
NFP_2009-08-07,NFP,2009-08-07 12:30:00+00:00,2009,1.1478879292838517,0.688732757570311,-2.03604632506085,-0.9078874107947147,-3.4162385542696225,-3.2187744457237426,True,False,-0.28100000000006276,0.7060000000000173,0.40399999999999636,0.38671666666666626,1.8256259966384123
CPI_2009-08-14,CPI,2009-08-14 12:30:00+00:00,2009,0.44467268045145275,0.26680360827087163,-5.426269567277924,-4.759112173291719,-8.985054270954048,-8.31789687696827,True,True,0.3570000000000846,1.0419999999999163,0.5040000000000191,0.3239833333333271,3.216214825865332
NFP_2009-09-04,NFP,2009-09-04 12:30:00+00:00,2009,1.5312428214969707,0.9187456928981823,-1.663075986979797,-1.812192332295961,-2.547855971564436,-2.4433656857955226,True,True,0.8460000000001173,1.0400000000000773,0.40399999999999636,0.5158666666666724,2.016024812613206
CPI_2009-09-16,CPI,2009-09-16 12:30:00+00:00,2009,0.5859744834796584,0.351584690087795,-3.523400008375666,-3.665613254314984,-6.042130274414713,-6.184343520354031,True,True,-0.4539999999999509,1.066000000000031,0.55600000000004,0.39038333333333713,2.730649361738515
NFP_2009-10-02,NFP,2009-10-02 12:30:00+00:00,2009,0.846466371240807,0.5078798227444842,-2.7971914543154868,-2.4703424783059496,-4.682035382209895,-4.355186406200357,True,True,-1.2019999999999982,1.2019999999999982,0.40399999999999636,0.40388333333333054,2.9761069615813307
CPI_2009-10-15,CPI,2009-10-15 12:30:00+00:00,2009,1.1002877184062623,0.6601726310437573,-1.8995655697164564,-2.0419525690857476,-3.2978095389347155,-3.440196538304007,True,True,0.12999999999988177,0.41400000000021464,0.5059999999998581,0.5286500000000046,0.7831268324982711
NFP_2009-11-06,NFP,2009-11-06 13:30:00+00:00,2009,0.737413921646685,0.44244835298801094,-1.7635475298531442,-2.780615390906385,-3.416977574420972,-4.4340454354742125,True,True,-0.8190000000001874,1.6479999999999109,0.5059999999998581,0.35184999999998656,4.6838141253374275
CPI_2009-11-18,CPI,2009-11-18 13:30:00+00:00,2009,0.7294382930066453,0.43766297580398716,-3.4354804567103665,-3.124739070029525,-5.759563726791359,-5.4488223401105165,True,True,-0.5989999999997053,0.6799999999998363,0.55600000000004,0.3568999999999922,1.9052956010082687
NFP_2009-12-04,NFP,2009-12-04 13:30:00+00:00,2009,1.0347441134961273,0.6208464680976763,-1.7968252334883117,-2.1431266317365263,-3.011465629705398,-2.692546202481219,True,True,-0.5090000000000146,1.543999999999869,0.5060000000000855,0.4145499999999818,3.7245205644673423
CPI_2009-12-16,CPI,2009-12-16 13:30:00+00:00,2009,0.9426824852610647,0.5656094911566388,-2.507163550420006,-2.5637396873142824,-4.300186856882616,-4.35676299377649,True,True,1.018999999999778,1.09699999999998,0.5559999999998126,0.41625000000000983,2.635435435435325
NFP_2010-01-08,NFP,2010-01-08 13:30:00+00:00,2010,1.2150432727408458,0.7290259636445074,-1.811020136237622,-1.9536762351783654,-3.15604959869733,-3.298705697638073,True,True,2.755999999999858,3.6579999999999018,0.5039999999999054,0.4867833333333389,7.51463690211222
CPI_2010-01-15,CPI,2010-01-15 13:30:00+00:00,2010,1.0564673062827639,0.6338803837696583,-1.9189464308178523,-2.616238871658545,-3.5229793462287917,-4.220271787069485,True,True,1.634000000000242,1.634000000000242,0.55600000000004,0.4017333333333416,4.067374709592287
NFP_2010-02-05,NFP,2010-02-05 13:30:00+00:00,2010,2.125383212699877,1.2752299276199262,-1.4442972675822274,-1.4223404428608173,-1.8470655753794658,-1.7725692057896036,True,True,0.16300000000001091,2.3780000000001564,0.5040000000001328,0.6343833333333199,3.748522186900991
CPI_2010-02-19,CPI,2010-02-19 13:30:00+00:00,2010,1.242114478425786,0.7452686870554716,-1.9871292403969594,-2.1307016215508274,-3.2992605790472034,-3.0040650290110964,True,True,1.3099999999999454,2.1039999999998145,0.5039999999999054,0.46294999999998937,4.544767253482801
NFP_2010-03-05,NFP,2010-03-05 13:30:00+00:00,2010,1.5454252409829592,0.9272551445897754,-1.664433148745792,-1.9103201641262806,-2.59050878716133,-2.491291219551285,True,True,-1.550000000000182,2.1440000000000055,0.5040000000001328,0.41359999999999675,5.183752417795025
CPI_2010-03-18,CPI,2010-03-18 12:30:00+00:00,2010,1.1540659703788332,0.6924395822272998,-2.003933535308144,-2.2696606900269933,-3.5162760224770047,-3.782003177195854,True,True,0.26900000000000546,0.6710000000000491,0.5360000000000582,0.43013333333332565,1.559981401116075
NFP_2010-04-02,NFP,2010-04-02 12:30:00+00:00,2010,3.733557441182054,2.2401344647092323,-0.5008716296617283,-0.5008716296616268,-0.8263162007288972,-0.8263162007288972,False,False,-0.5630000000001019,1.0579999999999927,0.5040000000001328,0.885533333333323,1.1947602198298635
CPI_2010-04-14,CPI,2010-04-14 12:30:00+00:00,2010,1.8122057566446403,1.0873234539867842,-1.6334467848437983,-1.4522679467735184,-1.961012605937449,-1.9352612990039875,True,True,0.4500000000000455,1.099999999999909,0.40399999999999636,0.7982000000000009,1.378100726634813
NFP_2010-05-07,NFP,2010-05-07 12:30:00+00:00,2010,2.923420729983748,1.7540524379902487,-1.358283793801433,-0.5287760958064949,-1.7966982809312086,-0.9592090655670454,True,False,-0.2239999999999327,1.3209999999999127,0.4760000000001128,0.693383333333323,1.90515107083614
CPI_2010-05-19,CPI,2010-05-19 12:30:00+00:00,2010,1.1963691098270262,0.7178214658962156,-1.8148943182872046,-0.6753351954927008,-2.457867845728223,-2.4522954294802854,True,False,-0.39599999999995816,0.5550000000000637,0.2599999999999909,0.5269500000000221,1.0532308568176114
NFP_2010-06-04,NFP,2010-06-04 12:30:00+00:00,2010,3.1534994903649514,1.8920996942189707,-0.42132658360213127,-1.3266699992972883,-0.8089297327600224,-1.6825623458040089,False,True,0.30900000000019645,1.1669999999999163,0.4759999999998854,0.8439666666666767,1.382756033018566
CPI_2010-06-17,CPI,2010-06-17 12:30:00+00:00,2010,1.1383214731773235,0.682992883906394,-1.8126319163371656,-1.8272733573179203,-3.145046091423848,-3.1596875324046025,True,True,0.9269999999999072,1.3959999999999582,0.5039999999999054,0.5426500000000071,2.5725605823273563
NFP_2010-07-02,NFP,2010-07-02 12:30:00+00:00,2010,1.5873158810535475,0.9523895286321284,-1.6487254981218864,-1.6560754319350903,-2.7737460572402473,-2.637247286420264,True,True,0.6520000000000437,1.0700000000001637,0.5540000000000873,0.5615166666666785,1.9055534118906672
CPI_2010-07-16,CPI,2010-07-16 12:30:00+00:00,2010,1.1685451215183784,0.701127072911027,-2.1717512542739725,-2.1204053550907953,-3.698360682655562,-3.647014783472709,True,True,-2.5909999999998945,2.5909999999998945,0.5539999999998599,0.565533333333345,4.581515973122435
NFP_2010-08-06,NFP,2010-08-06 12:30:00+00:00,2010,0.8281613517086018,0.4968968110251611,-2.271293707182015,-2.1223694268115594,-3.8877202613050246,-3.7387959809350266,True,True,0.8719999999998436,1.691000000000031,0.5040000000001328,0.4346499999999992,3.8904865984125943
CPI_2010-08-13,CPI,2010-08-13 12:30:00+00:00,2010,1.1886568258377581,0.7131940955026549,-2.2848614567555363,-1.8922614594120317,-3.760055105489192,-3.2917393943721063,True,True,0.5020000000001801,0.6030000000000655,0.5099999999999909,0.5752666666666566,1.0482095260170519
NFP_2010-09-03,NFP,2010-09-03 12:30:00+00:00,2010,0.8080281296915136,0.4848168778149081,-2.8151107406812534,-2.724354824347634,-4.846035085638071,-4.755279169304452,True,True,-2.994999999999891,3.2100000000000364,0.4619999999999891,0.4240833333333247,7.569267046571276
CPI_2010-09-17,CPI,2010-09-17 12:30:00+00:00,2010,0.7829988870456288,0.46979933222737724,-2.748969637476904,-2.889455150062339,-4.811399559218926,-4.951885071803877,True,True,0.5489999999999782,0.5489999999999782,0.5040000000001328,0.5330000000000117,1.0300187617260153
NFP_2010-10-08,NFP,2010-10-08 12:30:00+00:00,2010,1.0530881838015904,0.6318529102809542,-2.35411102140623,-2.3952598387607416,-4.077461159202724,-4.118609976557235,True,True,3.9629999999999654,3.9629999999999654,0.5360000000000582,0.5527000000000195,7.170255111271622
CPI_2010-10-15,CPI,2010-10-15 12:30:00+00:00,2010,0.732094200874073,0.43925652052444375,-3.0987528617100883,-2.9803710106277292,-5.353232314440309,-5.234850463357432,True,True,0.7619999999997162,1.4429999999997563,0.5040000000001328,0.6022166666666825,2.3961475659364875
NFP_2010-11-05,NFP,2010-11-05 12:30:00+00:00,2010,1.7491482744426614,1.0494889646655967,-1.6398601204430323,-1.632237362824955,-2.486014991907507,-2.4841093025031507,True,True,-2.4329999999999927,2.769000000000233,0.5360000000000582,0.6035666666666581,4.587728502789427
CPI_2010-11-17,CPI,2010-11-17 13:30:00+00:00,2010,1.0148646216146362,0.6089187729687817,-1.8824164254477311,-1.8824164254477311,-3.320173707476533,-3.320173707476533,True,True,0.7470000000000709,0.7470000000000709,0.40599999999994907,0.588433333333334,1.269472610887787
NFP_2010-12-03,NFP,2010-12-03 13:30:00+00:00,2010,2.4121934998769508,1.4473160999261705,0.7718840411275268,-1.5731461842481949,-2.21756629402783,-2.214802557757407,False,True,2.4659999999998945,2.4680000000000746,0.6040000000000418,0.5690333333333228,4.337180012887564
CPI_2010-12-15,CPI,2010-12-15 13:30:00+00:00,2010,0.922514411167423,0.5535086467004539,-2.854757029397425,-2.7355176997257633,-4.891338403003306,-4.772099073331643,True,True,-0.6330000000000382,1.2929999999998927,0.5380000000000109,0.5033333333333228,2.568874172185271
NFP_2011-01-07,NFP,2011-01-07 13:30:00+00:00,2011,2.3711994441401028,1.4227196664840616,-0.7940039254476964,-1.6571395303942402,-2.5106386620963517,-2.551405653209455,False,True,0.5799999999999272,0.5799999999999272,0.6159999999999854,0.5313666666666639,1.0915249984315858
CPI_2011-01-14,CPI,2011-01-14 13:30:00+00:00,2011,1.259507092756792,0.7557042556540752,-1.7364700412653038,-1.7549958069935998,-3.0313093817601406,-3.049835147488437,True,True,0.5489999999999782,0.7670000000000528,0.4960000000000946,0.6871999999999844,1.1161233993016155
NFP_2011-02-04,NFP,2011-02-04 13:30:00+00:00,2011,1.4846585315828498,0.8907951189497099,-1.9195463284709071,-1.8634166989561716,-3.2720963979195896,-3.215966768405109,True,True,0.8679999999999382,0.8679999999999382,0.5899999999999181,0.33269999999999605,2.608957018334681
CPI_2011-02-17,CPI,2011-02-17 13:30:00+00:00,2011,0.28925351623547774,0.17355210974128663,-9.685691533834348,-9.766358948484426,-16.80715149097516,-16.887818905625235,True,True,-0.5489999999999782,0.9889999999998054,0.44000000000005457,0.24250000000001062,4.078350515462936
NFP_2011-03-04,NFP,2011-03-04 13:30:00+00:00,2011,1.4765517396810988,0.8859310438086593,-2.135442722343772,-2.3611939265686925,-3.731176396967512,-3.956927601192432,True,True,2.0850000000000364,2.9049999999997453,0.6199999999998909,0.33088333333332687,8.779529542134092
CPI_2011-03-17,CPI,2011-03-17 12:30:00+00:00,2011,0.8901958599417836,0.5341175159650702,-2.490375170708019,-2.0035909102626186,-4.21341546145214,-3.72663120100674,True,True,0.25499999999988177,0.5299999999999727,0.40000000000009095,0.4857000000000047,1.0912085649577261
NFP_2011-04-01,NFP,2011-04-01 12:30:00+00:00,2011,1.4677012054030585,0.880620723241835,-2.7713407549796822,-2.8576435161959326,-4.664323915611093,-4.750626676827343,True,True,-3.186000000000149,3.2159999999998945,1.0599999999999454,0.3288999999999949,9.778048038917435
CPI_2011-04-15,CPI,2011-04-15 12:30:00+00:00,2011,0.8598628529785646,0.5159177117871387,-2.8251986057059577,-2.9608791578573004,-4.9866673332222335,-5.122347885373577,True,True,0.4739999999999327,0.75,0.4600000000000364,0.4691500000000057,1.598635830757734
NFP_2011-05-06,NFP,2011-05-06 12:30:00+00:00,2011,3.86537787813972,2.319226726883832,-1.462152001221939,-0.046593978392720635,-2.2396197576506163,-0.42435954561576616,True,False,-1.4049999999999727,2.6324999999999363,0.7760000000000673,0.8662000000000034,3.0391364580927336
CPI_2011-05-13,CPI,2011-05-13 12:30:00+00:00,2011,0.8909778873971815,0.5345867324383089,-3.480300552005972,-3.3867703594923526,-5.925263961475538,-5.8317337689623425,True,True,1.0630000000001019,1.375,0.7039999999999509,0.6213000000000003,2.213101561242555
NFP_2011-06-03,NFP,2011-06-03 12:30:00+00:00,2011,1.8526848202945017,1.111610892176701,0.5236988986858758,-2.2434564266602957,-2.438399820544873,-2.4096127690458857,False,True,1.9960000000000946,2.893000000000029,0.5539999999998599,0.5023333333333199,5.759124087591453
CPI_2011-06-15,CPI,2011-06-15 12:30:00+00:00,2011,0.8711090519851393,0.5226654311910836,-2.540089741489716,-2.4405997103972945,-4.442328039006758,-4.3428380079147715,True,True,0.18200000000024374,1.086999999999989,0.4539999999999509,0.4570666666666701,2.378208868144649
NFP_2011-07-08,NFP,2011-07-08 12:30:00+00:00,2011,1.2342493168837176,0.7405495901302306,-1.7252390886818856,-1.6631230594342936,-3.0178604239144806,-2.9557443946668887,True,True,3.730000000000018,3.8990000000001146,0.4960000000000946,0.28056666666666386,13.896875371272973
CPI_2011-07-15,CPI,2011-07-15 12:30:00+00:00,2011,0.8320387437171067,0.49922324623026404,-2.362098738198815,-2.3020053827185136,-4.223849381860733,-4.163756026380431,True,True,0.6589999999998781,0.8575000000000728,0.34600000000000364,0.4365666666666546,1.9641902725817282
NFP_2011-08-05,NFP,2011-08-05 12:30:00+00:00,2011,5.717446695336461,3.4304680172018767,-1.2132158000397995,0.8235325284578403,-1.6189318693984354,0.5597795957783961,True,False,-4.038000000000238,4.063000000000102,0.6720000000000255,0.7865166666666634,5.165815515670512
CPI_2011-08-18,CPI,2011-08-18 12:30:00+00:00,2011,1.4536975581708265,0.8722185349024959,-1.9204895710995658,-1.8620179863313837,-3.3515222195167906,-3.2930506347486084,True,True,0.8110000000001492,1.4500000000000455,0.5579999999999927,0.6959999999999885,2.083333333333433
NFP_2011-09-02,NFP,2011-09-02 12:30:00+00:00,2011,6.198797285927479,3.719278371556487,0.08763729611977862,-1.2779501895717305,-0.295260905555854,-1.9286422750331025,False,True,2.43100000000004,2.43100000000004,1.240000000000009,0.8527333333333559,2.850832616683577
CPI_2011-09-15,CPI,2011-09-15 12:30:00+00:00,2011,2.277440344958274,1.3664642069749642,3.180793377400116,-1.6352859362095271,-4.2838144388420005,-2.2296076870866326,False,True,4.730000000000018,5.2150000000001455,0.5459999999998217,1.1253499999999803,4.6341138312527095
NFP_2011-10-07,NFP,2011-10-07 12:30:00+00:00,2011,4.095759857262936,2.457455914357762,-1.7015158544940365,0.20004419901408768,-2.3911723362639057,-2.2511901709724675,True,False,-2.283999999999878,2.5279999999997926,0.86200000000008,0.7498000000000047,3.3715657508666004
CPI_2011-10-19,CPI,2011-10-19 12:30:00+00:00,2011,1.717034401993184,1.0302206411959103,-2.362841805590442,-2.3143085128176573,-4.048399957467439,-3.9998666646946544,True,True,0.6105000000000018,1.1400000000001,0.5399999999999636,0.7992833333333389,1.426277707112737
NFP_2011-11-04,NFP,2011-11-04 12:30:00+00:00,2011,3.529353415586438,2.117612049351863,-2.042078104591105,-1.8952145654953194,-1.8558581592899934,-2.3380050191513173,True,True,2.2510000000002037,2.808999999999969,0.9400000000000546,0.8267999999999991,3.3974358974358636
CPI_2011-11-16,CPI,2011-11-16 13:30:00+00:00,2011,1.3905769572536377,0.8343461743521826,-2.60594111513494,-1.6542977512561996,-2.713227518251413,-2.7803459419003507,True,True,0.17799999999988358,1.4500000000002728,0.44000000000005457,0.6473166666666657,2.240016478282564
NFP_2011-12-02,NFP,2011-12-02 13:30:00+00:00,2011,2.8997310097631943,1.7398386058579165,1.3370612608359917,-2.156940987149626,-2.7957694372472215,-2.7532367564853875,False,True,3.617000000000189,3.6710000000002765,0.6400000000001,0.6772500000000112,5.420450350683227
CPI_2011-12-16,CPI,2011-12-16 13:30:00+00:00,2011,1.8611300380705305,1.1166780228423183,-2.0403864438922654,-1.4359149792512276,-2.108364319741396,-2.0797078947508676,True,True,0.17399999999997817,1.2929999999998927,0.44000000000005457,0.860966666666684,1.5018003019859847
NFP_2012-01-06,NFP,2012-01-06 13:30:00+00:00,2012,2.508961303611733,1.5053767821670396,-1.7617948087270991,-2.2839232282107664,-2.7039708916865184,-2.836827995880818,True,True,0.28900000000021464,2.3980000000001382,0.7960000000000491,0.5859833333333351,4.092266560482604
CPI_2012-01-19,CPI,2012-01-19 13:30:00+00:00,2012,1.010767832487144,0.6064606994922864,-1.7645288489364184,-1.9261221724312458,-3.239042862373575,-3.4006361858684024,True,True,-0.1814999999999145,0.7619999999999436,0.44000000000005457,0.4994499999999903,1.5256782460705944
NFP_2012-02-03,NFP,2012-02-03 13:30:00+00:00,2012,2.5017478635061927,1.5010487181037155,-0.8300404143935931,-2.4748904250710493,-3.3441907910500626,-3.3375287820964847,False,True,-0.24699999999984357,3.0969999999997526,0.5180000000000291,0.6680499999999938,4.635880547862857
CPI_2012-02-17,CPI,2012-02-17 13:30:00+00:00,2012,0.919004723598748,0.5514028341592487,-2.1340796185679762,-2.177604966123922,-3.8659805825089424,-3.909505930064475,True,True,0.2624999999998181,0.4314999999999145,0.41099999999983083,0.5092833333333374,0.8472690381907472
NFP_2012-03-09,NFP,2012-03-09 13:30:00+00:00,2012,1.8591938068040326,1.1155162840824195,-2.7799388895077644,-2.6078212765782802,-4.724450351108157,-4.552332738178673,True,True,-2.1849999999999454,3.9750000000001364,0.36599999999998545,0.4964666666666858,8.006579830804316
CPI_2012-03-16,CPI,2012-03-16 12:30:00+00:00,2012,1.2466904371017922,0.7480142622610753,-2.1352965853512216,-2.073800431706732,-2.589117611401684,-2.6425925276139135,True,True,-1.40300000000002,1.5789999999999509,0.36599999999998545,0.8235833333333289,1.917231609835021
NFP_2012-04-06,NFP,2012-04-06 12:30:00+00:00,2012,2.3466350846379074,1.4079810507827444,-0.9809471506963655,-0.7678761013145756,-1.9868626771963083,-2.091267491393516,False,False,0.0,0.0004999999998744897,0.5319999999999254,0.5377166666666653,0.0009298577315336287
CPI_2012-04-13,CPI,2012-04-13 12:30:00+00:00,2012,0.8703748535783379,0.5222249121470027,-2.03232089338026,-2.112746011031663,-3.7244217094196,-3.804846827071003,True,True,-2.963999999999942,3.0519999999999072,0.36599999999998545,0.5749833333333148,5.307979941447589
NFP_2012-05-04,NFP,2012-05-04 12:30:00+00:00,2012,2.323141822004753,1.3938850932028517,-1.493178820943796,-3.0313256957869754,-2.45497933558962,-2.386107087462326,True,True,3.793999999999869,3.793999999999869,0.5460000000000491,0.5323333333333645,7.127113337507163
CPI_2012-05-15,CPI,2012-05-15 12:30:00+00:00,2012,0.9946279664556574,0.5967767798733944,-1.885724341082646,-1.7617248784765973,-3.329669596765337,-3.1486974080969263,True,True,-0.15250000000014552,0.8095000000000709,0.36599999999998545,0.5777833333333281,1.4010442207287823
NFP_2012-06-01,NFP,2012-06-01 12:30:00+00:00,2012,5.328765940382099,3.197259564229259,2.6848326441927974,-1.8174605574761569,2.4226436404038556,-2.781813384658432,False,True,10.626000000000204,10.666000000000167,0.6330000000000382,1.0597833333333369,10.0643213235411
CPI_2012-06-14,CPI,2012-06-14 12:30:00+00:00,2012,1.0200836677798095,0.6120502006678857,-2.108785600579136,-2.0238252493805517,-3.719544487553294,-3.634584136354339,True,True,3.4674999999999727,4.649999999999864,0.4410000000000309,0.6738833333333635,6.9003042069591505
NFP_2012-07-06,NFP,2012-07-06 12:30:00+00:00,2012,3.941289126242302,2.3647734757453813,-2.515927238284346,-2.4736398898233625,-4.107283044071923,-4.064995695610939,True,True,5.589000000000169,5.589000000000169,2.2959999999998217,0.6701166666666722,8.34033874698454
CPI_2012-07-17,CPI,2012-07-17 12:30:00+00:00,2012,0.9974396761713191,0.5984638057027915,-1.708462801353753,-1.6867405186087154,-2.880474029629229,-3.01916245023035,True,True,-0.2804999999998472,0.8029999999998836,0.3589999999999236,0.5794166666666646,1.3858766000285687
NFP_2012-08-03,NFP,2012-08-03 12:30:00+00:00,2012,4.725874034134462,2.835524420480677,-1.4147153771718,0.7771190345194275,-1.9380471422877983,0.4230681250125634,True,False,-3.73299999999972,4.083499999999731,1.0699999999999363,0.6245499999999993,6.538307581458227
CPI_2012-08-15,CPI,2012-08-15 12:30:00+00:00,2012,0.7513959095326167,0.45083754571957,-2.127119090024719,-2.0095601145066273,-3.8604935780635987,-3.742934602545507,True,True,2.7654999999999745,3.184500000000071,0.3170000000000073,0.4528833333333523,7.031612262171872
NFP_2012-09-07,NFP,2012-09-07 12:30:00+00:00,2012,3.68732434045907,2.212394604275442,1.4641804828758571,-1.387028785041479,-2.159183081882558,-1.7659440103724675,False,True,5.079000000000178,5.23700000000008,1.0720000000001164,0.4872999999999971,10.746973117176505
CPI_2012-09-14,CPI,2012-09-14 12:30:00+00:00,2012,3.2185306956151085,1.931118417369065,-0.10019968131389206,-1.245649893017426,-0.46656504432664414,-1.500162974959489,False,True,0.8449999999997999,2.5084999999999127,0.3429999999998472,0.8909166666666692,2.8156393227947683
NFP_2012-10-05,NFP,2012-10-05 12:30:00+00:00,2012,4.400490118037697,2.6402940708226184,-2.0054856989283656,0.12893563779958403,-2.683873769330681,-0.36935885694597337,True,False,-2.2795000000000982,2.289500000000089,0.4339999999999691,0.5689999999999752,4.023725834798223
CPI_2012-10-16,CPI,2012-10-16 12:30:00+00:00,2012,2.02650452229247,1.2159027133754818,-0.38195777909757267,-2.625558331996299,-2.8030782911388337,-4.456993508103009,False,True,0.39350000000013097,0.9649999999999181,0.32399999999984175,0.49891666666666956,1.9341907466174963
NFP_2012-11-02,NFP,2012-11-02 12:30:00+00:00,2012,2.9466785175296617,1.768007110517797,-1.2059315753403852,-0.8388516036938986,-2.4693264942365762,-2.452358236687567,False,False,-0.3244999999999436,0.3244999999999436,0.8659999999999854,0.38101666666666084,0.8516687808930893
CPI_2012-11-15,CPI,2012-11-15 13:30:00+00:00,2012,1.3578972530104958,0.8147383518062975,-1.9772024925896192,-1.9182878730763366,-3.441237415403759,-3.382322795890197,True,True,3.119999999999891,3.3024999999997817,0.5660000000000309,0.5717666666666749,5.775957558444122
NFP_2012-12-07,NFP,2012-12-07 13:30:00+00:00,2012,4.349400287961997,2.609640172777198,-1.3974376766736605,0.26294448834676587,-1.8609571352634102,-0.12470244112370975,True,False,-2.150000000000091,2.150000000000091,0.5299999999999727,0.5846499999999953,3.6774138373387637
CPI_2012-12-14,CPI,2012-12-14 13:30:00+00:00,2012,1.5716894561413497,0.9430136736848098,-0.7625551145934882,-1.557347407553003,-2.198059007882697,-2.1185267570864204,False,True,0.0805000000000291,0.7775000000001455,0.39599999999995816,0.365866666666678,2.125091107872052
NFP_2013-01-04,NFP,2013-01-04 13:30:00+00:00,2013,3.8612153661478645,2.316729219688719,0.2349412462079351,-1.7497533658875644,-0.21349678926503896,-2.8003334161216484,False,True,2.1324999999999363,2.1324999999999363,0.6009999999998854,0.7311499999999834,2.9166381727415507
CPI_2013-01-16,CPI,2013-01-16 13:30:00+00:00,2013,1.6303586966128802,0.9782152179677281,-0.6979492216635872,-1.4896972805506785,-2.10304809433826,-1.8771264403497463,False,True,0.08449999999993452,0.8950000000002092,0.3489999999999327,0.6599666666666697,1.3561290974294737
NFP_2013-02-01,NFP,2013-02-01 13:30:00+00:00,2013,1.887870214460399,1.1327221286762392,-3.0875008190115922,-3.0689614089757633,-2.3826156757029455,-2.3737873852097797,True,True,2.5844999999999345,2.5844999999999345,0.43000000000006366,0.4902833333333206,5.2714416833803615
CPI_2013-02-21,CPI,2013-02-21 13:30:00+00:00,2013,1.8733191155409519,1.1239914693245712,0.6529046883613513,-1.6762944839184892,0.10460746652365346,-2.0137360129254174,False,True,1.1869999999998981,2.5045000000000073,0.30399999999985994,0.7583166666666822,3.3027099496691656
NFP_2013-03-08,NFP,2013-03-08 13:30:00+00:00,2013,2.047027101017971,1.2282162606107825,-2.8308410428235478,2.596134819461339,-2.178488500607166,-2.241995231873845,True,False,-4.197499999999991,4.247500000000173,0.4199999999998454,0.5316166666666732,7.9897796030976975
CPI_2013-03-15,CPI,2013-03-15 12:30:00+00:00,2013,0.9867873852649253,0.5920724311589551,-1.9328131826032262,-1.9193013222648239,-2.790361639987667,-2.878188732186707,True,True,-0.14200000000005275,1.38350000000014,0.3000000000001819,0.39944999999999786,3.463512329453367
NFP_2013-04-05,NFP,2013-04-05 12:30:00+00:00,2013,2.6412983790512077,1.5847790274307245,1.5463670061136607,-1.472350377947002,1.0739352114969019,-2.5688439394608102,False,True,3.48700000000008,3.48700000000008,0.36000000000012733,0.6859500000000064,5.0834608936512105
CPI_2013-04-16,CPI,2013-04-16 12:30:00+00:00,2013,4.09636145812635,2.45781687487581,-1.254953260159405,0.32612466298601916,-1.4998415617057004,0.016951669762730832,True,False,-1.5629999999998745,1.9845000000000255,0.5660000000000309,1.5093999999999974,1.3147608321187418
NFP_2013-05-03,NFP,2013-05-03 12:30:00+00:00,2013,3.7556409825965025,2.253384589557901,-1.8533949417039142,3.4879036789462963,-2.3689852254858823,2.928379483279749,True,False,-9.93899999999985,10.701999999999998,0.6660000000001673,0.8573666666666554,12.482407371408739
CPI_2013-05-16,CPI,2013-05-16 12:30:00+00:00,2013,2.0979355720906527,1.2587613432543916,1.2070282489544883,-2.5681115148027915,0.7039312930512925,-1.9637705854622316,False,True,2.16800000000012,2.6700000000000728,0.34999999999990905,0.7730333333333381,3.453926092018528
NFP_2013-06-07,NFP,2013-06-07 12:30:00+00:00,2013,2.946660110003865,1.767996066002319,-1.9654455498066568,1.8914634847359817,-2.3358083648556986,1.3389735676012577,True,False,-5.119999999999891,9.299999999999955,0.5199999999999818,0.5691333333333167,16.340634883448914
CPI_2013-06-18,CPI,2013-06-18 12:30:00+00:00,2013,1.5142660317030334,0.90855961902182,-1.4803113872131513,-2.048243297455449,-2.3964893490910955,-3.361753467855926,True,True,-0.4385000000002037,2.0370000000000346,0.1790000000000873,0.557966666666664,3.650755720174523
NFP_2013-07-05,NFP,2013-07-05 12:30:00+00:00,2013,4.261051419700224,2.556630851820134,-2.8212911515422983,2.7479524449133215,-4.189106922642256,2.2416220143474925,True,False,-8.587499999999864,10.975000000000136,0.8000000000001819,0.6426333333333408,17.07816795476945
CPI_2013-07-16,CPI,2013-07-16 12:30:00+00:00,2013,1.8936035559832771,1.1361621335899663,-1.6588584448282195,2.2930423158601903,-1.925514312897594,1.6329566838648788,True,False,-3.4759999999998854,4.432500000000118,0.44299999999998363,0.5605166666666529,7.907882608308216
NFP_2013-08-02,NFP,2013-08-02 12:30:00+00:00,2013,8.963576465229512,5.378145879137707,2.450996764727723,-1.3640726776224559,2.1531499349840866,-1.556864714748484,False,True,15.999499999999898,16.311500000000024,1.143000000000029,0.8756833333333324,18.627167355018035
CPI_2013-08-15,CPI,2013-08-15 12:30:00+00:00,2013,2.3559642357129498,1.4135785414277697,-1.80981489533377,-1.8805573387632895,-3.048961464601066,-3.119703908030424,True,True,-6.625,7.0349999999998545,0.9900000000000091,0.681166666666661,10.327868852458888
NFP_2013-09-06,NFP,2013-09-06 12:30:00+00:00,2013,10.936161511569528,6.561696906941717,2.5298542031770603,-2.628415140869102,2.3846589871358876,-2.8249690229351363,False,True,18.095000000000027,18.460000000000036,0.6039999999998145,0.7479666666666692,24.68024421765672
CPI_2013-09-17,CPI,2013-09-17 12:30:00+00:00,2013,2.0331392374494963,1.2198835424696977,-0.06049593869468091,-3.155053630945567,-0.5192249734901941,-4.012181351419042,False,True,0.57549999999992,2.999499999999898,0.27599999999983993,0.5715666666666682,5.247856767947553
NFP_2013-10-22,NFP,2013-10-22 12:30:00+00:00,2013,10.471775550226752,6.2830653301360515,1.5499130421725835,-1.9883280602033273,1.3691747973300448,-2.5364029279725275,False,True,11.614000000000033,12.148999999999887,0.7599999999999909,0.6189333333333215,19.628931495045432
CPI_2013-10-30,CPI,2013-10-30 12:30:00+00:00,2013,3.06965053288176,1.8417903197290557,-0.4981348800525165,-1.6193265693994383,-0.8710980738761748,-2.2186999009749666,False,True,0.20000000000004547,1.8795000000000073,0.515999999999849,0.6899166666666626,2.7242420582196183
NFP_2013-11-08,NFP,2013-11-08 13:30:00+00:00,2013,10.57740804106362,6.346444824638172,-1.8945591716675572,0.7329748983147726,-2.3214013762170347,0.4645678535726661,True,False,-7.66800000000012,8.939000000000306,1.4210000000000491,0.5924833333333329,15.087344229092766
CPI_2013-11-20,CPI,2013-11-20 13:30:00+00:00,2013,3.710128166714291,2.2260769000285743,-1.3246250612287696,-0.1492388919699711,-3.72298537839968,-0.39830239017728764,True,False,-0.4279999999998836,2.585499999999911,0.33900000000016917,0.8338666666666502,3.1006156060121066
NFP_2013-12-06,NFP,2013-12-06 13:30:00+00:00,2013,12.78161740752114,7.668970444512683,-2.5764654255693342,1.3479857400411142,-3.003859744495843,1.2103956413916703,True,False,-12.079500000000053,15.705999999999904,1.0,0.715949999999998,21.937286123332562
CPI_2013-12-17,CPI,2013-12-17 13:30:00+00:00,2013,2.7349885482243077,1.6409931289345845,-0.7735134459853023,-0.26650340107409426,-1.1462514478787602,-0.6392414029675524,False,False,-0.44299999999998363,0.7149999999999181,0.3890000000001237,0.6146999999999972,1.1631690255407863
NFP_2014-01-10,NFP,2014-01-10 13:30:00+00:00,2014,10.202263961664627,6.121358376998776,1.3486413050117063,-2.439896887285745,1.1221447637848776,-1.6136859078724992,False,True,12.022000000000162,15.190999999999804,1.6010000000001128,0.5333666666666772,28.481344915941822
CPI_2014-01-16,CPI,2014-01-16 13:30:00+00:00,2014,1.5677735412265448,0.9406641247359269,-3.0636401710428345,-3.427213088311374,-2.055536242059112,-2.035337746655304,True,True,1.8920000000000528,2.9945000000000164,0.3999999999998636,0.37558333333334226,7.9729309962279435
NFP_2014-02-07,NFP,2014-02-07 13:30:00+00:00,2014,9.622925763801387,5.773755458280832,1.9416754971707502,-1.30950133836315,1.7421552701151022,-1.5884326182963737,False,True,11.917500000000018,14.420000000000073,1.5460000000000491,0.46301666666666963,31.14358734386807
CPI_2014-02-20,CPI,2014-02-20 13:30:00+00:00,2014,2.450972347788388,1.4705834086730327,0.8239787643825061,-3.1145941624165383,-3.2224023962543584,-3.2666025413236404,False,True,1.8964999999998327,2.505000000000109,0.37999999999988177,0.5871666666666822,4.266250354811314
NFP_2014-03-07,NFP,2014-03-07 13:30:00+00:00,2014,10.630739314843101,6.378443588905861,-1.4027127269044004,1.4627198422241485,-1.8530181909201215,1.2416238992494382,True,False,-11.50500000000011,12.690000000000055,1.5360000000000582,0.4560833333333335,27.8238625982095
CPI_2014-03-18,CPI,2014-03-18 12:30:00+00:00,2014,3.0488388684364884,1.829303321061893,-0.3910275522733146,-0.38665430268252415,-0.6963984514394438,-0.6920252018487776,False,False,-0.20900000000006003,1.08849999999984,0.2760000000000673,0.8277166666666782,1.315063528179721
NFP_2014-04-04,NFP,2014-04-04 12:30:00+00:00,2014,14.58291930908674,8.749751585452044,-0.32456390015936354,-0.07324247937111145,-0.44619101032433356,-0.19486958953608144,False,False,-1.1945000000000618,4.010000000000218,1.3460000000000036,0.5861166666666463,6.841641311457374
CPI_2014-04-15,CPI,2014-04-15 12:30:00+00:00,2014,2.652834342213282,1.5917006053279692,-1.4387649237137767,-1.2201308421311376,-2.093514941720595,-1.575829645100345,True,True,0.5350000000003092,2.567500000000109,0.35999999999989996,0.9108666666666712,2.818744053282694
NFP_2014-05-02,NFP,2014-05-02 12:30:00+00:00,2014,9.051552952448679,5.430931771469207,-2.2248630361142623,1.1669122199790314,-2.5869848197705307,1.0687414598894422,True,False,-7.074499999999944,10.047000000000025,0.387000000000171,0.3638000000000072,27.61682242990607
CPI_2014-05-15,CPI,2014-05-15 12:30:00+00:00,2014,1.089359489298867,0.6536156935793201,-2.8445596063006726,-2.5905877362390877,-2.1721424591644998,-2.205801381702694,True,True,-4.79950000000008,7.324999999999818,0.2599999999999909,0.3680666666666601,19.9012859989131
NFP_2014-06-06,NFP,2014-06-06 12:30:00+00:00,2014,10.390970391394553,6.234582234836732,-0.7372765851600407,0.4512553358074162,-0.8390032087108489,0.34952871225660803,False,False,-3.800000000000182,4.396499999999833,0.5059999999998581,0.37484999999999974,11.728691476590198
CPI_2014-06-17,CPI,2014-06-17 12:30:00+00:00,2014,1.123502988263507,0.6741017929581042,-3.1776148237200803,2.0842017699353024,-2.285422715224148,-1.9991158072531674,True,False,-2.1109999999998763,3.109499999999798,0.23700000000008004,0.31714999999999993,9.804508907456405
NFP_2014-07-03,NFP,2014-07-03 12:30:00+00:00,2014,17.358940488011697,10.415364292807018,-0.5435436861204894,0.34984801275906313,-0.6109355679853062,0.2824561308942463,False,False,-4.792500000000018,7.5,0.4079999999999018,0.626216666666672,11.976685385782242
CPI_2014-07-22,CPI,2014-07-22 12:30:00+00:00,2014,3.0751963076264066,1.845117784575844,0.17002564964818812,-1.85450635108732,-0.12457088209862628,-2.5910800871170263,False,True,0.981499999999869,1.612500000000182,0.28100000000017644,0.5025166666666451,3.2088487944020123
NFP_2014-08-01,NFP,2014-08-01 12:30:00+00:00,2014,8.716180799725366,5.22970847983522,0.7828084520935225,-1.1746620339712006,0.6378137544112712,-1.5634561718930036,False,True,5.576000000000022,6.407500000000027,0.5979999999999563,0.44028333333333575,14.553128667146138
CPI_2014-08-19,CPI,2014-08-19 12:30:00+00:00,2014,0.9554422562552812,0.5732653537531687,-4.957635205744295,-1.7845845615866842,-2.705765296725451,-2.635989581625832,True,True,-1.7960000000002765,3.1959999999999127,0.2840000000001055,0.25563333333333277,12.502281914199711
NFP_2014-09-05,NFP,2014-09-05 12:30:00+00:00,2014,4.587004849751126,2.7522029098506753,-1.7191910098870777,-2.2569420582210533,-2.5142359508571532,-2.6268729947649243,True,True,8.629000000000133,10.016500000000178,0.5100000000002183,0.3457999999999856,28.966165413535556
CPI_2014-09-17,CPI,2014-09-17 12:30:00+00:00,2014,1.6078003440644866,0.9646802064386919,0.28953035227181556,-2.3413933290272344,-0.32351384211794076,-2.077462962983503,False,True,0.9839999999999236,1.2989999999999782,0.34400000000005093,0.24709999999998142,5.25698097936089
NFP_2014-10-03,NFP,2014-10-03 12:30:00+00:00,2014,4.6206092808850965,2.772365568531058,-2.883348462676036,2.0629689190053586,-3.7715401311740004,1.788332699077367,True,False,-6.535000000000082,8.32400000000007,0.5419999999999163,0.34833333333333866,23.89665071770318
CPI_2014-10-22,CPI,2014-10-22 12:30:00+00:00,2014,2.5269414657607765,1.516164879456466,-1.417332988725095,0.9254201301002801,-1.8050355453300062,0.5278241903921556,True,False,-2.1599999999998545,2.213999999999942,0.36799999999993815,0.3355500000000006,6.598122485471428
NFP_2014-11-07,NFP,2014-11-07 13:30:00+00:00,2014,9.706646805705313,5.823988083423187,0.6968133247990281,-2.2312489850360966,0.5991937912669963,-2.813587916953437,False,True,5.738500000000158,12.935999999999922,0.34799999999995634,0.5049000000000053,25.620915032679314
CPI_2014-11-20,CPI,2014-11-20 13:30:00+00:00,2014,5.728892391169902,3.437335434701941,-0.7117427281902371,0.22532031415409443,-0.8852774359111597,0.05178560643317177,False,False,-1.6105000000000018,2.4694999999999254,0.32799999999997453,0.6985333333333301,3.5352643634280447
NFP_2014-12-05,NFP,2014-12-05 13:30:00+00:00,2014,13.509009572039059,8.105405743223434,-1.2251648855829542,0.8389514005125673,-1.4748645383970709,0.7388432719739952,True,False,-8.726499999999987,11.80399999999986,0.43200000000001637,0.7026833333333571,16.798463034557237
CPI_2014-12-17,CPI,2014-12-17 13:30:00+00:00,2014,4.3838196762372466,2.6302918057423477,-0.29288539329287466,-0.24308103329208736,-0.4952386450644378,-0.44543428506373695,False,False,-0.020999999999958163,1.099999999999909,0.2769999999998163,0.739566666666667,1.487357461576475
NFP_2015-01-09,NFP,2015-01-09 13:30:00+00:00,2015,12.247872735638408,7.348723641383044,0.5123141355865908,-1.0721787053781506,0.4270898122124865,-1.2262585232153524,False,True,4.688999999999851,11.213999999999942,0.33799999999996544,0.6019333333333218,18.62997009635645
CPI_2015-01-16,CPI,2015-01-16 13:30:00+00:00,2015,3.2923295373184858,1.9753977223910915,-1.036363349412732,0.1659261809838182,-1.5010594405316524,-0.14791421326827237,False,False,-1.2295000000001437,2.184500000000071,0.31399999999985084,0.748916666666662,2.916879937687884
NFP_2015-02-06,NFP,2015-02-06 13:30:00+00:00,2015,15.647315740026462,9.388389444015877,-1.3644570856788254,0.7546497237091233,-1.6432172516909163,0.6647398403331284,True,False,-8.474999999999909,9.54150000000027,0.7259999999998854,0.7358833333333337,12.966049872036235
CPI_2015-02-26,CPI,2015-02-26 13:30:00+00:00,2015,2.090283061536862,1.2541698369221173,1.2308970879006464,-1.3457076946946767,0.7461206388893388,-1.9209822538168277,False,True,2.3975000000000364,2.8524999999999636,0.2960000000000491,0.4754833333333295,5.9991587507448285
NFP_2015-03-06,NFP,2015-03-06 13:30:00+00:00,2015,9.364361903255842,5.618617141953505,-1.244925739426264,-0.021582018659749444,-1.4888509198353024,-0.23053418079121157,True,False,0.17250000000012733,4.859000000000151,0.9399999999998272,0.44039999999999585,11.033151680291091
CPI_2015-03-24,CPI,2015-03-24 12:30:00+00:00,2015,1.628836718462823,0.9773020310776938,-1.5847824937928445,2.206266621202176,-2.2776310487612186,1.6894127889810062,True,False,-2.6865000000000236,2.7674999999999272,0.27500000000009095,0.3705166666666628,7.469299626647357
CPI_2015-04-17,CPI,2015-04-17 12:30:00+00:00,2015,2.1632016975539674,1.2979210185323804,-1.3852941159957834,-1.7951803821117718,-1.7770781249911791,-2.312549844823061,True,True,-1.2524999999998272,3.5039999999999054,0.3269999999999982,0.45376666666667614,7.722030412105705
NFP_2015-05-08,NFP,2015-05-08 12:30:00+00:00,2015,8.671404245733978,5.202842547440387,-0.2234673814166921,-0.22173755778322177,-0.36912452808023155,-0.36739470444676126,False,False,-0.9549999999999272,3.486499999999978,0.7100000000000364,0.48951666666667204,7.122331551530299
CPI_2015-05-22,CPI,2015-05-22 12:30:00+00:00,2015,1.739237683077025,1.043542609846215,-6.299444687715237,-1.3767899235202476,-9.225034760601453,-1.6786251308492457,True,True,-4.567000000000007,5.505000000000109,0.3009999999999309,0.36483333333333123,15.089081772499243
NFP_2015-06-05,NFP,2015-06-05 12:30:00+00:00,2015,7.038315151978962,4.222989091187377,-2.7083769938850963,1.3989033294753672,-3.364995550107945,1.226065326762288,True,False,-7.0900000000001455,9.350000000000136,0.5919999999998709,0.47293333333332155,19.770228361996836
CPI_2015-06-18,CPI,2015-06-18 12:30:00+00:00,2015,3.494167051708273,2.0965002310249634,-0.3974161021640812,-1.4484534297024625,-0.6413301702059901,-1.8843541209957155,False,True,0.09349999999994907,2.7415000000000873,0.26299999999991996,0.5188666666666905,5.28363099062051
NFP_2015-07-02,NFP,2015-07-02 12:30:00+00:00,2015,6.41375645615577,3.848253873693462,0.5319827036346355,-1.9618756318572883,0.3361559664353467,-2.6080364834057197,False,True,3.0169999999998254,5.358999999999924,0.7059999999999036,0.4309666666666658,12.434836414262358
CPI_2015-07-17,CPI,2015-07-17 12:30:00+00:00,2015,1.2625557357273751,0.7575334414364251,-2.1383979391435464,-1.2565886836561058,-2.1348547292292297,-2.133534655493501,True,True,-0.013500000000021828,0.8289999999997235,0.31899999999996,0.18748333333333372,4.4217263756763545
NFP_2015-08-07,NFP,2015-08-07 12:30:00+00:00,2015,3.7722432875677563,2.2633459725406535,-3.6822567566392563,1.5416463246593748,-4.791871473288436,1.2328371507727105,True,False,-4.39449999999988,6.599999999999909,0.5199999999999818,0.297016666666669,22.22097525391344
CPI_2015-08-19,CPI,2015-08-19 12:30:00+00:00,2015,1.532710563347276,0.9196263380083656,0.22313682364102452,-5.240495297728065,-2.1627180712416507,-8.143408023979296,False,True,1.0675000000001091,1.7294999999999163,0.2920000000001437,0.22760000000000674,7.59885764499062
NFP_2015-09-04,NFP,2015-09-04 12:30:00+00:00,2015,4.971376794333477,2.982826076600086,0.8145538618763735,-3.2493773525835348,0.5826747706259539,-2.3132366161506512,False,True,3.530999999999949,9.294999999999845,0.4919999999999618,0.39143333333333885,23.74606148343621
CPI_2015-09-16,CPI,2015-09-16 12:30:00+00:00,2015,1.9402763846780304,1.1641658308068181,-0.1782786820464176,-2.2226609659269876,-0.5782147458608722,-3.223026952612165,False,True,0.5499999999999545,1.4985000000001492,0.22299999999995634,0.25753333333334844,5.818664250582687
NFP_2015-10-02,NFP,2015-10-02 12:30:00+00:00,2015,5.437556811931554,3.262534087158932,2.5923045626673322,-3.1962939608948964,2.3739050054627926,-3.7388280625206343,False,True,9.31899999999996,10.1400000000001,0.5820000000001073,0.3376833333333328,30.028132866097774
CPI_2015-10-15,CPI,2015-10-15 12:30:00+00:00,2015,4.222717765901931,2.533630659541158,-1.1564303537954272,0.7331505059764367,-1.4287410780921146,0.47208846147165057,True,False,-2.974499999999807,3.04950000000008,0.38999999999987267,0.629433333333346,4.844833977651886
NFP_2015-11-06,NFP,2015-11-06 13:30:00+00:00,2015,8.601198207325437,5.160718924395262,-2.445739573286087,2.895764276050223,-2.926399155088506,2.766606108406334,True,False,-15.304499999999962,15.529999999999973,0.5299999999999727,0.40966666666665785,37.90886899918708
CPI_2015-11-17,CPI,2015-11-17 13:30:00+00:00,2015,2.346655137482382,1.4079930824894291,-1.330730010894064,1.188103386873554,-1.821369708340798,0.8135864190291603,True,False,-2.431999999999789,3.07549999999992,0.27099999999995816,0.42273333333334523,7.275272039110156
NFP_2015-12-04,NFP,2015-12-04 13:30:00+00:00,2015,14.20994329007269,8.525965974043613,-0.5638499983034153,0.3926398615936059,-0.6254537862611717,0.33103607363587617,False,False,-3.97849999999994,6.370000000000118,0.5179999999998017,0.6182666666666667,10.30299762777677
CPI_2015-12-15,CPI,2015-12-15 13:30:00+00:00,2015,2.4527745761628554,1.4716647456977132,-1.285999753362617,0.6692689370180922,-1.7413487056017953,0.29919755928591035,True,False,-1.869499999999789,2.113499999999931,0.3079999999999927,0.441850000000007,4.783297499151064
NFP_2016-01-08,NFP,2016-01-08 13:30:00+00:00,2016,12.503800109837819,7.502280065902691,-0.4425202699495048,0.17329251755191757,-1.2927713861389916,0.08401006020346975,False,False,-2.310000000000173,6.5210000000001855,0.4800000000000182,0.5440333333333228,11.986397892286584
CPI_2016-01-20,CPI,2016-01-20 13:30:00+00:00,2016,3.006928775391777,1.804157265235066,0.0895401986914899,-1.2781343646890513,-0.1800653447791248,-1.4682013874523627,False,True,0.6330000000000382,1.6309999999998581,0.2720000000001619,0.563966666666685,2.892014894496965
NFP_2016-02-05,NFP,2016-02-05 13:30:00+00:00,2016,9.091896808007984,5.455138084804791,-0.1006998340756594,-1.1205640269724906,-0.2204333751604494,-1.3644924077603127,False,True,0.03899999999998727,5.2199999999998,0.4900000000000091,0.3955833333333203,13.19570254897823
CPI_2016-02-19,CPI,2016-02-19 13:30:00+00:00,2016,3.7127634956155076,2.2276580973693045,-2.2253906269791632,0.0056519220857015615,-2.930758700228671,-0.245427406766498,True,False,-1.27350000000024,3.3889999999998963,0.28700000000003456,0.6963499999999878,4.866805485747046
NFP_2016-03-04,NFP,2016-03-04 13:30:00+00:00,2016,11.77056956482809,7.062341738896854,-1.0645344388523355,0.49797845106107946,-1.1888858271691838,0.39911435954388336,True,False,-4.3599999999999,7.875,0.5219999999999345,0.6372500000000021,12.357787367595094
CPI_2016-03-16,CPI,2016-03-16 12:30:00+00:00,2016,1.3571206846811579,0.8142724108086947,-4.094197477094094,-1.8332833461931928,-2.0998822105515815,-2.090057488635895,True,True,-2.4235000000001037,3.4895000000001346,0.3389999999999418,0.2794833333333372,12.485538791818545
NFP_2016-04-01,NFP,2016-04-01 12:30:00+00:00,2016,6.31256379239088,3.7875382754345277,-1.5813207852831899,1.0445272660764515,-2.1842522499793127,0.8665420020403342,True,False,-4.734499999999798,8.2800000000002,0.5020000000001801,0.49406666666667054,16.758871947105927
CPI_2016-04-14,CPI,2016-04-14 12:30:00+00:00,2016,2.853117813688728,1.7118706882132368,0.4848555476266707,-2.4841187066755674,0.1516060773671506,-3.9456660170109306,False,True,1.6275000000000546,2.5434999999999945,0.38400000000001455,0.5875666666666348,4.328870482782321
NFP_2016-05-06,NFP,2016-05-06 12:30:00+00:00,2016,4.937786034879546,2.9626716209277277,-2.22707337978064,-1.3484744889644822,-2.187303261767219,-1.8801480598298794,True,True,5.975500000000011,10.692499999999882,1.1600000000000819,0.3864666666666949,27.667327928236418
CPI_2016-05-17,CPI,2016-05-17 12:30:00+00:00,2016,2.058447384203603,1.2350684305221618,-2.4510294532588395,-2.4809873074844706,-4.186462200976097,-4.216420055201543,True,True,-1.6445000000001073,2.5045000000000073,0.33999999999991815,0.42661666666665876,5.87060983709041
NFP_2016-06-03,NFP,2016-06-03 12:30:00+00:00,2016,3.8973331037759738,2.338399862265584,3.9743521413811167,-3.7813787293986825,3.607541052378916,-4.056246603953444,False,True,10.660000000000082,12.356999999999971,0.7879999999997835,0.305033333333328,40.51032674024758
CPI_2016-06-16,CPI,2016-06-16 12:30:00+00:00,2016,2.202314336203403,1.3213886017220415,-0.36756397729395035,-1.3873245520743285,-1.8405520880311967,-1.6649792098498033,False,True,0.7770000000000437,1.7650000000001,0.3409999999998945,0.4564333333333138,3.86693931205764
NFP_2016-07-08,NFP,2016-07-08 12:30:00+00:00,2016,9.311129860653494,5.586677916392096,-1.7961567948202521,2.7891263346828667,-2.0247540075309973,2.649043263542527,True,False,-18.35050000000001,19.023999999999887,0.5899999999999181,0.6216833333333246,30.600788182622697
CPI_2016-07-15,CPI,2016-07-15 12:30:00+00:00,2016,1.6147607000737136,0.9688564200442281,-2.310362457935752,2.9742183056067124,-2.0284001420052613,-2.104778848352698,True,False,-3.7400000000002365,4.636000000000195,0.36599999999998545,0.3511999999999906,13.200455580866512
NFP_2016-08-05,NFP,2016-08-05 12:30:00+00:00,2016,6.4554970602198365,3.8732982361319017,-1.418439315813408,1.6807281812879815,-1.8855030144267613,1.4782968289366971,True,False,-4.355999999999767,15.13799999999992,0.6300000000001091,0.2906166666666801,52.08923553363269
CPI_2016-08-16,CPI,2016-08-16 12:30:00+00:00,2016,2.703144307524231,1.6218865845145385,1.0081655311857385,-1.109121850550812,0.6732224438042245,-1.6555470497362696,False,True,1.6840000000001965,3.6100000000001273,0.23900000000003274,0.5034999999999816,7.169811320755231
NFP_2016-09-02,NFP,2016-09-02 12:30:00+00:00,2016,18.073798482320083,10.84427908939205,-1.1536706033541948,-1.059519577584401,-1.138681317421987,-1.18718615537974,True,True,18.052999999999884,25.63149999999996,0.7019999999999982,0.6203666666666702,41.31669442802614
CPI_2016-09-16,CPI,2016-09-16 12:30:00+00:00,2016,2.1574290103892286,1.2944574062335372,-4.176596289661456,1.117900050655555,-6.30555934918683,0.6610661701797054,True,False,-2.164500000000089,3.4529999999999745,0.3040000000000873,0.33088333333333064,10.4357024127336
NFP_2016-10-07,NFP,2016-10-07 12:30:00+00:00,2016,20.97896408749547,12.587378452497282,0.2179964645025254,-0.3547200886070379,0.1688605779210644,-0.403855975188499,False,False,3.5045000000000073,9.875,0.42200000000002547,0.5900333333333341,16.73634257951526
CPI_2016-10-18,CPI,2016-10-18 12:30:00+00:00,2016,1.7830602529825526,1.0698361517895314,0.9930934734471805,-3.3846796950571107,0.5139496352600771,-4.316696619641437,False,True,1.8215000000000146,2.9909999999999854,0.30999999999994543,0.2734666666666347,10.937347635301078
NFP_2016-11-04,NFP,2016-11-04 12:30:00+00:00,2016,13.385482198981459,8.031289319388875,-0.19016448533524732,-0.04946478506768253,-0.274401520398405,-0.13370182013084023,False,False,-0.7149999999999181,4.865000000000009,0.4600000000000364,0.3764666666666623,12.922790862404991
CPI_2016-11-17,CPI,2016-11-17 13:30:00+00:00,2016,5.262434767554345,3.157460860532607,-0.8813056195826892,0.3095246602154646,-1.251342193781843,0.10829461238122247,False,False,-1.8550000000000182,3.5529999999998836,0.4019999999998163,0.5978166666666767,5.943293651899675
NFP_2016-12-02,NFP,2016-12-02 13:30:00+00:00,2016,14.592000782173129,8.755200469303876,-0.2917793269219144,-0.12307959181267392,-0.4155541055577347,-0.2468543704484942,False,False,-0.7384999999999309,6.990499999999884,1.1480000000001382,0.4104000000000042,17.033382066276346
CPI_2016-12-15,CPI,2016-12-15 13:30:00+00:00,2016,5.5991402177073635,3.359484130624418,-0.15207572952727227,-0.2532817441354506,-0.30382283717176656,-0.4050288517799449,False,False,0.14500000000020918,1.9664999999999964,0.2840000000001055,0.6360666666666817,3.091657059008411
NFP_2017-01-06,NFP,2017-01-06 13:30:00+00:00,2017,8.49237865254113,5.095427191524677,-0.42270822818988557,-1.2589482213915544,-0.5853556312140763,-1.4816494704423921,False,True,-1.0014999999998508,7.072999999999865,0.8240000000000691,0.356566666666663,19.836402729737138
CPI_2017-01-18,CPI,2017-01-18 13:30:00+00:00,2017,2.5943191612439573,1.5565914967463743,-0.518622260038856,-0.32846318450813206,-1.4762055457731136,-0.6571081765109731,False,False,-0.10799999999994725,1.1239999999997963,0.33799999999996544,0.29471666666665897,3.813832494485638
NFP_2017-02-03,NFP,2017-02-03 13:30:00+00:00,2017,5.394664012070597,3.236798407242358,-1.4935051219698106,-1.1579883973043796,-2.1204672446213513,-1.4688974726884454,True,True,3.8940000000000055,7.930000000000064,0.9239999999999782,0.29263333333336355,27.09875840072643
CPI_2017-02-15,CPI,2017-02-15 13:30:00+00:00,2017,1.90948663576829,1.145691981460974,-2.581401500453014,-2.5639448015113797,-4.276431256638818,-4.258974557697184,True,True,-4.185000000000173,4.333499999999958,1.1179999999999382,0.29123333333336254,14.879821449008322
NFP_2017-03-10,NFP,2017-03-10 13:30:00+00:00,2017,5.57870568784352,3.347223412706112,-0.8651471810954797,0.02275291804878247,-1.1294503634411561,-1.61193981839355,False,False,-1.5070000000000618,3.09699999999998,0.7999999999999545,0.3026166666666692,10.234069504874002
CPI_2017-03-15,CPI,2017-03-15 12:30:00+00:00,2017,2.0728984436131674,1.2437390661679004,-1.6217549603989292,0.26851291326654975,-2.457203510874478,-0.12793680308671312,True,False,-1.0699999999999363,1.634999999999991,0.2239999999999327,0.25311666666666116,6.459471916771027
NFP_2017-04-07,NFP,2017-04-07 12:30:00+00:00,2017,5.277363719021127,3.1664182314126763,1.7425543932452419,-1.3489513032819231,1.500739211534913,-1.5588692457084747,False,True,6.810000000000173,7.739500000000135,0.8220000000001164,0.3125500000000026,24.762438009918636
NFP_2017-05-05,NFP,2017-05-05 12:30:00+00:00,2017,7.2827042418328345,4.3696225450997,-1.1015250059523174,0.6577802705689061,-1.1963837713770442,0.5424391868029336,True,False,-3.0325000000000273,3.9235000000001037,0.2920000000001437,0.3950500000000147,9.931654220984578
CPI_2017-05-12,CPI,2017-05-12 12:30:00+00:00,2017,1.3365013464037763,0.8019008078422657,0.43734399138854196,-3.80694653271941,-2.0256626307326115,-2.0368859639822396,False,True,1.0554999999999382,1.900000000000091,0.3140000000000782,0.21551666666662944,8.81602350939797
NFP_2017-06-02,NFP,2017-06-02 12:30:00+00:00,2017,3.865489687655281,2.3192938125931684,1.2547929392120072,-1.9399295059428627,0.9887494579379079,-2.4325505761135746,False,True,3.710499999999911,4.769999999999982,0.5720000000001164,0.20968333333332795,22.74858914235802
CPI_2017-06-14,CPI,2017-06-14 12:30:00+00:00,2017,1.6126695930664618,0.9676017558398771,3.5426829057628506,-2.6256605929728725,-1.9923293734894258,-3.9311435485129205,False,True,4.356499999999869,5.194999999999936,0.37999999999988177,0.26005000000000866,19.976927513938715
NFP_2017-07-07,NFP,2017-07-07 12:30:00+00:00,2017,5.959059862634669,3.5754359175808017,-1.2689956146857961,0.10034790393966739,-1.4604198258243803,-0.09806846160375181,True,False,-2.20900000000006,4.9939999999999145,0.6140000000000327,0.27986666666664256,17.8442115293009
CPI_2017-07-14,CPI,2017-07-14 12:30:00+00:00,2017,1.971302684747151,1.1827816108482907,4.522640655668703,-3.6880889591035695,4.079695318004842,-4.385096413766814,False,True,6.00850000000014,7.079999999999927,0.2800000000002001,0.2581000000000055,27.431228206120792
NFP_2017-08-04,NFP,2017-08-04 12:30:00+00:00,2017,6.696797290806555,4.018078374483933,-1.281539922839746,1.373460553941772,-1.501086586140697,1.210657432889146,True,False,-6.36200000000008,6.792500000000018,0.5009999999999764,0.3299499999999815,20.58645249280315
CPI_2017-08-11,CPI,2017-08-11 12:30:00+00:00,2017,3.8219423264162398,2.2931653958497438,1.6638121728617483,-1.7053298933767742,1.4216983676364716,-1.4538028988374243,False,True,3.379000000000133,4.979000000000042,0.2880000000000109,0.32258333333332984,15.43477137690549
NFP_2017-09-01,NFP,2017-09-01 12:30:00+00:00,2017,7.307270508269353,4.384362304961612,1.5239383826557238,-1.155242575247074,1.3803590075461805,-1.3742034943558472,False,True,7.494499999999789,8.498000000000047,0.45600000000013097,0.3802833333333221,22.3464960336599
CPI_2017-09-14,CPI,2017-09-14 12:30:00+00:00,2017,8.31276659607932,4.987659957647591,-1.2826335304175758,1.0232574279998465,-1.502913142365627,0.9092400721999194,True,False,-5.875,6.811000000000149,0.37999999999988177,0.5484333333333324,12.41901173038381
NFP_2017-10-06,NFP,2017-10-06 12:30:00+00:00,2017,6.164813633828632,3.698888180297179,-1.1194876130771125,-1.264666373240962,-1.3308265240946404,-1.601989087305737,True,True,-2.009999999999991,6.554500000000189,0.34799999999995634,0.2871833333333143,22.82339968661351
CPI_2017-10-13,CPI,2017-10-13 12:30:00+00:00,2017,3.769777428712059,2.2618664572272356,1.311442676256086,-1.6173332374735563,1.0736374785702048,-2.0490048761239916,False,True,4.30399999999986,5.52150000000006,0.2999999999999545,0.27068333333331035,20.398374484331736
NFP_2017-11-03,NFP,2017-11-03 12:30:00+00:00,2017,5.061794631270124,3.0370767787620743,0.993229582173883,-2.243435380905006,0.8108268836732476,-2.67179827548087,False,True,2.366999999999962,4.211499999999887,0.36799999999993815,0.2358000000000061,17.86047497879465
CPI_2017-11-15,CPI,2017-11-15 13:30:00+00:00,2017,5.0742013535672665,3.0445208121403597,-0.8240147316438695,0.39916626457401655,-0.9936506224352343,0.22953037378272645,False,False,-1.70699999999988,2.21349999999984,0.33799999999996544,0.2865833333333361,7.723756906076716
NFP_2017-12-08,NFP,2017-12-08 13:30:00+00:00,2017,4.815645726384626,2.8893874358307756,0.29307798583837286,-1.3352948455979008,0.10000304784914472,-1.7550614317466784,False,True,1.6299999999998818,3.8200000000001637,0.3589999999999236,0.22433333333331879,17.028231797921595
CPI_2017-12-13,CPI,2017-12-13 13:30:00+00:00,2017,3.5774668804474157,2.146480128268449,1.654989628469407,-1.4347198510913581,1.4259191173918964,-1.7252863892046828,False,True,4.103499999999713,5.17049999999972,0.23099999999999454,0.2020499999999932,25.590200445433773
NFP_2018-01-05,NFP,2018-01-05 13:30:00+00:00,2018,5.326501410126884,3.1959008460761305,1.0412550827681897,-1.3191122638161343,0.8700970818335269,-1.5386134416644421,False,True,4.231499999999869,5.019999999999982,0.31799999999998363,0.27708333333329543,18.117293233085118
CPI_2018-01-12,CPI,2018-01-12 13:30:00+00:00,2018,5.351083115277911,3.210649869166746,-2.0370165749956137,1.2199564448354834,-2.290950835417348,1.0529204795779548,True,False,-4.404999999999973,6.999000000000024,0.27800000000002,0.29866666666665653,23.43415178571516
NFP_2018-02-02,NFP,2018-02-02 13:30:00+00:00,2018,5.723961461644662,3.4343768769867973,-1.3410266738230012,1.2533304160190528,-1.7079584478062997,1.0838143667172975,True,False,-5.158500000000004,6.498499999999922,0.35799999999994725,0.2957833333333421,21.97047388290887
CPI_2018-02-14,CPI,2018-02-14 13:30:00+00:00,2018,5.134591192366025,3.080754715419615,-2.15178059026271,1.8982010384436276,-2.498843728606101,1.680976214717619,True,False,-6.608499999999822,13.03950000000009,0.540000000000191,0.28658333333330954,45.49985460890203
NFP_2018-03-09,NFP,2018-03-09 13:30:00+00:00,2018,7.4162369164589785,4.449742149875387,-0.08856677234907728,-1.3181885831662838,-0.22760822220417562,-1.649038899974284,False,True,0.6414999999997235,5.760000000000218,0.4900000000000091,0.37000000000000455,15.567567567567966
CPI_2018-03-13,CPI,2018-03-13 12:30:00+00:00,2018,5.0604651578768465,3.036279094726108,-1.2745301335183168,-0.534314912887178,-1.3027417693155439,-0.7237436123103513,True,False,1.5909999999998945,5.046499999999924,0.35999999999989996,0.2308999999999969,21.85578172368987
NFP_2018-04-06,NFP,2018-04-06 12:30:00+00:00,2018,6.462806429793946,3.8776838578763675,1.391831811929964,-1.134418485680533,-1.2208960099683095,-1.3511283905618379,False,True,8.35149999999976,9.183499999999867,0.30300000000011096,0.35926666666666357,25.561792540359843
CPI_2018-04-11,CPI,2018-04-11 12:30:00+00:00,2018,11.444766197825906,6.866859718695544,0.12128445666836171,-0.3068588461568664,0.04536717841369466,-0.3827761244115666,False,False,1.3165000000001328,2.016499999999951,0.29099999999994,0.5053999999999671,3.9899089829839376
NFP_2018-05-04,NFP,2018-05-04 12:30:00+00:00,2018,5.1508171490011465,3.090490289400688,1.2286071608191542,-1.2764969731598832,1.0221664539227815,-1.5955411725162398,False,True,4.285000000000082,5.156500000000051,0.44600000000014006,0.28633333333335337,18.008731082653167
CPI_2018-05-10,CPI,2018-05-10 12:30:00+00:00,2018,6.153769715590604,3.6922618293543623,0.48281191377800514,-1.247699164608196,0.3278489056155512,-1.486486130632805,False,True,2.5514999999998054,4.578499999999849,0.39599999999995816,0.27175000000000865,16.84820607175604
NFP_2018-06-01,NFP,2018-06-01 12:30:00+00:00,2018,7.920028730820149,4.752017238492089,-1.1320314573832002,0.8073554466350604,-1.3346540388420196,0.6964833740902773,True,False,-4.36200000000008,4.880000000000109,0.35599999999999454,0.4384666666666552,11.129694389539845
CPI_2018-06-12,CPI,2018-06-12 12:30:00+00:00,2018,6.308132905634942,3.784879743380965,0.16080180646806402,-0.5684155497310877,0.0076215103135890555,-0.7215958458855626,False,False,1.1649999999999636,2.673000000000002,0.36799999999993815,0.2785666666666657,9.595548641857166
NFP_2018-07-06,NFP,2018-07-06 12:30:00+00:00,2018,3.80467246085248,2.282803476511488,-0.2358915279132179,-1.6319819197458851,-0.44177346424113456,-1.9110195182751286,False,True,-0.18499999999994543,3.9849999999996726,0.2039999999999509,0.210633333333332,18.919132774171693
CPI_2018-07-12,CPI,2018-07-12 12:30:00+00:00,2018,4.250342926403254,2.5502057558419526,-0.12644803238378322,-0.3381956526544002,-0.3158198110700576,-0.5275674313406746,False,False,0.45499999999992724,0.900000000000091,0.2739999999998872,0.21963333333333518,4.097738655335029
NFP_2018-08-03,NFP,2018-08-03 12:30:00+00:00,2018,7.107690595842148,4.264614357505288,0.270073306387701,-0.5951866422653417,0.14615049515625292,-0.7191094534967898,False,False,1.5299999999999727,2.9470000000001164,0.32799999999997453,0.3849499999999883,7.655539680478519
CPI_2018-08-10,CPI,2018-08-10 12:30:00+00:00,2018,6.197314281757928,3.7183885690547562,-0.23514245048962906,-0.0979862629291566,-0.3673776891874036,-0.23022150162693117,False,False,-0.1799999999998363,2.435000000000173,0.2640000000001237,0.4687166666666712,5.1950360914557105
NFP_2018-09-07,NFP,2018-09-07 12:30:00+00:00,2018,4.84897713006986,2.909386278041916,-1.3216567456239832,0.6526427976686957,-1.5995229080174922,0.4589868351543702,True,False,-2.3600000000001273,3.276500000000169,0.39799999999991087,0.28883333333335864,11.34391229082475
CPI_2018-09-13,CPI,2018-09-13 12:30:00+00:00,2018,2.2129179858490993,1.3277507915094595,0.46878300052992605,-3.1335496288954547,0.10113418938143924,-4.94649978143365,False,True,1.3670000000001892,3.0215000000002874,0.2640000000001237,0.2992333333333249,10.097471315585516
NFP_2018-10-05,NFP,2018-10-05 12:30:00+00:00,2018,4.2862197486122575,2.5717318491673544,0.5940747673574056,-1.245930442179523,0.37966749928294125,-1.3985116687668813,False,True,1.884999999999991,2.8170000000000073,0.3380000000001928,0.29205000000000986,9.645608628659176
CPI_2018-10-11,CPI,2018-10-11 12:30:00+00:00,2018,2.452895223147283,1.4717371338883698,0.44781573748751097,-2.0587460085312306,0.10647359938938855,-2.6202361557672518,False,True,1.5419999999999163,3.1340000000000146,0.2829999999999018,0.3316833333333496,9.448771418521263
NFP_2018-11-02,NFP,2018-11-02 12:30:00+00:00,2018,4.154058914809819,2.4924353488858912,-1.179375024236473,0.2254758584816024,-1.3828033700214077,-0.03432305677989067,True,False,-1.6815000000001419,3.0850000000000364,0.42399999999997817,0.3696833333333416,8.344979937784503
CPI_2018-11-14,CPI,2018-11-14 13:30:00+00:00,2018,2.3592738501466535,1.415564310087992,0.25846582694462283,-1.2963911190200623,-0.12812911339126282,-1.6843989234596324,False,True,1.0599999999999454,1.0700000000001637,0.30999999999994543,0.2477666666666778,4.318579308489637
NFP_2018-12-07,NFP,2018-12-07 13:30:00+00:00,2018,2.9772740500328942,1.7863644300197365,1.0532327381705293,-1.5892851717656726,0.6901573269607653,-1.5719790725841436,False,True,2.7664999999997235,3.4049999999997453,0.4539999999999509,0.28661666666664964,11.879979066116
CPI_2018-12-12,CPI,2018-12-12 13:30:00+00:00,2018,1.8664752988756852,1.119885179325411,-0.6420274268053284,-1.4327334887727654,-1.8211608097432863,-2.025646058969935,False,True,0.2664999999999509,0.6600000000003092,0.4639999999999418,0.2549166666666489,2.5890813991514423
NFP_2019-01-04,NFP,2019-01-04 13:30:00+00:00,2019,2.6558740470119475,1.5935244282071686,-1.9158918721033358,1.5550307583223448,-2.4053986447592064,1.1489867789852093,True,False,-3.540000000000191,4.4050000000002,0.39400000000000546,0.25306666666665856,17.40648050579692
CPI_2019-01-11,CPI,2019-01-11 13:30:00+00:00,2019,1.2684820533260284,0.761089231995617,-1.747129763632851,-1.509312708298589,-2.2279450013419377,-2.2016668736806904,True,True,0.9500000000000455,1.5034999999998035,0.3369999999999891,0.2666666666666629,5.638124999999343
NFP_2019-02-01,NFP,2019-02-01 13:30:00+00:00,2019,2.3434800106604445,1.4060880063962666,-2.1279891346692934,-0.09966659224951398,-2.9958437742430415,-1.7156963070777131,True,False,-0.9800000000000182,4.349999999999909,0.5040000000001328,0.2233000000000061,19.48051948051854
CPI_2019-02-13,CPI,2019-02-13 13:30:00+00:00,2019,1.2113279627095435,0.726796777625726,-1.6386726477939737,0.22636038720102458,-2.3650985432473943,-2.4476525691419213,True,False,-0.8915000000001783,1.1700000000000728,0.36400000000003274,0.22363333333333532,5.2317782083770865
NFP_2019-03-08,NFP,2019-03-08 13:30:00+00:00,2019,3.045232754179057,1.8271396525074342,2.6613868804863476,-1.693507387765147,2.3699209275311848,-2.306240518735101,False,True,5.5,5.799999999999727,0.3140000000000782,0.2622500000000173,22.116301239273
CPI_2019-03-12,CPI,2019-03-12 12:30:00+00:00,2019,1.3295703274378792,0.7977421964627275,-0.09173514993219826,-2.6144799776769023,-2.2852533162761532,-2.319098836946571,False,True,0.7400000000000091,1.8475000000003092,0.36999999999989086,0.2446333333333276,7.552118817278999
NFP_2019-04-05,NFP,2019-04-05 12:30:00+00:00,2019,4.236530430906785,2.541918258544071,-0.5298931212569723,-1.4945189473463594,-0.8020851941822923,-1.4331046986876443,False,True,-1.3445000000001528,2.7200000000002547,0.5039999999999054,0.289316666666654,9.401463217928592
CPI_2019-04-10,CPI,2019-04-10 12:30:00+00:00,2019,1.394880329214957,0.8369281975289742,0.3192518196767486,-2.796905585104546,-2.0765550200507596,-2.161389059827783,False,True,1.0900000000001455,1.925000000000182,0.34700000000020736,0.2566500000000095,7.500487044613719
NFP_2019-05-03,NFP,2019-05-03 12:30:00+00:00,2019,3.5463462003288764,2.1278077201973256,-1.5509878870510054,0.3596640771324318,-2.093051903950598,0.05657842052977249,True,False,-1.8184999999998581,3.6600000000003092,0.4839999999999236,0.24218333333333247,15.112518064828253
CPI_2019-05-10,CPI,2019-05-10 12:30:00+00:00,2019,1.5235980997073828,0.9141588598244297,0.837817182176851,-1.819817181796098,0.2080535543207172,-2.8723738459460537,False,True,1.5715000000000146,2.4199999999998454,0.2899999999999636,0.2803333333333247,8.632580261593056
NFP_2019-06-07,NFP,2019-06-07 12:30:00+00:00,2019,5.157513173301625,3.094507903980975,1.0270582912103121,-1.5588132748973185,0.8003598881791338,-1.9445030314058132,False,True,4.394999999999982,5.774999999999864,0.46400000000016917,0.31720000000002907,18.206179066832707
CPI_2019-06-12,CPI,2019-06-12 12:30:00+00:00,2019,2.1835278333810586,1.3101167000286351,1.2885409368210994,-1.3833584442978435,0.8418463790100532,-1.8914979100303098,False,True,2.5335000000000036,2.678500000000213,0.3500000000001364,0.3323833333333444,8.058466629895573
NFP_2019-07-05,NFP,2019-07-05 12:30:00+00:00,2019,10.905783449791963,6.543470069875178,-1.1486843249430505,1.2158103292358546,-1.2912330017214544,1.1024510577669646,True,False,-8.964999999999918,9.815000000000055,0.5139999999998963,0.6124666666666864,16.025361924458046
CPI_2019-07-11,CPI,2019-07-11 12:30:00+00:00,2019,3.1226630860495597,1.8735978516297358,-3.0449047510582954,2.052240290868901,-3.772304176081266,1.682441617478438,True,False,-4.564999999999827,5.050000000000182,0.4639999999999418,0.4148999999999887,12.171607616293851
NFP_2019-08-02,NFP,2019-08-02 12:30:00+00:00,2019,9.408824304297909,5.645294582578745,0.11040982731414227,-0.42986313017016464,-0.007636802538761168,-0.5479097600230681,False,False,1.5799999999999272,6.230000000000018,0.38400000000001455,0.5497166666666696,11.333110996573964
CPI_2019-08-13,CPI,2019-08-13 12:30:00+00:00,2019,4.666134078372587,2.7996804470235523,-1.2232945562202333,-0.12013294244256187,-1.576966240805615,-0.3457542988625526,True,False,-0.46499999999991815,2.99350000000004,0.3269999999999982,0.5978166666666728,5.007387995204788
NFP_2019-09-06,NFP,2019-09-06 12:30:00+00:00,2019,10.002784464224797,6.001670678534878,0.9763856289146936,-1.219752864178738,0.8586500786241448,-1.2809208321767882,False,True,5.8615000000002055,10.12350000000015,0.4639999999999418,0.6424833333333216,15.756828970920647
CPI_2019-09-12,CPI,2019-09-12 12:30:00+00:00,2019,7.799568842256583,4.67974130535395,-0.11213461722756671,-0.25957866487414794,-0.2537069727853156,-0.4011510204318968,False,False,0.38999999999987267,2.724999999999909,0.38400000000001455,0.9992666666666575,2.7269997998531594
NFP_2019-10-04,NFP,2019-10-04 12:30:00+00:00,2019,7.241948814586821,4.345169288752093,-0.3712896766016325,-1.5407492907883522,-0.5294268984996644,-2.0191272001096436,False,True,-1.5115000000000691,9.987499999999955,0.33400000000006,0.46920000000000833,21.286231884057496
CPI_2019-10-10,CPI,2019-10-10 12:30:00+00:00,2019,3.6833229665454574,2.209993779927274,-0.5943249759023315,-1.9434237955824656,-0.9189453465641549,-2.7755116578662102,False,True,-0.2315000000000964,2.268500000000131,0.4939999999999145,0.47346666666666126,4.791255984230125
NFP_2019-11-01,NFP,2019-11-01 12:30:00+00:00,2019,5.525598738752336,3.3153592432514016,-1.296427380757955,1.4430947444802507,-1.682281493733402,1.2492258594391439,True,False,-5.626500000000306,6.610000000000127,0.39400000000000546,0.34771666666666384,19.009730144275075
CPI_2019-11-13,CPI,2019-11-13 13:30:00+00:00,2019,3.0740689469202835,1.84444136815217,-1.258549358132088,-0.4940902517887403,-2.0954645491780814,-0.8495588567122638,True,False,-0.09249999999974534,1.6649999999999636,0.39400000000000546,0.4705499999999688,3.538412496015458
NFP_2019-12-06,NFP,2019-12-06 13:30:00+00:00,2019,5.072543849226275,3.0435263095357645,-3.666041579808751,-1.3627922278853013,-4.001635195937507,-1.3731052650689488,True,True,-10.121499999999969,14.966499999999996,0.4839999999999236,0.29636666666667677,50.499943763354466
CPI_2019-12-11,CPI,2019-12-11 13:30:00+00:00,2019,1.4360729305527367,0.861643758331642,-1.8895892116163389,-0.3454475786797958,-2.4951822945513866,-2.5706195032255503,True,False,-0.5949999999997999,1.038000000000011,0.3550000000000182,0.29311666666667785,3.541252061181457
NFP_2020-01-10,NFP,2020-01-10 13:30:00+00:00,2020,6.579298331407664,3.947578998844598,1.049278431467026,-1.2792373506592218,0.8621305617939307,-1.454225868989678,False,True,5.115000000000009,5.480000000000018,0.4940000000001419,0.37558333333334226,14.590636787219582
CPI_2020-01-14,CPI,2020-01-14 13:30:00+00:00,2020,1.5793574624406022,0.9476144774643612,1.7365996817648048,-2.7800050153823705,1.0414372336743687,-1.9175720118397626,False,True,2.509999999999991,2.509999999999991,0.34999999999990905,0.37908333333330496,6.621235436360111
NFP_2020-02-07,NFP,2020-02-07 13:30:00+00:00,2020,5.615958182408084,3.3695749094448506,-1.4112882567680352,0.2875907276268142,-1.7985427428879994,0.0758776720718172,True,False,-2.656500000000051,4.769999999999982,0.4739999999999327,0.3230666666666745,14.764754436648369
CPI_2020-02-13,CPI,2020-02-13 13:30:00+00:00,2020,1.2900805581309238,0.7740483348785543,-1.6631274068978865,-1.8569137549085672,-2.632940228880666,-2.6200211390132875,True,True,-0.43000000000006366,1.7514999999998508,0.38400000000001455,0.30965000000001813,5.656386242531078
NFP_2020-03-06,NFP,2020-03-06 13:30:00+00:00,2020,18.372967607077015,11.02378056424621,0.04517878391153736,-0.2959020257151664,-0.040356118974536746,-0.3814369286012405,False,False,1.1299999999998818,8.365000000000236,0.7899999999999636,1.0569333333333286,7.914406458938067
CPI_2020-03-11,CPI,2020-03-11 12:30:00+00:00,2020,3.439520446011755,2.0637122676070527,-0.9019326624239438,-0.07478246964102282,-1.7088082264919227,-1.9026336963887447,False,False,-0.5885000000002947,1.643500000000131,0.5139999999998963,0.8255666666666532,1.9907538256552966
NFP_2020-04-03,NFP,2020-04-03 12:30:00+00:00,2020,20.669984563525162,12.401990738115098,-0.26808248532082063,-0.3511336681309257,-0.4424507013326201,-0.5255018841427069,False,False,0.6649999999999636,5.463500000000067,1.9139999999999873,1.2240000000000009,4.463643790849725
NFP_2020-05-08,NFP,2020-05-08 12:30:00+00:00,2020,15.386872938250502,9.2321237629503,-0.43703844354775434,-0.024349002003440836,-0.5802975715620157,-0.16760813001770217,False,False,-1.7549999999998818,4.445000000000164,1.3040000000000873,1.048316666666661,4.240131003672733
CPI_2020-05-12,CPI,2020-05-12 12:30:00+00:00,2020,2.7564630989891574,1.6538778593934944,-0.09049066057082647,-0.9750783534833326,-0.5112115717602375,-1.7628154844935762,False,False,0.981499999999869,1.1765000000000327,0.35399999999981446,0.6616166666666572,1.7782200166260165
NFP_2020-06-05,NFP,2020-06-05 12:30:00+00:00,2020,10.192159002130696,6.115295401278417,-1.2755284885125375,0.8559302791661774,-1.3007876117214958,0.5944601628304016,True,False,-6.714999999999918,8.666500000000042,1.4400000000000546,0.9057666666666667,9.56813748941969
CPI_2020-06-10,CPI,2020-06-10 12:30:00+00:00,2020,2.3832510787710794,1.4299506472626475,-1.4090083135785203,-1.3460690784573799,-1.737778191685853,-1.8286904201940786,True,True,-0.5364999999999327,1.8199999999999363,0.3769999999999527,0.6732666666666736,2.7032379443508034
NFP_2020-07-02,NFP,2020-07-02 12:30:00+00:00,2020,6.169881135107813,3.701928681064688,-1.3523005928251421,-0.23072306994160735,-1.9956789248234,-0.49916170980053587,True,False,-0.9884999999999309,3.310000000000173,0.5769999999999982,0.7058333333333204,4.689492325856293
CPI_2020-07-14,CPI,2020-07-14 12:30:00+00:00,2020,2.2352672348969813,1.3411603409381887,-1.4539596351591457,-1.5210657053673544,-2.24878331690785,-2.241327086884678,True,True,0.9550000000001546,2.0284999999998945,0.6240000000000236,0.7159166666666654,2.8334303340703966
NFP_2020-08-07,NFP,2020-08-07 12:30:00+00:00,2020,6.807050636197882,4.084230381718729,-1.3429629299440575,0.24007705451404762,-1.8561416206912087,-0.02201393937106068,True,False,-2.581499999999778,7.761499999999614,0.8040000000000873,1.0801500000000108,7.185576077396229
CPI_2020-08-12,CPI,2020-08-12 12:30:00+00:00,2020,6.59832442080838,3.958994652485028,-1.2373246063682748,0.5743727131766713,-1.479336299765975,0.3413279427269221,True,False,-3.063499999999749,4.019999999999982,0.6140000000000327,2.3834999999999695,1.686595342983022
NFP_2020-09-04,NFP,2020-09-04 12:30:00+00:00,2020,4.079877667744199,2.4479266006465195,-1.393585840808607,-1.5790489179614404,-1.7977203846053507,-1.556291577122395,True,True,-4.283499999999776,14.323500000000195,0.7269999999998618,0.6871333333333458,20.84529931114767
CPI_2020-09-11,CPI,2020-09-11 12:30:00+00:00,2020,1.5056369768275306,0.9033821860965183,-1.665207730628892,-1.6984162667957903,-2.7330149276776114,-2.954405168793623,True,True,1.7550000000001091,3.14650000000006,0.4839999999999236,0.6415166666666626,4.904782936270941
NFP_2020-10-02,NFP,2020-10-02 12:30:00+00:00,2020,5.415624945303211,3.2493749671819265,-0.6597991988161315,-0.21971456271147555,-1.6704150966938605,-0.5277338002904625,False,False,-0.5584999999998672,2.5214999999998327,0.8640000000000327,0.9120999999999829,2.7644995066329128
CPI_2020-10-13,CPI,2020-10-13 12:30:00+00:00,2020,1.5521857285468132,0.931311437128088,-2.000551508038267,-1.6397699406644433,-2.2789471012454348,-2.3326348344859884,True,True,0.7150000000001455,1.8599999999996726,0.2739999999998872,0.6613500000000196,2.8124291222493647
NFP_2020-11-06,NFP,2020-11-06 13:30:00+00:00,2020,5.586230094696734,3.35173805681804,-1.2442730993003255,0.25852930190571144,-1.4745879350403712,-0.01743349241772971,True,False,-2.1799999999998363,5.1099999999999,0.5139999999998963,0.9408333333333379,5.4313551815764844
CPI_2020-11-12,CPI,2020-11-12 13:30:00+00:00,2020,1.829592729883479,1.0977556379300875,-1.582466479767322,-1.6097949661475335,-2.0236602967388215,-2.014550801278751,True,True,-0.8450000000000273,2.2200000000000273,0.42000000000007276,0.6634166666666601,3.346313277226553
NFP_2020-12-04,NFP,2020-12-04 13:30:00+00:00,2020,3.7970654623878413,2.2782392774327045,1.5568658152522212,-1.256052065446243,1.117853851097461,-2.0148285105386115,False,True,4.545000000000073,6.638500000000022,0.8269999999999982,0.6019000000000005,11.02924073766409
CPI_2020-12-10,CPI,2020-12-10 13:30:00+00:00,2020,2.643955983394572,1.5863735900367433,0.7073715214675245,-1.4295778209139312,0.16229878107982626,-1.599581281444423,False,True,2.4400000000000546,2.540000000000191,0.5540000000000873,0.9366000000000099,2.711936792654457
NFP_2021-01-08,NFP,2021-01-08 13:30:00+00:00,2021,7.183554953389853,4.310132972033911,-0.5454648418632476,-1.351588463232741,-1.3042702015171668,-1.7907981146015803,False,True,-1.8084999999998672,7.2784999999998945,0.4980000000000473,1.138716666666653,6.391844620405997
CPI_2021-01-13,CPI,2021-01-13 13:30:00+00:00,2021,2.4998454207719734,1.499907252463184,1.0614709658783599,-1.7810381245993339,-1.9415707172680536,-1.9482377961714783,False,True,2.776499999999942,3.249500000000353,0.5240000000001146,0.8855499999999968,3.669470950257314
NFP_2021-02-05,NFP,2021-02-05 13:30:00+00:00,2021,5.601364908878266,3.3608189453269595,1.2445777556139166,-1.5394163101804135,0.9262330255333248,-2.0739285910333636,False,True,5.621999999999844,5.655999999999949,0.8540000000000418,0.8250999999999938,6.854926675554467
CPI_2021-02-10,CPI,2021-02-10 13:30:00+00:00,2021,2.0977703069681564,1.2586621841808938,2.17872081521571,-1.6757685473583859,-2.641439094449378,-2.633494150900845,False,True,4.017499999999927,4.903999999999996,0.6980000000000928,0.6812333333333337,7.198708225277674
NFP_2021-03-05,NFP,2021-03-05 13:30:00+00:00,2021,6.368826859576138,3.8212961157456826,-1.799293012564213,1.1201352814200676,-1.496061552634926,0.8617771824671945,True,False,-5.582000000000107,6.658000000000129,0.7899999999999636,0.9615666666666585,6.9241168925713446
CPI_2021-03-10,CPI,2021-03-10 13:30:00+00:00,2021,2.5213559216205756,1.5128135529723454,1.2170957857841969,-1.4140942853115352,0.7325535905086027,-2.022577728754411,False,True,2.9085000000000036,5.277000000000044,0.42399999999997817,0.7187666666666662,7.341742800167018
CPI_2021-04-13,CPI,2021-04-13 12:30:00+00:00,2021,2.1781671431595764,1.3069002858957457,-1.6483702109863492,-1.4907453315496297,-1.7405815306261492,-1.8484704044151758,True,True,-1.0000000000002274,5.310999999999922,0.41399999999998727,0.6209333333333575,8.55325316727461
NFP_2021-05-07,NFP,2021-05-07 12:30:00+00:00,2021,4.297473387931381,2.5784840327588285,3.0380703934855773,-2.146177338968912,2.7249918598418024,-2.5168478522848168,False,True,9.247499999999945,10.25,0.484000000000151,0.6488333333333647,15.797585409708972
CPI_2021-05-12,CPI,2021-05-12 12:30:00+00:00,2021,2.820292496051297,1.6921754976307783,-2.888785771241876,5.568670337795183,-1.4513846249627291,5.084580477643545,True,False,-10.430000000000064,10.731000000000222,0.4739999999999327,0.5189999999999941,20.67630057803534
NFP_2021-06-04,NFP,2021-06-04 12:30:00+00:00,2021,3.9397730322163897,2.3638638193298336,3.3146896770988614,-1.895635849813975,-1.745902181949687,-2.44433497088576,False,True,8.804499999999962,8.819499999999834,0.5839999999998327,0.5718500000000025,15.422750721342652
CPI_2021-06-10,CPI,2021-06-10 12:30:00+00:00,2021,5.380330390690148,3.2281982344140885,-1.483057622968139,0.8408393174443666,-1.7901044422846166,0.5653890707647531,True,False,-3.8999999999998636,6.244999999999891,0.4639999999999418,0.7400499999999965,8.438619012228795
NFP_2021-07-02,NFP,2021-07-02 12:30:00+00:00,2021,6.566290941945214,3.939774565167128,-1.2460351268326684,-1.2115153852203326,-1.5920435030611317,-1.4849307754114731,True,True,-2.6950000000001637,7.6935000000000855,0.5539999999998599,0.7314833333333544,10.517669575519877
CPI_2021-07-13,CPI,2021-07-13 12:30:00+00:00,2021,3.8747363400185586,2.324841804011135,-2.809142384971059,2.8258646840678905,-3.323208889598692,2.4840679654141655,True,False,-7.843499999999949,10.13650000000007,0.4170000000001437,0.49108333333331683,20.641099609707265
NFP_2021-08-06,NFP,2021-08-06 12:30:00+00:00,2021,5.046780914542094,3.028068548725256,-1.4220239504857946,2.6903334151498264,-1.7222060584445473,2.3989027603281983,True,False,-9.391500000000178,11.562000000000126,0.5240000000001146,0.5786999999999883,19.97926386728937
CPI_2021-08-11,CPI,2021-08-11 12:30:00+00:00,2021,5.297640948764546,3.1785845692587276,0.6422451898065401,-1.7677897905703455,0.4027868134709844,-2.1508655506984278,False,True,2.54300000000012,6.781500000000051,0.3970000000001619,0.6235499999999851,10.87563146499914
NFP_2021-09-03,NFP,2021-09-03 12:30:00+00:00,2021,6.7682879957898505,4.0609727974739105,1.7420851487606055,-2.1116712737732395,1.5175381632286766,-2.5484826705655146,False,True,8.254500000000007,10.435500000000047,0.5940000000000509,0.5218333333333438,19.997764292557978
CPI_2021-09-14,CPI,2021-09-14 12:30:00+00:00,2021,7.0732473577512875,4.243948414650772,-1.1806229742809629,-1.7739383857754807,-1.477517723437253,-2.243314025008748,True,True,3.643500000000131,10.308999999999742,0.38599999999996726,0.7281166666666763,14.158445304094498
NFP_2021-10-08,NFP,2021-10-08 12:30:00+00:00,2021,8.308772122344148,4.985263273406489,1.0299973879796516,-1.1711902721660299,0.8967278566503792,-1.4275225117925405,False,True,5.910000000000082,9.656000000000176,0.3670000000001892,0.5322666666666843,18.14128256512999
CPI_2021-10-13,CPI,2021-10-13 12:30:00+00:00,2021,7.086938516024,4.2521631096144,-0.23107907073891806,-0.25506686174567905,-0.4152610458444742,-0.4392488368512352,False,False,0.48749999999972715,3.303000000000111,0.4619999999999891,0.5661833333333334,5.833799417150118
NFP_2021-11-05,NFP,2021-11-05 12:30:00+00:00,2021,10.131034914389195,6.0786209486335165,-0.6296200293357803,0.2653198009266656,-0.7649209482366595,0.1300188820258239,False,False,-3.0670000000000073,5.637000000000171,0.4739999999999327,0.5970166666666652,9.441947460986881
CPI_2021-11-10,CPI,2021-11-10 13:30:00+00:00,2021,5.608259048196305,3.3649554289177828,-1.3711194687305968,0.7240048646895065,-1.6006951098702256,0.49205177749775836,True,False,-2.275499999999738,4.085000000000036,0.2860000000000582,0.4480500000000082,9.117286017185496
NFP_2021-12-03,NFP,2021-12-03 13:30:00+00:00,2021,11.499317504222994,6.899590502533796,0.8625877648556398,-1.108108901128615,0.7362766019424449,-1.2277530017019609,False,True,7.25,8.351000000000113,0.45100000000002183,0.6852166666666714,12.187385984968339
CPI_2021-12-10,CPI,2021-12-10 13:30:00+00:00,2021,5.182330819028059,3.1093984914168353,-0.15467705452606206,-1.1492424048779915,-0.3972979994073696,-1.4714607383487077,False,True,0.5065000000001874,3.2159999999998945,0.3320000000001073,0.5184166666666783,6.203504259764968
NFP_2022-01-07,NFP,2022-01-07 13:30:00+00:00,2022,9.129940189198054,5.477964113518833,0.5937609178513892,-1.1410989320966096,0.4423729235501319,-1.2836332721945232,False,True,4.410000000000082,4.906500000000051,0.4900000000000091,0.6020666666666746,8.149429741999755
CPI_2022-01-12,CPI,2022-01-12 13:30:00+00:00,2022,5.631338424148665,3.378803054489199,-0.5479580402120446,-0.05162843089314329,-0.7786268857857572,-0.28229727646685593,False,False,-0.6005000000000109,3.532000000000153,0.37800000000015643,0.5633333333333326,6.2698224852073805
NFP_2022-02-04,NFP,2022-02-04 13:30:00+00:00,2022,7.781830872146226,4.669098523287735,-1.4054837282334447,1.1052793112547932,-1.6817006453894252,0.9389337102514417,True,False,-5.8969999999999345,7.50649999999996,0.44399999999996,0.5131666666666774,14.627801234166553
CPI_2022-02-10,CPI,2022-02-10 13:30:00+00:00,2022,3.1811564569656823,1.9086938741794093,-1.2830855346318801,2.0836146402521694,-1.6477511362853559,1.68437041868857,True,False,-4.907000000000153,7.560500000000275,0.35400000000004184,0.41348333333335174,18.284896610101022
NFP_2022-03-04,NFP,2022-03-04 13:30:00+00:00,2022,13.12156494589678,7.872938967538068,0.04218603133716709,-0.284375626336157,-0.05539428818110797,-0.3819559458544032,False,False,0.32700000000022555,3.3265000000001237,0.3849999999999909,0.9786666666666747,3.39901226158048
CPI_2022-03-10,CPI,2022-03-10 13:30:00+00:00,2022,13.475644948682987,8.085386969209791,0.07096710425672091,-0.3243139147186813,-0.029511327152174298,-0.42479234612760464,False,False,1.2179999999998472,4.742999999999938,0.37400000000002365,1.7515499999999824,2.7078872998201513
NFP_2022-04-01,NFP,2022-04-01 12:30:00+00:00,2022,9.90353105156694,5.942118630940164,-0.39279325186251984,0.028941848973620482,-0.5324821829582348,-0.11074708212209448,False,False,-1.0950000000000273,2.7265000000002146,0.4420000000000073,0.9157500000000179,2.977340977341153
CPI_2022-04-12,CPI,2022-04-12 12:30:00+00:00,2022,5.013549740752183,3.00812984445131,1.4359264803571614,-1.4768467219573087,1.1736062213245544,-1.9702075397216743,False,True,5.1684999999999945,5.933499999999867,0.4179999999998927,0.8038833333333476,7.381046171707871
NFP_2022-05-06,NFP,2022-05-06 12:30:00+00:00,2022,5.609450405602345,3.365670243361407,0.659164398049927,-1.17018891193172,0.4003927605972902,-1.5350315468933688,False,True,3.574999999999818,3.7894999999998618,0.5740000000000691,0.6377499999999979,5.941983535868089
CPI_2022-05-11,CPI,2022-05-11 12:30:00+00:00,2022,4.7069332701432325,2.8241599620859392,-1.3051866570892166,1.6850830561611672,-1.2900004776320864,1.447804782622826,True,False,-4.739000000000033,5.574499999999944,0.2660000000000764,0.6896166666666734,8.083476327428121
NFP_2022-06-03,NFP,2022-06-03 12:30:00+00:00,2022,4.330408728732765,2.598245237239659,-1.1820868392171968,-0.8410874649851212,-1.4240589944967184,-1.7954635048058074,True,False,0.5789999999999509,4.629500000000007,0.6139999999998054,0.6146166666666659,7.532337229167252
CPI_2022-06-10,CPI,2022-06-10 12:30:00+00:00,2022,5.686383096276838,3.411829857766103,-1.2459188843558924,0.6060198885045159,-1.4980494230585584,0.3974143807064384,True,False,-2.9960000000000946,6.745999999999867,0.3990000000001146,0.8331166666666642,8.097305299377703
NFP_2022-07-08,NFP,2022-07-08 12:30:00+00:00,2022,4.883542989274279,2.9301257935645673,-2.2709160864746636,1.7239635960662825,-3.137820710699026,1.4490130796858585,True,False,-6.500500000000102,7.699500000000171,0.4959999999998672,0.7248666666666622,10.621953462706086
CPI_2022-07-13,CPI,2022-07-13 12:30:00+00:00,2022,3.972964701048856,2.3837788206293133,-1.160128668845918,1.4210671815207139,-1.50096578551488,1.1133707234212695,True,False,-4.100999999999885,8.222000000000207,0.44499999999993634,0.5138166666666658,16.001816471504533
NFP_2022-08-05,NFP,2022-08-05 12:30:00+00:00,2022,4.144925639337773,2.4869553836026634,-1.969435371576478,3.5525776450406488,-2.614318593275714,3.2241456171139236,True,False,-9.82400000000007,10.279500000000098,0.4479999999998654,0.6152333333333558,16.70829495584286
CPI_2022-08-10,CPI,2022-08-10 12:30:00+00:00,2022,4.415735305955224,2.649441183573134,-1.4716790182680717,-2.213722288444945,-1.7525888209142486,-2.495764405338568,True,True,14.670000000000073,15.33900000000017,0.2840000000001055,0.5457999999999894,28.103700989374254
NFP_2022-09-02,NFP,2022-09-02 12:30:00+00:00,2022,3.3552181565003125,2.0131308939001875,2.2161774048165896,-5.4802918346882565,1.8624549508233892,-6.777817796817636,False,True,5.637000000000171,9.829999999999927,0.52800000000002,0.49801666666668704,19.73829523777556
CPI_2022-09-13,CPI,2022-09-13 12:30:00+00:00,2022,5.31376868624305,3.18826121174583,-1.8864827724409434,3.810980137147058,-2.3236175011970315,3.5930871685783474,True,False,-13.041999999999916,16.36200000000008,0.42699999999990723,0.6568000000000022,24.911693057247298
NFP_2022-10-07,NFP,2022-10-07 12:30:00+00:00,2022,6.535242077562919,3.921145246537751,-1.8186114391697559,0.8066419887895685,-2.2011729373250706,0.5878081670233627,True,False,-4.401000000000067,9.151499999999942,0.7880000000000109,0.719966666666672,12.711005139126637
CPI_2022-10-13,CPI,2022-10-13 12:30:00+00:00,2022,10.788373512764906,6.473024107658944,-1.2613153549574392,2.139876983249793,-1.4113301523457462,2.021068619923888,True,False,-14.257000000000062,22.111999999999853,0.44399999999996,0.89533333333333,24.696947133283622
NFP_2022-11-04,NFP,2022-11-04 12:30:00+00:00,2022,7.066580953886648,4.239948572331989,-1.2429405475315047,0.1827842924929276,-1.8476667502810857,-0.04481469450826134,True,False,-2.4500000000000455,6.649999999999864,0.9259999999999309,0.6057166666666604,10.978730429518642
CPI_2022-11-10,CPI,2022-11-10 13:30:00+00:00,2022,11.112458245923682,6.667474947554209,3.0983715968182852,-2.1350188957548375,2.975705969060678,-2.8339896510494778,False,True,21.870499999999993,22.425000000000182,0.4860000000001037,0.546083333333316,41.06516099496577
NFP_2022-12-02,NFP,2022-12-02 13:30:00+00:00,2022,6.686230449786996,4.011738269872198,-2.0910714846477676,2.649890841542516,-2.2824256928135744,2.357208986193791,True,False,-12.599499999999807,13.265499999999975,0.8140000000000782,0.5644833333333281,23.500250966961108
CPI_2022-12-13,CPI,2022-12-13 13:30:00+00:00,2022,12.722962587531805,7.633777552519083,1.7470289588932206,-2.009171664288099,1.6058617461225844,-2.7495179818376907,False,True,14.943500000000085,23.558500000000095,0.43499999999994543,0.5129333333333458,45.92897062646125
NFP_2023-01-06,NFP,2023-01-06 13:30:00+00:00,2023,9.893710621938464,5.936226373163078,0.008488726142217523,-1.5007192178982562,-0.18780062112184065,-2.027353110118592,False,True,1.9500000000000455,8.704500000000053,0.8859999999999673,0.6726000000000151,12.941570026761609
CPI_2023-01-12,CPI,2023-01-12 13:30:00+00:00,2023,17.229561270201327,10.337736762120796,-1.839068205882601,0.11508292650278161,-2.2091304436847636,0.010214131238776994,True,False,-2.081000000000131,13.624500000000126,0.4859999999998763,0.6499833333333224,20.961306700172347
NFP_2023-02-03,NFP,2023-02-03 13:30:00+00:00,2023,9.348602429015079,5.609161457409047,-1.3831610230708324,1.6109585307202552,-1.5239569345447073,1.4597332528528362,True,False,-10.23350000000005,16.388500000000022,0.6139999999998054,0.6305999999999926,25.98874088170031
CPI_2023-02-14,CPI,2023-02-14 13:30:00+00:00,2023,18.9821618383932,11.38929710303592,-0.8837243342538695,0.629099490089707,-0.9718770965285943,0.5409467278149822,False,False,-9.139999999999873,10.304000000000087,0.6100000000001273,0.7161000000000134,14.3890518084065
NFP_2023-03-10,NFP,2023-03-10 13:30:00+00:00,2023,10.403635106965345,6.242181064179206,0.6471482096508173,-1.9211848513684924,0.48025663933440305,-2.936497822081541,False,True,5.366999999999734,6.804999999999836,0.8780000000001564,0.6366999999999962,10.687922098319268
CPI_2023-03-14,CPI,2023-03-14 12:30:00+00:00,2023,16.358035697492728,9.814821418495637,0.14878460725209952,-0.40731313179740597,0.055006915254019614,-0.5010908237954627,False,False,3.2840000000001055,10.53300000000013,0.7569999999998345,0.6594833333333364,15.971593924537006
CPI_2023-04-12,CPI,2023-04-12 12:30:00+00:00,2023,10.886069170241866,6.53164150214512,1.5443705302391546,-1.4250974042195863,1.4057452398428198,-1.488167415007069,False,True,10.969500000000153,14.021999999999935,0.59699999999998,0.4768500000000055,29.405473419313775
NFP_2023-05-05,NFP,2023-05-05 12:30:00+00:00,2023,7.928783440856463,4.757270064513877,-1.2441884462584973,1.7582688047067394,-1.136643763475759,1.5478790462051624,True,False,-9.323000000000093,13.51299999999992,0.6809999999998126,0.618166666666654,21.85980048530633
CPI_2023-05-10,CPI,2023-05-10 12:30:00+00:00,2023,15.770678301746361,9.462406981047817,1.1093216737584788,-1.0569347598376568,1.00059736058313,-1.0406380289626478,False,True,8.139999999999873,9.288000000000011,0.7470000000000709,0.6262333333333306,14.831532442646592
NFP_2023-06-02,NFP,2023-06-02 12:30:00+00:00,2023,9.425661191772662,5.655396715063596,-1.3687623326903915,0.30671694443286796,-1.6323668285570496,0.1324960984618122,True,False,-3.13149999999996,6.9849999999999,0.6320000000000618,0.541683333333333,12.894987846527624
CPI_2023-06-13,CPI,2023-06-13 12:30:00+00:00,2023,9.226454124395952,5.5358724746375705,-1.628419475213869,-1.2676813965913045,-2.134201556146494,-1.4922069985979955,True,True,7.236499999999978,20.760999999999967,0.7809999999999491,0.49963333333332305,41.552471812663406
NFP_2023-07-07,NFP,2023-07-07 12:30:00+00:00,2023,8.809386922288718,5.285632153373231,0.7073747172538216,-1.093923542581336,0.5076531192749821,-1.279644923017111,False,True,-0.12199999999984357,8.514000000000124,0.7409999999999854,0.5062666666667004,16.81722412430779
CPI_2023-07-12,CPI,2023-07-12 12:30:00+00:00,2023,7.683274426627229,4.609964655976337,1.8223531581980672,-1.1724637287605417,1.6521712243771294,-1.3521902043042886,False,True,9.272999999999683,10.264499999999998,0.4170000000001437,0.4160666666666771,24.670325268385856
NFP_2023-08-04,NFP,2023-08-04 12:30:00+00:00,2023,6.877009338361159,4.126205603016695,-2.6014863370240437,-1.1982600906714969,-3.7891477071742385,-1.425232541902616,True,True,3.194500000000062,11.643000000000029,0.5,0.4621833333333522,25.19130215282439
CPI_2023-08-10,CPI,2023-08-10 12:30:00+00:00,2023,8.937158030523634,5.36229481831418,0.8031452290335097,-1.1566500369985677,0.6430277738970874,-1.314156669628163,False,True,4.3819999999998345,6.0499999999999545,0.4800000000000182,0.43979999999999486,13.756252842201057
NFP_2023-09-01,NFP,2023-09-01 12:30:00+00:00,2023,6.830684854596336,4.098410912757801,1.1115029573582793,-1.1492513196610146,0.9191824905289059,-1.3887852075257814,False,True,5.5900000000001455,7.121499999999969,0.4670000000000982,0.3532166666666702,20.16184589251139
CPI_2023-09-13,CPI,2023-09-13 12:30:00+00:00,2023,5.877498880616696,3.5264993283700177,-1.5137283472750833,0.6016839370790372,-1.8280128251093277,-1.7074967097136455,True,False,-3.3050000000000637,8.309999999999945,0.47199999999998,0.2892333333333416,28.731128270138438
NFP_2023-10-06,NFP,2023-10-06 12:30:00+00:00,2023,7.353904390677838,4.412342634406702,-1.7065861887700533,0.9701098383933325,-2.2718383023641935,0.7902539056713913,True,False,-4.646500000000287,8.989499999999907,0.47199999999998,0.39773333333331873,22.601827019779343
CPI_2023-10-12,CPI,2023-10-12 12:30:00+00:00,2023,12.41049780235301,7.446298681411806,-0.3863570040753095,0.10019344937942083,-0.4958556066542439,-0.00930515319954411,False,False,-2.0549999999998363,3.820500000000038,0.5370000000000346,0.46479999999999866,8.219664371772911
NFP_2023-11-03,NFP,2023-11-03 12:30:00+00:00,2023,8.625643279820071,5.175385967892042,1.3771314920697124,-1.2346543889948425,1.2119986874243913,-1.2979590395140768,False,True,7.216499999999996,9.082999999999856,0.58400000000006,0.41053333333333436,22.12487820720973
CPI_2023-11-14,CPI,2023-11-14 13:30:00+00:00,2023,9.443248267970016,5.66594896078201,-1.6186277026989688,-1.1020328621418987,-1.8813593139972349,-1.214039501169606,True,True,10.470499999999902,17.964999999999918,0.47100000000000364,0.4781166666666726,37.57451110258939
NFP_2023-12-08,NFP,2023-12-08 13:30:00+00:00,2023,10.337342095544258,6.2024052573265545,-1.1223466318613824,1.3683000381142707,-1.2660001441737294,1.2281935368544052,True,False,-9.769999999999982,10.948499999999967,0.5169999999998254,0.4889166666666635,22.393386739389886
CPI_2023-12-12,CPI,2023-12-12 13:30:00+00:00,2023,15.701362376665067,9.42081742599904,0.33764729281578154,-0.5879624080935115,0.2433695927142283,-0.6822401081950648,False,False,4.625,10.981000000000222,0.6599999999998545,0.5880500000000173,18.67358217838602
NFP_2024-01-05,NFP,2024-01-05 13:30:00+00:00,2024,11.636332485958777,6.9817994915752655,-1.1027168582096696,1.4818603731722964,-1.23934295312287,1.3475259510606519,True,False,-11.460000000000036,11.599999999999909,0.6700000000000728,0.5227666666666703,22.189632085697564
CPI_2024-01-11,CPI,2024-01-11 13:30:00+00:00,2024,14.412210425280398,8.647326255168238,-1.1087022586051163,-1.5754361230279386,-1.333525544165494,-2.0887879000985285,True,True,-8.436500000000024,17.7974999999999,0.6469999999999345,0.6650166666666678,26.762487155710186
NFP_2024-02-02,NFP,2024-02-02 13:30:00+00:00,2024,11.159129611919074,6.695477767151444,-1.2069753318645908,1.5263620992274654,-1.3965888358073673,1.407542647103713,True,False,-11.165000000000191,11.605000000000018,0.44000000000005457,0.5005999999999858,23.182181382341884
CPI_2024-02-13,CPI,2024-02-13 13:30:00+00:00,2024,9.7411146313194,5.84466877879164,-1.654229643445981,1.0220554621805173,-1.908195908461038,0.8904229045253051,True,False,-7.211499999999887,14.59900000000016,0.23700000000008004,0.4287833333333462,34.04749873673508
NFP_2024-03-08,NFP,2024-03-08 13:30:00+00:00,2024,11.95307887216392,7.171847323298351,-1.1331328085582735,-0.9574458560618718,-1.307050481895809,-1.1810020651840818,True,False,7.099999999999454,15.525000000000546,0.8600000000001273,0.536216666666716,28.95284866191984
CPI_2024-03-12,CPI,2024-03-12 12:30:00+00:00,2024,19.04355902697094,11.426135416182563,-0.428147341319979,0.24837185948107735,-0.5015876577030014,0.17493154309801517,False,False,-3.5399999999999636,8.909999999999854,0.44000000000005457,0.6863333333333533,12.982030111704121
NFP_2024-04-05,NFP,2024-04-05 12:30:00+00:00,2024,17.449893816035495,10.469936289621296,-1.0811276388778337,0.8897535039668854,-1.175653046924572,0.8072625531044859,True,False,-13.129999999999654,13.598499999999603,0.4399999999995998,0.7756333333333487,17.532124285529246
CPI_2024-04-10,CPI,2024-04-10 12:30:00+00:00,2024,16.025301654135067,9.61518099248104,-1.0874529047529906,1.322850137709008,-1.3624464802321068,1.2210722303804318,True,False,-13.458000000000084,17.15650000000005,0.5799999999999272,0.7053999999999708,24.321661468671337
NFP_2024-05-03,NFP,2024-05-03 12:30:00+00:00,2024,13.803274153403873,8.281964492042324,2.6197685791634973,-1.3262758685519431,2.519207981397063,-1.680037262097579,False,True,23.133499999999913,24.536499999999705,0.3170000000000073,0.6192166666666632,39.625063924851034
CPI_2024-05-15,CPI,2024-05-15 12:30:00+00:00,2024,22.105813914724177,13.263488348834505,0.8533854520251386,-1.1393029950018687,0.7766888867441805,-1.1602072995639636,False,True,12.626500000000306,17.853000000000065,0.5099999999997635,0.8654666666666723,20.628177476505872
NFP_2024-06-07,NFP,2024-06-07 12:30:00+00:00,2024,28.7938843465077,17.27633060790462,-1.1010351434984087,0.9858084587828008,-1.2118916872556744,0.9322557501088263,True,False,-18.628499999999804,19.659499999999753,0.4270000000001346,1.263566666666649,15.558735853536309
CPI_2024-06-12,CPI,2024-06-12 12:30:00+00:00,2024,15.589727892160967,9.35383673529658,0.6721797031451474,-1.5305527779822814,0.554892900836471,-2.0466064291845734,False,True,7.866999999999734,13.299999999999727,0.487999999999829,0.6936499999999948,19.173934981618725
NFP_2024-07-05,NFP,2024-07-05 12:30:00+00:00,2024,13.95712601965929,8.374275611795573,-1.6718699203402947,0.370575395874096,-1.7666123239556815,0.2626975277600675,True,False,-3.875,17.561499999999796,0.44000000000005457,0.615233333333299,28.544454678443046
CPI_2024-07-11,CPI,2024-07-11 12:30:00+00:00,2024,13.52765403055058,8.116592418330349,1.6895467510516884,-1.6091281878962609,1.5805385300644799,-2.052882797511298,False,True,15.940000000000055,18.105000000000018,0.3769999999999527,0.6018999999999778,30.079747466357677
NFP_2024-08-02,NFP,2024-08-02 12:30:00+00:00,2024,21.891574491525805,13.134944694915482,1.2202822754331466,-1.452663885778336,1.1502157756209581,-1.8976843815450792,False,True,17.09999999999991,17.806500000000597,0.32799999999997453,0.846433333333357,21.037096837711296
CPI_2024-08-14,CPI,2024-08-14 12:30:00+00:00,2024,14.053567146210005,8.432140287726003,-0.1080620659651878,-1.4537465082077676,-0.21021750581881551,-1.8532167358205311,False,True,0.20499999999992724,9.420000000000073,0.35399999999981446,0.6253000000000156,15.064768910922497
NFP_2024-09-06,NFP,2024-09-06 12:30:00+00:00,2024,17.82456777005762,10.69474066203457,-1.2202915818546625,-0.7167730609131949,-1.3250537294751477,-0.8224702475698885,True,False,6.828500000000076,17.146499999999833,0.5039999999999054,0.7190000000000054,23.84770514603575
CPI_2024-09-11,CPI,2024-09-11 12:30:00+00:00,2024,13.853456925320843,8.312074155192505,-1.4913046092420248,0.23931036500167727,-2.100739619736272,0.11711836081160977,True,False,-4.890000000000327,13.045000000000073,0.45400000000017826,0.6961166666666714,18.73967486293004
NFP_2024-10-04,NFP,2024-10-04 12:30:00+00:00,2024,14.172376226367742,8.503425735820645,-1.134800349858003,1.653017258772318,-1.0892164861254598,1.52420082242881,True,False,-15.699999999999818,17.13500000000022,0.4339999999997417,0.6314999999999827,27.133808392716844
CPI_2024-10-10,CPI,2024-10-10 12:30:00+00:00,2024,14.483657039240727,8.690194223544436,-1.0323574789264047,-1.2664143880907388,-1.1307182264553908,-1.3159845114871558,True,True,5.808500000000095,19.000499999999647,0.4639999999999418,0.7277833333333168,26.10735795909966
NFP_2024-11-01,NFP,2024-11-01 12:30:00+00:00,2024,19.352157693364493,11.611294616018695,0.47293816336585837,-0.6731011406099219,0.38736189191121645,-0.7586774120645245,False,False,6.369999999999891,9.554999999999836,0.29700000000002547,0.7591833333333398,12.585892735614703
CPI_2024-11-13,CPI,2024-11-13 13:30:00+00:00,2024,16.63728300749588,9.982369804497528,0.7286436129347907,-1.0952218976173118,0.5993837252256904,-1.368986550051829,False,True,9.16800000000012,9.901499999999942,0.8099999999999454,0.83599999999999,11.843899521531172
NFP_2024-12-06,NFP,2024-12-06 13:30:00+00:00,2024,22.52693403560979,13.516160421365875,0.04091027575600356,-0.3206569036535739,-0.05827471896193655,-0.4198418983714804,False,False,2.5335000000000036,8.827000000000226,1.0070000000000618,1.003766666666676,8.793876398897629
CPI_2024-12-11,CPI,2024-12-11 13:30:00+00:00,2024,16.587836200487338,9.952701720292403,-0.2878710153804885,-0.4766639735949698,-0.5196360943335656,-0.7084290525480013,False,False,1.619499999999789,4.570000000000164,1.7970000000000255,0.875033333333325,5.222658184450353
NFP_2025-01-10,NFP,2025-01-10 13:30:00+00:00,2025,23.160183783596555,13.896110270157932,-1.221117432871932,0.32431503581823246,-1.4142337041038038,0.17793846277329467,True,False,-7.626499999999851,12.215500000000247,1.3600000000001273,1.031983333333316,11.836915970865602
CPI_2025-01-15,CPI,2025-01-15 13:30:00+00:00,2025,14.218712458678656,8.531227475207194,0.7728786472007373,-1.1427308061274126,0.6003603426218695,-1.3401576013798255,False,True,8.768000000000029,8.873000000000047,1.1530000000002474,0.841233333333336,10.547608669810222
NFP_2025-02-07,NFP,2025-02-07 13:30:00+00:00,2025,14.426223868014555,8.655734320808733,-0.3119711453606718,-1.576393041223337,-0.49909318954196347,-2.161112778730999,False,True,-0.875,10.7199999999998,1.137000000000171,0.8581166666666226,12.492473828345428
CPI_2025-02-12,CPI,2025-02-12 13:30:00+00:00,2025,17.619796089571075,10.571877653742645,-1.5307864771090156,0.8143030908943636,-2.0716624583947825,0.6261553686875869,True,False,-10.86349999999993,12.403499999999894,1.23700000000008,1.3096000000000307,9.47121258399481
NFP_2025-03-07,NFP,2025-03-07 13:30:00+00:00,2025,14.872725290756591,8.923635174453954,0.4836898601991436,-1.6680117305346862,0.272121786976611,-2.2833390262671287,False,True,6.845000000000255,9.558500000000095,1.5070000000000618,1.1861000000000028,8.058764016524805
CPI_2025-03-12,CPI,2025-03-12 12:30:00+00:00,2025,8.571096143842503,5.142657686305502,0.7424355037605018,-2.07497932020943,0.5020312662215973,-2.647702001682727,False,True,5.021499999999833,6.885000000000218,0.7770000000000437,0.765566666666685,8.993338267949737
NFP_2025-04-04,NFP,2025-04-04 12:30:00+00:00,2025,48.78062929233267,29.2683775753996,-0.03723050576319299,-0.14246353386888141,-0.09802489026286276,-0.20325791836853566,False,False,1.2384999999999309,13.345000000000255,1.4400000000000546,4.010016666666631,3.327916342824936
CPI_2025-04-10,CPI,2025-04-10 12:30:00+00:00,2025,18.131046409571173,10.878627845742704,0.09030490921562807,-1.6401523016510293,-0.1661808387633468,-1.8925014985283242,False,True,5.429999999999836,8.259999999999764,2.8400000000001455,1.8113999999999957,4.560008832946772
NFP_2025-05-02,NFP,2025-05-02 12:30:00+00:00,2025,14.435021574583523,8.661012944750114,-1.807629384677292,0.538516514148274,-2.426702815718669,0.31200686539075306,True,False,-8.045000000000073,8.575000000000728,1.4400000000000546,1.3993666666666362,6.127772087373512
CPI_2025-05-13,CPI,2025-05-13 12:30:00+00:00,2025,15.670248823016749,9.40214929381005,0.10486676707515705,-1.7643866824069103,-0.04914631597105075,-1.698769132555217,False,True,2.5799999999999272,7.599999999999909,0.9700000000002547,1.697333333333313,4.477611940298508
NFP_2025-06-06,NFP,2025-06-06 12:30:00+00:00,2025,10.418442743484208,6.251065646090525,-2.27653968230201,0.6269652603074586,-3.355811342841786,0.2787689489535252,True,False,-8.28500000000031,9.3100000000004,1.669999999999618,1.2364166666666583,7.529824088427954
CPI_2025-06-11,CPI,2025-06-11 12:30:00+00:00,2025,10.60371175384488,6.362227052306928,0.7005329994288241,-2.1643443226388936,0.47103788899098537,-2.9434897318242186,False,True,6.626500000000306,13.281500000000051,0.8299999999999272,1.4917999999999514,8.903003083523584
NFP_2025-07-03,NFP,2025-07-03 12:30:00+00:00,2025,8.285984102286745,4.971590461372047,-3.1922300264490584,2.1795921715984825,-4.227798169079106,1.8533543785618645,True,False,-13.371499999999742,19.699999999999818,1.156999999999698,1.063083333333331,18.531002586814953
CPI_2025-07-15,CPI,2025-07-15 12:30:00+00:00,2025,9.511308883596534,5.7067853301579206,-0.055622847476474176,-2.0971399759431484,-0.32772968349039305,-3.08129392165399,False,True,1.4535000000000764,6.025000000000091,0.8969999999999345,1.0629333333333535,5.668276467636707
NFP_2025-08-01,NFP,2025-08-01 12:30:00+00:00,2025,8.303391359004003,4.982034815402401,1.7472419046707997,-1.6850905927123474,1.4310337571223504,-2.537224340729228,False,True,10.918499999999767,12.21349999999984,1.1900000000000546,1.065316666666672,11.46466621818218
CPI_2025-08-12,CPI,2025-08-12 12:30:00+00:00,2025,9.5526880190814,5.73161281144884,1.1405149327154378,-2.477489402570108,0.7706330042352766,-3.6982662118520113,False,True,9.920000000000073,13.242499999999836,1.349999999999909,1.3111666666666528,10.09978390746153
NFP_2025-09-05,NFP,2025-09-05 12:30:00+00:00,2025,9.290798510551664,5.574479106330998,2.7983896257290146,-2.5933249052061984,2.3219556936358643,-2.574286534450025,False,True,19.31349999999975,19.734999999999673,1.6400000000003274,1.1919999999999769,16.55620805369132
CPI_2025-09-11,CPI,2025-09-11 12:30:00+00:00,2025,9.063700162810262,5.438220097686157,-1.9763674799725508,-1.9327870445096833,-2.6168974028937466,-2.8004133294419704,True,True,7.866500000000087,21.610000000000127,1.4369999999998981,1.2440499999999701,17.370684458020694
CPI_2025-10-24,CPI,2025-10-24 12:30:00+00:00,2025,14.78960588976854,8.873763533861123,2.9286651487648854,-2.1003735257176905,2.7099376615387425,-2.7477241090502744,False,True,29.286499999999705,31.306500000000142,0.6900000000000546,2.0299666666666707,15.422174419941253
NFP_2025-11-20,NFP,2025-11-20 13:30:00+00:00,2025,25.441378604092876,15.264827162455724,-1.1822948146041103,0.013853677984632004,-1.1822327110512965,-0.1222141580867618,True,False,-3.9549999999999272,22.965000000000146,1.0099999999997635,2.678816666666671,8.572815111149865
NFP_2025-12-16,NFP,2025-12-16 13:30:00+00:00,2025,14.667770291093609,8.800662174656164,0.2819467218211693,-0.70172925939423,0.1036801017799781,-0.8799958794354212,False,False,4.414999999999964,5.904999999999745,0.8870000000006257,1.4640333333333728,4.033378110698472
CPI_2025-12-18,CPI,2025-12-18 13:30:00+00:00,2025,15.46256777456405,9.27754066473843,0.6739167443117463,-1.374309255087543,0.4763514555960415,-1.284998948623509,False,True,9.75799999999981,15.208000000000538,0.6899999999995998,1.6273999999999433,9.344967432715416
NFP_2026-01-09,NFP,2026-01-09 13:30:00+00:00,2026,21.811466343021905,13.086879805813142,-1.1204140763550536,-0.09251436308466894,-1.3216040268297125,-0.24136181403578785,True,False,-2.25,14.863499999999476,0.8969999999999345,2.177066666666633,6.827305854972917
CPI_2026-01-13,CPI,2026-01-13 13:30:00+00:00,2026,19.762510984994965,11.857506590996978,0.6017133488601606,-1.135329750541394,0.4334351375273578,-1.3505824244836977,False,True,10.415000000000873,13.485000000000582,1.1499999999996362,2.032683333333398,6.634087946146795
NFP_2026-02-11,NFP,2026-02-11 13:30:00+00:00,2026,50.669446953525856,30.401668172115514,-1.173099443033618,1.7805542674019625,-1.2268912281008955,1.6839687779683976,True,False,-60.001500000000306,64.83150000000023,1.6900000000005093,5.057466666666627,12.818967335424999
CPI_2026-02-13,CPI,2026-02-13 13:30:00+00:00,2026,28.897655164609244,17.338593098765546,1.4184120280064718,-1.3796812038747075,1.2901742876468902,-1.8121535479274864,False,True,27.56500000000051,32.14849999999933,1.0700000000006185,2.9722833333333103,10.816095370001596
NFP_2026-03-06,NFP,2026-03-06 13:30:00+00:00,2026,40.03288394787243,24.019730368723454,1.3223131364270881,-1.1386636977247158,1.217949350426243,-1.3022288143887932,False,True,35.928499999999985,39.212000000000444,1.4899999999997817,3.9957999999999934,9.813303969167753
CPI_2026-03-11,CPI,2026-03-11 12:30:00+00:00,2026,27.01006930293948,16.20604158176369,-0.3029173395139587,0.0413986966907614,-0.4163430635394958,-0.07202702733483177,False,False,-3.4885000000003856,12.091500000000451,0.7899999999999636,2.582733333333287,4.681668000310008
CPI_2026-04-10,CPI,2026-04-10 12:30:00+00:00,2026,20.864011859105112,12.518407115463067,0.9768224533051697,-2.2040135454549303,0.8409443272534844,-2.2918823685292993,False,True,13.59649999999965,15.264999999999418,0.7070000000003347,2.0697333333333368,7.375346260387518
NFP_2026-05-08,NFP,2026-05-08 12:30:00+00:00,2026,19.836171005118384,11.90170260307103,-0.32020847160263627,-0.05806110462054422,-0.4741403972355225,-0.21199303025335403,False,False,-2.2359999999998763,12.22649999999885,1.1099999999996726,2.157733333333302,5.666362849903769
CPI_2026-05-12,CPI,2026-05-12 12:30:00+00:00,2026,18.239075520226272,10.943445312135763,-0.4002049971541795,0.0585170832160211,-0.54999722010072,-0.09127513973051946,False,False,-4.0534999999999854,9.390000000000327,0.7600000000002183,2.1816666666666453,4.304048892284379
NFP_2026-06-05,NFP,2026-06-05 12:30:00+00:00,2026,15.793722391149071,9.476233434689442,-1.6518639613390111,1.1996909508775004,-2.314563655608968,0.9951901844754334,True,False,-14.75500000000011,19.045000000000073,1.1199999999998909,2.0511166666667275,9.285186118130534
CPI_2026-06-10,CPI,2026-06-10 12:30:00+00:00,2026,25.827209176740944,15.496325506044565,1.6243076457177954,-1.6493716520106627,1.5189020126621726,-1.3837215791340602,False,True,27.823499999999513,34.08649999999943,0.7700000000004366,3.6871166666666038,9.244757647122643
NFP_2026-07-02,NFP,2026-07-02 12:30:00+00:00,2026,17.773421353997396,10.664052812398436,4.802449772234615,-1.5398856596910486,4.645582207020037,-2.1295155228036413,False,True,52.129999999999654,55.20600000000013,0.9500000000002728,2.2061666666666495,25.023494749565867
CPI_2026-07-14,CPI,2026-07-14 12:30:00+00:00,2026,13.59148608603938,8.154891651623627,6.016265401911491,-5.167819426713006,5.406690779419682,-6.33227573167323,False,True,57.534999999999854,60.474999999999454,0.9400000000000546,1.9403333333333346,31.16732520185505
NFP_2026-08-07,NFP,2026-08-07 12:30:00+00:00,2026,22.211543971527686,13.32692638291661,3.459512656954426,-2.29387696920037,3.267746084035063,-3.269395151447142,False,True,43.17000000000007,45.38500000000022,1.5399999999999636,2.3259999999999765,19.512037833190316
CPI_2026-08-12,CPI,2026-08-12 12:30:00+00:00,2026,13.80992133848174,8.285952803089044,-1.4484853806462015,-1.327799199616158,-1.96431779021623,-1.777254209619531,True,True,-33.414999999999964,50.340000000000146,0.839999999999236,1.6618333333333035,30.291846354428472
NFP_2026-09-04,NFP,2026-09-04 12:30:00+00:00,2026,22.511565857633833,13.5069395145803,-3.965546743004219,4.997253443471717,-4.402344434563546,4.806995687654769,True,False,-70.32500000000073,82.6299999999992,1.2299999999995634,1.989333333333237,41.53652815013566
CPI_2026-09-11,CPI,2026-09-11 12:30:00+00:00,2026,19.096360888863014,11.457816533317809,-4.302583599296388,3.775657113569803,-5.295131085715876,3.630478754747031,True,False,-44.54500000000007,56.54650000000038,0.6999999999998181,2.2979833333333013,24.607010494709638
