group,model,features,adapt,tau,n_trades,trade_share,mean_R,t,win_rate,avg_win_R,avg_loss_R,pf,total_R,max_dd_R,worst_R,max_loss_streak,cvar10_R
CPI,ridge,PRICE,expanding,0.0,35,0.546875,-0.23410864857143376,-3.3374902899184247,0.2,0.30009057261904243,-0.3676584538690529,0.2040552647851831,-8.193802700000182,8.558973783333498,-1.0,6.0,-1.0
CPI,ridge,PRICE,expanding,0.1,27,0.421875,-0.3031899209876594,-3.937765303270266,0.14814814814814814,0.2683590854166577,-0.40258974818841015,0.11592730689210604,-8.186127866666803,8.55129895000012,-1.0,9.0,-1.0
CPI,ridge,PRICE,expanding,0.2,10,0.15625,-0.2754125716666711,-1.9621354217871843,0.1,0.6487116999999974,-0.37809304629630097,0.19063846448339897,-2.754125716666711,3.1192968000000287,-1.0,8.0,-1.0
CPI,ridge,PRICE,expanding,0.3,6,0.09375,-0.18213210833332974,-0.9246943628227752,0.16666666666666666,0.6487116999999974,-0.3483008699999952,0.37250076349221084,-1.0927926499999785,1.741504349999976,-0.8046818333333476,5.0,-0.8046818333333476
CPI,ridge,PRICE,rolling5y,0.0,41,0.640625,-0.24984385406504148,-3.826720550092243,0.1951219512195122,0.30970677812499525,-0.385492492171717,0.19476496322309814,-10.2435980166667,10.608769100000016,-1.0,10.0,-1.0
CPI,ridge,PRICE,rolling5y,0.1,26,0.40625,-0.24904448429487488,-3.2206853889364124,0.19230769230769232,0.2830460966666578,-0.37573271785714457,0.1793613507019594,-6.475156591666747,6.840327675000065,-1.0,8.0,-1.0
CPI,ridge,PRICE,rolling5y,0.2,13,0.203125,-0.15703361474359162,-1.5787594015401085,0.23076923076923078,0.3648472416666537,-0.3135978716666652,0.34902715352717384,-2.041436991666691,2.5419136000000058,-0.8046818333333476,5.0,-0.8046818333333476
CPI,ridge,PRICE,rolling5y,0.3,4,0.0625,-0.20888478750000178,-0.6802312618735842,0.25,0.6487116999999974,-0.4947502833333349,0.4370633845350302,-0.8355391500000071,1.4842508500000045,-0.8046818333333476,3.0,-0.8046818333333476
CPI,ridge,PRICE,decay3y,0.0,38,0.59375,-0.19572205855263192,-2.8832654066825287,0.21052631578947367,0.36066181874999853,-0.3440910925000001,0.2795087902486159,-7.437438225000013,7.802609308333332,-1.0,9.0,-1.0
CPI,ridge,PRICE,decay3y,0.1,19,0.296875,-0.25853732280702707,-2.905806912635716,0.15789473684210525,0.27144926666665015,-0.3579098083333416,0.14220548393743349,-4.912209133333515,5.277380216666833,-1.0,9.0,-1.0
CPI,ridge,PRICE,decay3y,0.2,8,0.125,-0.33854403333333494,-1.9725804294782612,0.125,0.6487116999999974,-0.47958056666666815,0.19323781329198844,-2.7083522666666795,3.357063966666677,-1.0,7.0,-1.0
CPI,ridge,PRICE,decay3y,0.3,5,0.078125,-0.21477986333332716,-0.9028365486649313,0.2,0.6487116999999974,-0.4306527541666583,0.37658629471399624,-1.0738993166666357,1.722611016666633,-0.8046818333333476,4.0,-0.8046818333333476
CPI,ridge,PRICE+MACRO,expanding,0.0,44,0.6875,-0.17335647007575886,-2.851120047941338,0.3409090909090909,0.23272012777778045,-0.38339608965517574,0.31396376523641956,-7.62768468333339,8.050657241666652,-1.0,5.0,-1.0
CPI,ridge,PRICE+MACRO,expanding,0.1,29,0.453125,-0.14145470000000293,-1.7684623161342798,0.3448275862068966,0.27559511916665547,-0.36095460482456,0.4018512599106282,-4.102186300000085,5.523341366666613,-1.0,4.0,-1.0
CPI,ridge,PRICE+MACRO,expanding,0.2,17,0.265625,-0.16752059754902554,-1.4450547097086148,0.35294117647058826,0.3027109597222067,-0.42401053787878856,0.3894126541415976,-2.847850158333434,4.052139574999994,-1.0,4.0,-1.0
CPI,ridge,PRICE+MACRO,expanding,0.3,10,0.15625,-0.18812008666668215,-1.0053525074223661,0.4,0.373894249999978,-0.5627963111111222,0.44290061681676973,-1.8812008666668214,3.376777866666733,-1.0,6.0,-1.0
CPI,ridge,PRICE+MACRO,rolling5y,0.0,40,0.625,-0.1624684631250024,-2.1997628080859233,0.375,0.2741659372222178,-0.42444910333333463,0.3875601598435784,-6.498738525000096,7.2447044583331035,-1.0,4.0,-1.0
CPI,ridge,PRICE+MACRO,rolling5y,0.1,24,0.375,-0.12940008472222864,-1.3903040622097769,0.4583333333333333,0.258205941666657,-0.45737441474359347,0.47768730300207024,-3.1056020333334873,4.578236708333255,-1.0,2.0,-1.0
CPI,ridge,PRICE+MACRO,rolling5y,0.2,15,0.234375,-0.16806748722222234,-1.1565140238826606,0.4666666666666667,0.3580059083333254,-0.6283817083333265,0.49851096178867893,-2.521012308333335,4.263498508333251,-1.0,3.0,-1.0
CPI,ridge,PRICE+MACRO,rolling5y,0.3,9,0.140625,-0.14007094629630923,-0.7536882380647841,0.4444444444444444,0.373894249999978,-0.551243103333339,0.5426197592155744,-1.260638516666783,2.756215516666695,-1.0,5.0,-1.0
CPI,ridge,PRICE+MACRO,decay3y,0.0,42,0.65625,-0.1681128831349212,-2.6436868729767204,0.35714285714285715,0.23272012777778045,-0.3907978891975332,0.3308333116691788,-7.06074109166669,7.776540041666445,-1.0,5.0,-1.0
CPI,ridge,PRICE+MACRO,decay3y,0.1,25,0.390625,-0.13821845866666838,-1.4874019028489611,0.4,0.27559511916665547,-0.41409417722221764,0.44369153093848235,-3.4554614666667094,5.173773474999923,-1.0,4.0,-1.0
CPI,ridge,PRICE+MACRO,decay3y,0.2,13,0.203125,-0.15068023782052295,-1.0150333208890663,0.46153846153846156,0.3027109597222067,-0.5393012642857198,0.4811161294947089,-1.9588430916667983,3.45442009166671,-1.0,3.0,-1.0
CPI,ridge,PRICE+MACRO,decay3y,0.3,10,0.15625,-0.22606385166667833,-1.2079107224693726,0.4,0.373894249999978,-0.6260359194444493,0.3981605936517462,-2.2606385166667833,3.756215516666695,-1.0,6.0,-1.0
CPI,ridge,PRICE+RATES,expanding,0.0,43,0.671875,-0.19155736996124642,-3.1220045367244973,0.32558139534883723,0.2058421672618947,-0.38340542241379727,0.25918277347645974,-8.236966908333596,8.236966908333596,-1.0,5.0,-1.0
CPI,ridge,PRICE+RATES,expanding,0.1,30,0.46875,-0.18209597361111743,-2.313512773233688,0.3333333333333333,0.23820096083331924,-0.39224444083333576,0.30363841527907154,-5.462879208333523,5.828050291666841,-1.0,4.0,-1.0
CPI,ridge,PRICE+RATES,expanding,0.2,22,0.34375,-0.1862289579545525,-1.9565154590314677,0.36363636363636365,0.2300497218749958,-0.4241024892857229,0.30996513165949585,-4.097037075000155,4.748264141666823,-1.0,3.0,-1.0
CPI,ridge,PRICE+RATES,expanding,0.3,15,0.234375,-0.21580422166667731,-2.3755905112687588,0.2,0.23345717499998705,-0.3281195708333434,0.17787507645997994,-3.2370633250001597,3.23706332500016,-1.0,4.0,-1.0
CPI,ridge,PRICE+RATES,rolling5y,0.0,38,0.59375,-0.2137922962719372,-2.872322802908129,0.2894736842105263,0.2989329886363521,-0.4226803753086476,0.2881314605627316,-8.124107258333613,8.124107258333613,-1.0,4.0,-1.0
CPI,ridge,PRICE+RATES,rolling5y,0.1,27,0.421875,-0.1851848438271634,-2.1827125715490663,0.3333333333333333,0.25857916296294864,-0.4070668472222194,0.31761265345908807,-4.999990783333412,5.36516186666673,-1.0,4.0,-1.0
CPI,ridge,PRICE+RATES,rolling5y,0.2,18,0.28125,-0.197791921759273,-1.7783113428129491,0.3888888888888889,0.22774094285712396,-0.4685855628787983,0.3092840796354801,-3.5602545916669137,3.605566433333517,-1.0,4.0,-1.0
CPI,ridge,PRICE+RATES,rolling5y,0.3,11,0.171875,-0.2745605469697032,-1.8871131054607613,0.36363636363636365,0.19162969583332295,-0.5409549714285753,0.20242476567716602,-3.0201660166667352,3.0201660166667357,-1.0,3.0,-1.0
CPI,ridge,PRICE+RATES,decay3y,0.0,42,0.65625,-0.2170445323412764,-3.4201088472768926,0.30952380952380953,0.21746101538460552,-0.41182288132184414,0.23670982978175742,-9.11587035833361,9.115870358333607,-1.0,5.0,-1.0
CPI,ridge,PRICE+RATES,decay3y,0.1,28,0.4375,-0.1895251464285785,-2.2568844146191385,0.32142857142857145,0.25857916296294864,-0.401785082456144,0.3048517030993291,-5.306704100000198,5.671875183333516,-1.0,4.0,-1.0
CPI,ridge,PRICE+RATES,decay3y,0.2,18,0.28125,-0.29369834351852986,-2.589980523284561,0.2777777777777778,0.23714419333331685,-0.49786855000000946,0.1831995717106394,-5.286570183333538,5.286570183333538,-1.0,5.0,-1.0
CPI,ridge,PRICE+RATES,decay3y,0.3,9,0.140625,-0.3268083453703841,-2.670712620035411,0.1111111111111111,0.11538599999998193,-0.3820826385416799,0.037749032657039626,-2.941275108333457,2.9412751083334574,-1.0,6.0,-1.0
CPI,ridge,PRICE+DXYFX,expanding,0.0,37,0.578125,-0.2336757164414455,-3.5177031712256426,0.1891891891891892,0.3378472535714212,-0.36703107611111446,0.21478024876963395,-8.646001508333484,9.0111725916668,-1.0,9.0,-1.0
CPI,ridge,PRICE+DXYFX,expanding,0.1,26,0.40625,-0.24603566346154482,-3.4309112762310257,0.15384615384615385,0.3209868312499869,-0.34913066250000513,0.16716160542172748,-6.396927250000165,6.762098333333484,-1.0,10.0,-1.0
CPI,ridge,PRICE+DXYFX,expanding,0.2,14,0.21875,-0.2204314767857151,-2.5091327443990243,0.07142857142857142,0.6487116999999974,-0.2872886442307699,0.17369604055744017,-3.086040675000011,3.451211758333329,-0.8046818333333476,12.0,-0.8046818333333476
CPI,ridge,PRICE+DXYFX,expanding,0.3,5,0.078125,-0.3638330866666669,-3.025900457074356,0.0,0.0,-0.3638330866666669,0.0,-1.8191654333333345,1.8191654333333345,-0.8046818333333476,5.0,-0.8046818333333476
CPI,ridge,PRICE+DXYFX,rolling5y,0.0,38,0.59375,-0.263464269078947,-3.897046910695963,0.15789473684210525,0.3850222722222157,-0.38505549557291496,0.18748382212868606,-10.011642224999985,10.3768133083333,-1.0,10.0,-1.0
CPI,ridge,PRICE+DXYFX,rolling5y,0.1,26,0.40625,-0.20620120384615476,-2.3188153339537476,0.23076923076923078,0.3850222722222157,-0.3835682466666659,0.3011372361253981,-5.361231300000024,5.726402383333342,-1.0,6.0,-1.0
CPI,ridge,PRICE+DXYFX,rolling5y,0.2,12,0.1875,-0.16207354791666578,-1.5007845558473958,0.25,0.3648472416666537,-0.3377138111111056,0.3601148168092158,-1.9448825749999894,2.4453591833333044,-0.8046818333333476,4.0,-0.8046818333333476
CPI,ridge,PRICE+DXYFX,rolling5y,0.3,4,0.0625,-0.2669268229166638,-1.1309604106398978,0.25,0.3304440249999819,-0.46605043888887904,0.23634353525325189,-1.0677072916666552,1.2030128166666525,-0.8046818333333476,2.0,-0.8046818333333476
CPI,ridge,PRICE+DXYFX,decay3y,0.0,32,0.5,-0.19034634114583684,-2.74916462271842,0.1875,0.3850222722222157,-0.32312371346154123,0.2749760846639853,-6.091082916666779,6.456254000000095,-1.0,8.0,-0.9348939444444492
CPI,ridge,PRICE+DXYFX,decay3y,0.1,20,0.3125,-0.28469183291667266,-3.4701456059602553,0.1,0.3494808999999843,-0.3551554699074123,0.10933581037406663,-5.693836658333454,6.059007741666772,-1.0,15.0,-1.0
CPI,ridge,PRICE+DXYFX,decay3y,0.2,9,0.140625,-0.30391470925926317,-1.9778137884364198,0.1111111111111111,0.6487116999999974,-0.42299301041667076,0.19170284260754739,-2.7352323833333685,3.1004034666666858,-1.0,7.0,-1.0
CPI,ridge,PRICE+DXYFX,decay3y,0.3,3,0.046875,-0.4930277833333195,-3.085784401717247,0.0,0.0,-0.4930277833333195,0.0,-1.4790833499999585,1.4790833499999585,-0.8046818333333476,3.0,-0.8046818333333476
CPI,ridge,PRICE+VOLRISK,expanding,0.0,39,0.609375,-0.19858522606837709,-3.433318797052359,0.2564102564102564,0.21496907250000277,-0.3411901566091977,0.21726085862499644,-7.744823816666706,8.109994900000023,-1.0,7.0,-1.0
CPI,ridge,PRICE+VOLRISK,expanding,0.1,24,0.375,-0.23318831354166983,-2.963492379391173,0.20833333333333334,0.273652298333324,-0.36656742192982616,0.19645434485195945,-5.596519525000076,5.961690608333395,-1.0,6.0,-1.0
CPI,ridge,PRICE+VOLRISK,expanding,0.2,17,0.265625,-0.3180381156862785,-3.258481576449577,0.17647058823529413,0.26109198888888036,-0.44213742380952686,0.1265404833892416,-5.406647966666735,5.771819050000052,-1.0,7.0,-1.0
CPI,ridge,PRICE+VOLRISK,expanding,0.3,8,0.125,-0.2971080166666695,-1.6647774780332596,0.25,0.3494808999999843,-0.5126376555555542,0.22724361363404325,-2.376864133333356,3.075825933333325,-1.0,6.0,-1.0
CPI,ridge,PRICE+VOLRISK,rolling5y,0.0,39,0.609375,-0.27347989700854797,-4.644556342325963,0.15384615384615385,0.2442467638888767,-0.3676120171717161,0.12080264096618624,-10.66571598333337,10.665715983333369,-1.0,9.0,-1.0
CPI,ridge,PRICE+VOLRISK,rolling5y,0.1,25,0.390625,-0.20922911066666836,-3.0264060642139925,0.2,0.2798666649999859,-0.3315030545833319,0.211058888546104,-5.230727766666709,5.595898850000026,-1.0,7.0,-0.9023409166666738
CPI,ridge,PRICE+VOLRISK,rolling5y,0.2,12,0.1875,-0.21669302361112208,-2.19881543988698,0.16666666666666666,0.3494808999999843,-0.32992780833334334,0.21185295156865674,-2.600316283333465,2.9654873666667827,-0.8046818333333476,8.0,-0.8046818333333476
CPI,ridge,PRICE+VOLRISK,rolling5y,0.3,7,0.109375,-0.19531844404761636,-1.150091776354419,0.2857142857142857,0.3494808999999843,-0.4132381816666566,0.3382851977428331,-1.3672291083333146,2.066190908333283,-0.8046818333333476,5.0,-0.8046818333333476
CPI,ridge,PRICE+VOLRISK,decay3y,0.0,40,0.625,-0.20740916166666828,-3.3585120992464677,0.25,0.24355235500000466,-0.3577296672222259,0.22694264907836778,-8.296366466666731,8.661537550000048,-1.0,8.0,-1.0
CPI,ridge,PRICE+VOLRISK,decay3y,0.1,19,0.296875,-0.241223268421053,-3.079658428490401,0.15789473684210525,0.26109198888888036,-0.3354073791666655,0.14595608492065767,-4.583242100000007,4.948413183333325,-1.0,9.0,-1.0
CPI,ridge,PRICE+VOLRISK,decay3y,0.2,12,0.1875,-0.27527253958333453,-2.271184093945722,0.25,0.26109198888888036,-0.4540607157407395,0.19167186225520785,-3.3032704750000144,3.6684415583333316,-1.0,4.0,-1.0
CPI,ridge,PRICE+VOLRISK,decay3y,0.3,7,0.109375,-0.1899312488095196,-1.1208070211878354,0.2857142857142857,0.3494808999999843,-0.40569610833332115,0.3445740718940786,-1.3295187416666372,2.028480541666606,-0.8046818333333476,5.0,-0.8046818333333476
CPI,ridge,PRICE+CONSENSUS,expanding,0.0,37,0.578125,-0.21822521081081533,-3.6025301275433264,0.21621621621621623,0.24811291770833088,-0.34687021178161437,0.19732147786499307,-8.074332800000168,8.28561615000016,-1.0,6.0,-1.0
CPI,ridge,PRICE+CONSENSUS,expanding,0.1,23,0.359375,-0.21690271231885166,-2.80777457660633,0.21739130434782608,0.22473728833332038,-0.3395804902777884,0.18383572179298643,-4.988762383333588,5.3539334666669065,-1.0,6.0,-1.0
CPI,ridge,PRICE+CONSENSUS,expanding,0.2,16,0.25,-0.26643044687500844,-2.516967817057476,0.1875,0.31935011388888296,-0.40161057628206037,0.1835015920408561,-4.262887150000135,4.628058233333453,-1.0,6.0,-1.0
CPI,ridge,PRICE+CONSENSUS,expanding,0.3,10,0.15625,-0.16416189416667068,-1.3283283874204495,0.2,0.4516265999999973,-0.31810901770833766,0.3549306800963412,-1.6416189416667069,2.0067900250000243,-0.8046818333333476,4.0,-0.8046818333333476
CPI,ridge,PRICE+CONSENSUS,rolling5y,0.0,41,0.640625,-0.22457056056910413,-3.741941111455472,0.21951219512195122,0.26243595092592353,-0.36154114192708064,0.2041541131515339,-9.20739298333327,9.418676333333261,-1.0,9.0,-1.0
CPI,ridge,PRICE+CONSENSUS,rolling5y,0.1,25,0.390625,-0.2955256590000075,-3.40793712192019,0.2,0.2830460966666578,-0.44016859791667373,0.16076004626768034,-7.388141475000188,7.753312558333506,-1.0,6.0,-1.0
CPI,ridge,PRICE+CONSENSUS,rolling5y,0.2,13,0.203125,-0.35229521987179613,-2.3568228720120263,0.23076923076923078,0.41123240833332547,-0.5813535083333325,0.2122111946200912,-4.57983785833335,5.275452966666649,-1.0,5.0,-1.0
CPI,ridge,PRICE+CONSENSUS,rolling5y,0.3,7,0.109375,-0.07629917738095823,-0.4011078184931129,0.42857142857142855,0.41123240833332547,-0.4419478666666711,0.697874861522108,-0.5340942416667076,1.2297093500000074,-0.8046818333333476,2.0,-0.8046818333333476
CPI,ridge,PRICE+CONSENSUS,decay3y,0.0,33,0.515625,-0.1921542209595981,-2.9206379773826745,0.21212121212121213,0.2820706059523749,-0.319830135897437,0.23744506128184292,-6.341089291666738,6.639289000000038,-1.0,6.0,-1.0
CPI,ridge,PRICE+CONSENSUS,decay3y,0.1,23,0.359375,-0.21581041775363266,-2.381397720516025,0.2608695652173913,0.27400836944444035,-0.3886876367647173,0.24880862452810334,-4.963639608333551,5.3288106916668685,-1.0,5.0,-1.0
CPI,ridge,PRICE+CONSENSUS,decay3y,0.2,12,0.1875,-0.3245575229166711,-2.380523747400718,0.16666666666666666,0.4516265999999973,-0.479794347500005,0.1882584079421622,-3.8946902750000536,4.259861358333372,-1.0,5.0,-1.0
CPI,ridge,PRICE+CONSENSUS,decay3y,0.3,5,0.078125,-0.2223219366666626,-0.9331782239112784,0.2,0.6487116999999974,-0.44008034583332767,0.3685189000951687,-1.1116096833333131,1.7603213833333107,-0.8046818333333476,4.0,-0.8046818333333476
CPI,ridge,PRICE+FED,expanding,0.0,36,0.5625,-0.23595169652778245,-3.5331671070750597,0.2222222222222222,0.22579171354165814,-0.3678783851190512,0.17536207824192335,-8.494261075000168,8.859432158333485,-1.0,5.0,-1.0
CPI,ridge,PRICE+FED,expanding,0.1,27,0.421875,-0.2566192932098852,-3.196248903783035,0.2222222222222222,0.24235507777776397,-0.3991833992063563,0.17346489877628504,-6.928720916666901,7.293892000000218,-1.0,8.0,-1.0
CPI,ridge,PRICE+FED,expanding,0.2,19,0.296875,-0.26914420263158906,-2.661422009066799,0.21052631578947367,0.28733471666665383,-0.41753858111112047,0.18351020618790662,-5.113739850000192,5.47891093333351,-1.0,8.0,-1.0
CPI,ridge,PRICE+FED,expanding,0.3,10,0.15625,-0.3003855291666734,-1.8115452494942732,0.2,0.38204884999998967,-0.4709941239583392,0.2027885437238401,-3.0038552916667336,3.652566991666731,-1.0,4.0,-1.0
CPI,ridge,PRICE+FED,rolling5y,0.0,36,0.5625,-0.17683134444444423,-2.215490474755143,0.2777777777777778,0.3757116141666567,-0.38934786698717533,0.3711448790136443,-6.3659283999999925,6.731099483333311,-1.0,4.0,-1.0
CPI,ridge,PRICE+FED,rolling5y,0.1,22,0.34375,-0.22399029128788614,-1.9829056428069312,0.2727272727272727,0.4120874277777679,-0.46251943593750633,0.3341109008823205,-4.927786408333495,5.292957491666812,-1.0,5.0,-1.0
CPI,ridge,PRICE+FED,rolling5y,0.2,13,0.203125,-0.3010561705128298,-2.0483404059175583,0.23076923076923078,0.3648472416666537,-0.5008271941666749,0.21854678375066403,-3.9137302166667873,4.278901300000106,-1.0,6.0,-1.0
CPI,ridge,PRICE+FED,rolling5y,0.3,9,0.140625,-0.2893245138888932,-1.410808740920659,0.3333333333333333,0.3648472416666537,-0.6164103916666667,0.295945077012873,-2.603920625000039,3.252632325000036,-1.0,5.0,-1.0
CPI,ridge,PRICE+FED,decay3y,0.0,37,0.578125,-0.17966765720721134,-2.3777390330139565,0.2972972972972973,0.3189616030302956,-0.39062619038461815,0.3454588988435995,-6.64770331666682,7.012874400000139,-1.0,5.0,-1.0
CPI,ridge,PRICE+FED,decay3y,0.1,22,0.34375,-0.31805510757576694,-3.4017552201238277,0.18181818181818182,0.28619795624998307,-0.4523335662037114,0.14060319769567375,-6.997212366666873,7.36238345000019,-1.0,10.0,-1.0
CPI,ridge,PRICE+FED,decay3y,0.2,10,0.15625,-0.22850933250000857,-1.5588928600152907,0.2,0.38204884999998967,-0.3811488781250082,0.25059030206215527,-2.2850933250000858,2.9338050250000833,-1.0,5.0,-1.0
CPI,ridge,PRICE+FED,decay3y,0.3,7,0.109375,-0.24304801666667006,-1.146808511243732,0.2857142857142857,0.38204884999998967,-0.49308676333333407,0.30992423922904533,-1.7013361166666905,2.350047816666688,-1.0,4.0,-1.0
CPI,ridge,PRICE+POSITIONING,expanding,0.0,37,0.578125,-0.23150420855856446,-3.7086031913415582,0.21621621621621623,0.23509537604165115,-0.3602213353448309,0.1800390217780775,-8.565655716666885,8.930826800000204,-1.0,8.0,-1.0
CPI,ridge,PRICE+POSITIONING,expanding,0.1,28,0.4375,-0.2986625994047669,-4.0247976140461725,0.14285714285714285,0.2683590854166577,-0.3931662135416711,0.11375981123405744,-8.362552783333474,8.727723866666791,-1.0,10.0,-1.0
CPI,ridge,PRICE+POSITIONING,expanding,0.2,12,0.1875,-0.22714810138889951,-1.885257026714912,0.16666666666666666,0.3517544208333258,-0.3429286058333446,0.20514731920863455,-2.725777216666794,3.090948300000112,-1.0,7.0,-1.0
CPI,ridge,PRICE+POSITIONING,expanding,0.3,7,0.109375,-0.19629009761904723,-1.1749219061447678,0.14285714285714285,0.6487116999999974,-0.3371237305555547,0.3207090064187853,-1.3740306833333307,2.0227423833333282,-0.8046818333333476,6.0,-0.8046818333333476
CPI,ridge,PRICE+POSITIONING,rolling5y,0.0,42,0.65625,-0.26317627301587465,-4.561252583899603,0.19047619047619047,0.21342880937498404,-0.3753186453431355,0.13380242097068432,-11.053403466666735,11.418574550000052,-1.0,10.0,-1.0
CPI,ridge,PRICE+POSITIONING,rolling5y,0.1,24,0.375,-0.2549997284722249,-3.091035682657972,0.16666666666666666,0.3372708062499896,-0.3734538354166678,0.18062248892085508,-6.119993483333398,6.485164566666716,-1.0,8.0,-1.0
CPI,ridge,PRICE+POSITIONING,rolling5y,0.2,12,0.1875,-0.15385820763889219,-1.4236068842702403,0.25,0.3648472416666537,-0.3267600240740742,0.3721867372449712,-1.8462984916667062,2.5419136000000058,-0.8046818333333476,5.0,-0.8046818333333476
CPI,ridge,PRICE+POSITIONING,rolling5y,0.3,6,0.09375,-0.2116155763888893,-1.086222349607426,0.16666666666666666,0.6487116999999974,-0.38368103166666667,0.33815156156251336,-1.269693458333336,1.9184051583333335,-0.8046818333333476,5.0,-0.8046818333333476
CPI,ridge,PRICE+POSITIONING,decay3y,0.0,35,0.546875,-0.2349066554761943,-3.696785894024822,0.2,0.2294367345237907,-0.3509925029761906,0.16341996807504064,-8.2217329416668,8.586904025000118,-1.0,8.0,-1.0
CPI,ridge,PRICE+POSITIONING,decay3y,0.1,17,0.265625,-0.282700468627461,-2.921721198647772,0.11764705882352941,0.38204884999998967,-0.37133371111112107,0.1371807760578506,-4.805907966666838,5.171079050000155,-1.0,8.0,-1.0
CPI,ridge,PRICE+POSITIONING,decay3y,0.2,8,0.125,-0.32983474583333344,-1.9205521111349075,0.125,0.6487116999999974,-0.4696270952380949,0.19733337564991976,-2.6386779666666675,3.003849049999985,-1.0,6.0,-1.0
CPI,ridge,PRICE+POSITIONING,decay3y,0.3,6,0.09375,-0.225856224999998,-1.1608826020119702,0.16666666666666666,0.6487116999999974,-0.40076980999999706,0.32373281809825055,-1.355137349999988,2.0038490499999853,-0.8046818333333476,5.0,-0.8046818333333476
CPI,ridge,PRICE+MACRO+RATES,expanding,0.0,45,0.703125,-0.2371021514814873,-3.814662609046676,0.28888888888888886,0.21897073653844812,-0.4223817622395861,0.21060772427074126,-10.669596816666928,10.80902875833351,-1.0,6.0,-1.0
CPI,ridge,PRICE+MACRO+RATES,expanding,0.1,33,0.515625,-0.1851862919191956,-2.447171221852814,0.36363636363636365,0.22550358472221257,-0.4198662214285717,0.3069053538800989,-6.111147633333455,7.377396083333261,-1.0,4.0,-1.0
CPI,ridge,PRICE+MACRO+RATES,expanding,0.2,22,0.34375,-0.2334702094697012,-2.3267725306569966,0.36363636363636365,0.20892958541665507,-0.4862700922619048,0.24551856349721876,-5.1363446083334265,6.087721174999994,-1.0,4.0,-1.0
CPI,ridge,PRICE+MACRO+RATES,expanding,0.3,12,0.1875,-0.19383104930556602,-1.3622782511229403,0.3333333333333333,0.27535169999997794,-0.42842242395833807,0.3213553780120932,-2.325972591666792,2.8502717000000453,-1.0,3.0,-1.0
CPI,ridge,PRICE+MACRO+RATES,rolling5y,0.0,42,0.65625,-0.19860607976191036,-2.7174470164427493,0.3333333333333333,0.2902876172618946,-0.4430529282738129,0.3275992536522553,-8.341455350000235,8.480887291666818,-1.0,4.0,-1.0
CPI,ridge,PRICE+MACRO+RATES,rolling5y,0.1,30,0.46875,-0.1557160847222286,-1.988993845733061,0.4,0.22268642916665413,-0.407984427314817,0.36388060304537134,-4.671482541666857,6.251438591666593,-1.0,4.0,-1.0
CPI,ridge,PRICE+MACRO+RATES,rolling5y,0.2,13,0.203125,-0.28225044487180057,-2.026842708962628,0.38461538461538464,0.23714419333331685,-0.606872093749999,0.2442279392309317,-3.669255783333407,4.500547499999925,-1.0,5.0,-1.0
CPI,ridge,PRICE+MACRO+RATES,rolling5y,0.3,7,0.109375,-0.14064472380954113,-0.6550361183306663,0.5714285714285714,0.27535169999997794,-0.6953066222222333,0.5280197085231083,-0.9845130666667878,1.8313783666667025,-1.0,2.0,-1.0
CPI,ridge,PRICE+MACRO+RATES,decay3y,0.0,45,0.703125,-0.19550764222222922,-3.1686319080242646,0.3111111111111111,0.23968808809522782,-0.39204764946237114,0.2761047884913239,-8.797843900000315,8.960125924999982,-1.0,6.0,-1.0
CPI,ridge,PRICE+MACRO+RATES,decay3y,0.1,33,0.515625,-0.1729230520202087,-2.292761069246585,0.36363636363636365,0.22550358472221257,-0.40059541587302094,0.32166916086399006,-5.706460716666887,6.946260524999957,-1.0,4.0,-1.0
CPI,ridge,PRICE+MACRO+RATES,decay3y,0.2,16,0.25,-0.20320353177083916,-1.6557657174479143,0.4375,0.19791152857141284,-0.5151819120370352,0.29878997164366844,-3.2512565083334266,4.182455425000019,-1.0,4.0,-1.0
CPI,ridge,PRICE+MACRO+RATES,decay3y,0.3,9,0.140625,-0.2226007111111256,-1.1648943362734119,0.4444444444444444,0.27535169999997794,-0.6209626400000086,0.35474172810135457,-2.0034064000001304,2.8502717000000453,-1.0,3.0,-1.0
CPI,ridge,ALL,expanding,0.0,50,0.78125,-0.21203656633333595,-3.5222561437700137,0.26,0.29565012051280826,-0.39041296981981904,0.2660697195006246,-10.601828316666797,10.601828316666795,-1.0,6.0,-1.0
CPI,ridge,ALL,expanding,0.1,29,0.453125,-0.21254590948276034,-2.878675565377837,0.3103448275862069,0.19380831759257977,-0.3954053116666633,0.2205679598714756,-6.16383137500005,6.368490099999955,-1.0,8.0,-1.0
CPI,ridge,ALL,expanding,0.2,20,0.3125,-0.19468908500000642,-2.123935593832121,0.35,0.19564050595236146,-0.40486655705128144,0.2601965659691647,-3.8937817000001287,4.635907450000029,-1.0,5.0,-1.0
CPI,ridge,ALL,expanding,0.3,12,0.1875,-0.24202202083334137,-1.7141200094214184,0.5,0.16140804444442994,-0.6454520861111127,0.2500697540803114,-2.9042642500000966,3.4290978499999865,-1.0,3.0,-1.0
CPI,ridge,ALL,rolling5y,0.0,43,0.671875,-0.19980861666666994,-2.897978385395811,0.32558139534883723,0.2784557880952245,-0.43069488103448106,0.3121163916808646,-8.591770516666807,9.178956066666577,-1.0,6.0,-1.0
CPI,ridge,ALL,rolling5y,0.1,26,0.40625,-0.21361056282052002,-2.2003568199925794,0.34615384615384615,0.28203503981479927,-0.47601117598039505,0.3136747111655972,-5.55387463333352,6.466820933333301,-1.0,8.0,-1.0
CPI,ridge,ALL,rolling5y,0.2,18,0.28125,-0.17416702731482356,-1.4355332526640543,0.4444444444444444,0.28153242187498034,-0.5387265866666666,0.41807095301079183,-3.135006491666824,4.099810683333317,-1.0,4.0,-1.0
CPI,ridge,ALL,rolling5y,0.3,11,0.171875,-0.18832624015152363,-1.2454075824949127,0.5454545454545454,0.21419489583330964,-0.6713516033333236,0.3828602981266066,-2.07158864166676,3.1022165166666205,-1.0,4.0,-1.0
CPI,ridge,ALL,decay3y,0.0,48,0.75,-0.19164109184028255,-3.0875938423124722,0.2916666666666667,0.28457343749998437,-0.38772942745098077,0.3022140944123348,-9.198772408333562,9.221622491666647,-1.0,5.0,-1.0
CPI,ridge,ALL,decay3y,0.1,28,0.4375,-0.2444106622023818,-3.0056791767383726,0.32142857142857145,0.19380831759257977,-0.4519880736842056,0.20311142098058116,-6.8434985416666905,7.368490099999955,-1.0,8.0,-1.0
CPI,ridge,ALL,decay3y,0.2,18,0.28125,-0.19981248657408016,-1.9585575849146826,0.3888888888888889,0.19564050595236146,-0.4514643909090885,0.27576594365985485,-3.596624758333443,4.635907450000029,-1.0,5.0,-1.0
CPI,ridge,ALL,decay3y,0.3,10,0.15625,-0.21174716000001198,-1.272266100511705,0.6,0.16140804444442994,-0.771479966666675,0.31382806699794924,-2.11747160000012,2.8313783666667023,-1.0,2.0,-1.0
CPI,lgbm,PRICE,expanding,0.0,11,0.171875,-0.45859877954545814,-3.671906564475297,0.09090909090909091,0.08178508333332957,-0.5126371658333368,0.01595379515653741,-5.044586575000039,5.044586575000039,-1.0,9.0,-1.0
CPI,lgbm,PRICE,expanding,0.1,2,0.03125,-0.41178758333334525,0.0,0.0,0.0,-0.41178758333334525,0.0,-0.8235751666666905,0.8235751666666905,-0.8046818333333476,2.0,-0.8046818333333476
CPI,lgbm,PRICE,expanding,0.2,0,0.0,,,,,,,,,,,
CPI,lgbm,PRICE,expanding,0.3,0,0.0,,,,,,,,,,,
CPI,lgbm,PRICE,rolling5y,0.0,9,0.140625,-0.3880430685185232,-2.7677517964777856,0.0,0.0,-0.3880430685185232,0.0,-3.4923876166667087,3.4923876166667087,-1.0,9.0,-1.0
CPI,lgbm,PRICE,rolling5y,0.1,4,0.0625,-0.5047241666666574,-2.1573820538970776,0.0,0.0,-0.5047241666666574,0.0,-2.0188966666666297,2.0188966666666297,-1.0,4.0,-1.0
CPI,lgbm,PRICE,rolling5y,0.2,1,0.015625,-0.8046818333333476,0.0,0.0,0.0,-0.8046818333333476,0.0,-0.8046818333333476,0.8046818333333476,-0.8046818333333476,1.0,-0.8046818333333476
CPI,lgbm,PRICE,rolling5y,0.3,0,0.0,,,,,,,,,,,
CPI,lgbm,PRICE,decay3y,0.0,11,0.171875,-0.3931922515151538,-2.7723605760038197,0.2727272727272727,0.084944861111113,-0.5724936687500038,0.05564135405413104,-4.325114766666692,4.503144183333347,-1.0,7.0,-1.0
CPI,lgbm,PRICE,decay3y,0.1,5,0.078125,-0.5469679666666707,-2.2712842326158116,0.2,0.08873533333333701,-0.7058937916666727,0.03142658795873019,-2.7348398333333535,2.8235751666666906,-1.0,4.0,-1.0
CPI,lgbm,PRICE,decay3y,0.2,1,0.015625,-0.018893333333342827,0.0,0.0,0.0,-0.018893333333342827,0.0,-0.018893333333342827,0.018893333333342827,-0.018893333333342827,1.0,-0.018893333333342827
CPI,lgbm,PRICE,decay3y,0.3,0,0.0,,,,,,,,,,,
CPI,lgbm,PRICE+MACRO,expanding,0.0,24,0.375,-0.1400219552083289,-1.5900481074789257,0.4166666666666667,0.2352752825000001,-0.4080914107142782,0.4118042399376723,-3.3605269249998937,3.696603833333219,-1.0,5.0,-1.0
CPI,lgbm,PRICE+MACRO,expanding,0.1,4,0.0625,-0.5750328416666738,-2.2897733990235802,0.0,0.0,-0.5750328416666738,0.0,-2.300131366666695,2.300131366666695,-1.0,4.0,-1.0
CPI,lgbm,PRICE+MACRO,expanding,0.2,1,0.015625,-0.018893333333342827,0.0,0.0,0.0,-0.018893333333342827,0.0,-0.018893333333342827,0.018893333333342827,-0.018893333333342827,1.0,-0.018893333333342827
CPI,lgbm,PRICE+MACRO,expanding,0.3,0,0.0,,,,,,,,,,,
CPI,lgbm,PRICE+MACRO,rolling5y,0.0,20,0.3125,-0.19639711416666233,-1.8905120404817073,0.35,0.2535302178571491,-0.4386656775640993,0.31120800677162913,-3.9279422833332465,4.803649499999816,-1.0,6.0,-1.0
CPI,lgbm,PRICE+MACRO,rolling5y,0.1,5,0.078125,-0.5869158333333341,-2.3153670624234146,0.2,0.08431416666667246,-0.7547233333333357,0.02792883264066044,-2.9345791666666705,3.018893333333343,-1.0,4.0,-1.0
CPI,lgbm,PRICE+MACRO,rolling5y,0.2,0,0.0,,,,,,,,,,,
CPI,lgbm,PRICE+MACRO,rolling5y,0.3,0,0.0,,,,,,,,,,,
CPI,lgbm,PRICE+MACRO,decay3y,0.0,33,0.515625,-0.11021580757575648,-1.5408245406364587,0.48484848484848486,0.1978057067708292,-0.40011840931371956,0.4652874564809405,-3.637121649999964,4.760975491666537,-1.0,5.0,-1.0
CPI,lgbm,PRICE+MACRO,decay3y,0.1,11,0.171875,-0.25197702803031363,-1.638541358133594,0.36363636363636365,0.18356197916664505,-0.5008564607142901,0.2094263880997082,-2.77174730833345,3.3979114500000382,-1.0,6.0,-1.0
CPI,lgbm,PRICE+MACRO,decay3y,0.2,5,0.078125,-0.3067087783333439,-1.0526392363087251,0.4,0.24267472083331162,-0.6729644444444477,0.24040370714646683,-1.5335438916667197,2.018893333333343,-1.0,3.0,-1.0
CPI,lgbm,PRICE+MACRO,decay3y,0.3,1,0.015625,-1.0,0.0,0.0,0.0,-1.0,0.0,-1.0,1.0,-1.0,1.0,-1.0
CPI,lgbm,PRICE+RATES,expanding,0.0,11,0.171875,-0.3648419825757607,-2.249003032349565,0.18181818181818182,0.4197288416666728,-0.5391910546296348,0.1729870611262193,-4.013261808333368,4.343705833333349,-1.0,6.0,-1.0
CPI,lgbm,PRICE+RATES,expanding,0.1,4,0.0625,-0.7058937916666727,-3.022040735121777,0.0,0.0,-0.7058937916666727,0.0,-2.8235751666666906,2.8235751666666906,-1.0,4.0,-1.0
CPI,lgbm,PRICE+RATES,expanding,0.2,0,0.0,,,,,,,,,,,
CPI,lgbm,PRICE+RATES,expanding,0.3,0,0.0,,,,,,,,,,,
CPI,lgbm,PRICE+RATES,rolling5y,0.0,13,0.203125,-0.38778066538461,-2.976463269830481,0.07692307692307693,0.5090136583333636,-0.4625135256944412,0.09171149059354622,-5.04114864999993,5.04114864999993,-1.0,10.0,-1.0
CPI,lgbm,PRICE+RATES,rolling5y,0.1,3,0.046875,-0.6953066222222333,-3.240394380413104,0.0,0.0,-0.6953066222222333,0.0,-2.0859198666667,2.0859198666667,-1.0,3.0,-1.0
CPI,lgbm,PRICE+RATES,rolling5y,0.2,1,0.015625,-0.8046818333333476,0.0,0.0,0.0,-0.8046818333333476,0.0,-0.8046818333333476,0.8046818333333476,-0.8046818333333476,1.0,-0.8046818333333476
CPI,lgbm,PRICE+RATES,rolling5y,0.3,0,0.0,,,,,,,,,,,
CPI,lgbm,PRICE+RATES,decay3y,0.0,23,0.359375,-0.1679165601449329,-1.6321588332117198,0.391304347826087,0.25541298703702797,-0.44005698333333637,0.37312000334933393,-3.862080883333457,5.3488900166666244,-1.0,6.0,-1.0
CPI,lgbm,PRICE+RATES,decay3y,0.1,7,0.109375,-0.47625779404762897,-2.067421290003957,0.2857142857142857,0.2448853041666439,-0.7647150333333381,0.12809231857216477,-3.333804558333403,3.8235751666666906,-1.0,5.0,-1.0
CPI,lgbm,PRICE+RATES,decay3y,0.2,3,0.046875,-0.6729644444444477,-2.0577714961336477,0.0,0.0,-0.6729644444444477,0.0,-2.018893333333343,2.018893333333343,-1.0,3.0,-1.0
CPI,lgbm,PRICE+RATES,decay3y,0.3,1,0.015625,-0.018893333333342827,0.0,0.0,0.0,-0.018893333333342827,0.0,-0.018893333333342827,0.018893333333342827,-0.018893333333342827,1.0,-0.018893333333342827
CPI,lgbm,PRICE+DXYFX,expanding,0.0,7,0.109375,-0.45714050476190743,-2.593531398885584,0.14285714285714285,0.08873533333333701,-0.5481198111111149,0.02698173268403313,-3.199983533333352,3.199983533333352,-1.0,5.0,-1.0
CPI,lgbm,PRICE+DXYFX,expanding,0.1,1,0.015625,-0.8046818333333476,0.0,0.0,0.0,-0.8046818333333476,0.0,-0.8046818333333476,0.8046818333333476,-0.8046818333333476,1.0,-0.8046818333333476
CPI,lgbm,PRICE+DXYFX,expanding,0.2,0,0.0,,,,,,,,,,,
CPI,lgbm,PRICE+DXYFX,expanding,0.3,0,0.0,,,,,,,,,,,
CPI,lgbm,PRICE+DXYFX,rolling5y,0.0,12,0.1875,-0.18641216736111857,-1.5446369909177928,0.08333333333333333,0.6950926916666352,-0.266548972727278,0.23706804813545654,-2.236946008333423,2.780733616666718,-1.0,8.0,-1.0
CPI,lgbm,PRICE+DXYFX,rolling5y,0.1,1,0.015625,-0.8046818333333476,0.0,0.0,0.0,-0.8046818333333476,0.0,-0.8046818333333476,0.8046818333333476,-0.8046818333333476,1.0,-0.8046818333333476
CPI,lgbm,PRICE+DXYFX,rolling5y,0.2,0,0.0,,,,,,,,,,,
CPI,lgbm,PRICE+DXYFX,rolling5y,0.3,0,0.0,,,,,,,,,,,
CPI,lgbm,PRICE+DXYFX,decay3y,0.0,12,0.1875,-0.14224560347223458,-0.894316929685149,0.5,0.28023442916665114,-0.5647256361111205,0.496231109847313,-1.706947241666815,3.3883538166667226,-1.0,6.0,-1.0
CPI,lgbm,PRICE+DXYFX,decay3y,0.1,4,0.0625,-0.43370995833333836,-1.580766237608034,0.25,0.08873533333333701,-0.6078583888888968,0.048660090878258754,-1.7348398333333535,1.8235751666666904,-1.0,3.0,-1.0
CPI,lgbm,PRICE+DXYFX,decay3y,0.2,0,0.0,,,,,,,,,,,
CPI,lgbm,PRICE+DXYFX,decay3y,0.3,0,0.0,,,,,,,,,,,
CPI,lgbm,PRICE+VOLRISK,expanding,0.0,14,0.21875,-0.27676425595238435,-2.4205054197707767,0.14285714285714285,0.3660972458333542,-0.3839078395833409,0.15893451851651133,-3.874699583333381,3.927325058333432,-1.0,10.0,-1.0
CPI,lgbm,PRICE+VOLRISK,expanding,0.1,4,0.0625,-0.2389631458333478,-1.2646791499521646,0.0,0.0,-0.2389631458333478,0.0,-0.9558525833333912,0.9558525833333912,-0.8046818333333476,4.0,-0.8046818333333476
CPI,lgbm,PRICE+VOLRISK,expanding,0.2,1,0.015625,-0.07680516666668306,0.0,0.0,0.0,-0.07680516666668306,0.0,-0.07680516666668306,0.07680516666668306,-0.07680516666668306,1.0,-0.07680516666668306
CPI,lgbm,PRICE+VOLRISK,expanding,0.3,0,0.0,,,,,,,,,,,
CPI,lgbm,PRICE+VOLRISK,rolling5y,0.0,16,0.25,-0.22550840677083056,-2.029569146633351,0.25,0.2867381708333407,-0.39625726597222105,0.2412053947913744,-3.608134508333289,3.9432407583332933,-1.0,8.0,-1.0
CPI,lgbm,PRICE+VOLRISK,rolling5y,0.1,3,0.046875,-0.1241577805555557,-0.32675715223088403,0.3333333333333333,0.5090136583333636,-0.44074350000001533,0.5774488544168501,-0.37247334166666707,0.8814870000000308,-0.8046818333333476,2.0,-0.8046818333333476
CPI,lgbm,PRICE+VOLRISK,rolling5y,0.2,1,0.015625,-0.8046818333333476,0.0,0.0,0.0,-0.8046818333333476,0.0,-0.8046818333333476,0.8046818333333476,-0.8046818333333476,1.0,-0.8046818333333476
CPI,lgbm,PRICE+VOLRISK,rolling5y,0.3,0,0.0,,,,,,,,,,,
CPI,lgbm,PRICE+VOLRISK,decay3y,0.0,18,0.28125,-0.24036065601851073,-2.221945396020005,0.3333333333333333,0.19784570416668304,-0.45946383611110764,0.21530062718455165,-4.326491808333193,4.367263891666501,-1.0,5.0,-1.0
CPI,lgbm,PRICE+VOLRISK,decay3y,0.1,4,0.0625,-0.05645654374999745,-0.20591128188259042,0.5,0.29887449583335035,-0.41178758333334525,0.7257977363329314,-0.2258261749999898,0.8235751666666904,-0.8046818333333476,2.0,-0.8046818333333476
CPI,lgbm,PRICE+VOLRISK,decay3y,0.2,0,0.0,,,,,,,,,,,
CPI,lgbm,PRICE+VOLRISK,decay3y,0.3,0,0.0,,,,,,,,,,,
CPI,lgbm,PRICE+CONSENSUS,expanding,0.0,12,0.1875,-0.38347036805555806,-2.7883530893784094,0.08333333333333333,0.5090136583333636,-0.4646052795454601,0.09959845696258159,-4.601644416666697,4.601644416666698,-1.0,9.0,-1.0
CPI,lgbm,PRICE+CONSENSUS,expanding,0.1,4,0.0625,-0.7058937916666727,-3.022040735121777,0.0,0.0,-0.7058937916666727,0.0,-2.8235751666666906,2.8235751666666906,-1.0,4.0,-1.0
CPI,lgbm,PRICE+CONSENSUS,expanding,0.2,0,0.0,,,,,,,,,,,
CPI,lgbm,PRICE+CONSENSUS,expanding,0.3,0,0.0,,,,,,,,,,,
CPI,lgbm,PRICE+CONSENSUS,rolling5y,0.0,14,0.21875,-0.35301584404761793,-2.856710729393445,0.07142857142857142,0.5090136583333636,-0.41932580576923184,0.09337583391283649,-4.942221816666651,5.042352025000015,-1.0,11.0,-1.0
CPI,lgbm,PRICE+CONSENSUS,rolling5y,0.1,4,0.0625,-0.5100573958333238,-2.212112415134622,0.0,0.0,-0.5100573958333238,0.0,-2.040229583333295,2.040229583333295,-1.0,4.0,-1.0
CPI,lgbm,PRICE+CONSENSUS,rolling5y,0.2,1,0.015625,-0.8046818333333476,0.0,0.0,0.0,-0.8046818333333476,0.0,-0.8046818333333476,0.8046818333333476,-0.8046818333333476,1.0,-0.8046818333333476
CPI,lgbm,PRICE+CONSENSUS,rolling5y,0.3,0,0.0,,,,,,,,,,,
CPI,lgbm,PRICE+CONSENSUS,decay3y,0.0,14,0.21875,-0.29186267261905285,-2.2583787301162217,0.2857142857142857,0.19096206041667568,-0.4849925658333444,0.15749689695845362,-4.08607741666674,4.08607741666674,-1.0,5.0,-1.0
CPI,lgbm,PRICE+CONSENSUS,decay3y,0.1,4,0.0625,-0.7058937916666727,-3.022040735121777,0.0,0.0,-0.7058937916666727,0.0,-2.8235751666666906,2.8235751666666906,-1.0,4.0,-1.0
CPI,lgbm,PRICE+CONSENSUS,decay3y,0.2,2,0.03125,-0.5094466666666714,0.0,0.0,0.0,-0.5094466666666714,0.0,-1.0188933333333428,1.0188933333333428,-1.0,2.0,-1.0
CPI,lgbm,PRICE+CONSENSUS,decay3y,0.3,0,0.0,,,,,,,,,,,
CPI,lgbm,PRICE+FED,expanding,0.0,11,0.171875,-0.4023531931818283,-2.930623271432283,0.18181818181818182,0.08526020833333328,-0.5107117268518642,0.037098644826024506,-4.425885125000111,4.425885125000112,-1.0,7.0,-1.0
CPI,lgbm,PRICE+FED,expanding,0.1,3,0.046875,-0.6078583888888968,-2.027331853555122,0.0,0.0,-0.6078583888888968,0.0,-1.8235751666666904,1.8235751666666904,-1.0,3.0,-1.0
CPI,lgbm,PRICE+FED,expanding,0.2,0,0.0,,,,,,,,,,,
CPI,lgbm,PRICE+FED,expanding,0.3,0,0.0,,,,,,,,,,,
CPI,lgbm,PRICE+FED,rolling5y,0.0,11,0.171875,-0.43777402575757624,-3.454273693526917,0.0,0.0,-0.43777402575757624,0.0,-4.815514283333338,4.815514283333338,-1.0,11.0,-1.0
CPI,lgbm,PRICE+FED,rolling5y,0.1,4,0.0625,-0.5406812583333457,-2.495831920767658,0.0,0.0,-0.5406812583333457,0.0,-2.1627250333333827,2.1627250333333827,-1.0,4.0,-1.0
CPI,lgbm,PRICE+FED,rolling5y,0.2,1,0.015625,-0.8046818333333476,0.0,0.0,0.0,-0.8046818333333476,0.0,-0.8046818333333476,0.8046818333333476,-0.8046818333333476,1.0,-0.8046818333333476
CPI,lgbm,PRICE+FED,rolling5y,0.3,0,0.0,,,,,,,,,,,
CPI,lgbm,PRICE+FED,decay3y,0.0,15,0.234375,-0.21528788833333637,-1.6088980110840716,0.4,0.2466149527777727,-0.5232231157407425,0.31422535352964115,-3.2293183250000457,4.025763349999996,-1.0,5.0,-1.0
CPI,lgbm,PRICE+FED,decay3y,0.1,7,0.109375,-0.41882338571429045,-2.2058935904366903,0.2857142857142857,0.08652475000000473,-0.6209626400000086,0.05573588130841722,-2.931763700000033,3.104813200000043,-1.0,5.0,-1.0
CPI,lgbm,PRICE+FED,decay3y,0.2,3,0.046875,-0.3100526666666686,-0.8951488028727325,0.3333333333333333,0.08873533333333701,-0.5094466666666714,0.08708991454781284,-0.9301580000000057,1.0188933333333428,-1.0,2.0,-1.0
CPI,lgbm,PRICE+FED,decay3y,0.3,0,0.0,,,,,,,,,,,
CPI,lgbm,PRICE+POSITIONING,expanding,0.0,10,0.15625,-0.47745152583333195,-3.603856857003145,0.0,0.0,-0.47745152583333195,0.0,-4.774515258333319,4.774515258333319,-1.0,10.0,-1.0
CPI,lgbm,PRICE+POSITIONING,expanding,0.1,4,0.0625,-0.5262033000000107,-2.316097513342798,0.0,0.0,-0.5262033000000107,0.0,-2.104813200000043,2.104813200000043,-1.0,4.0,-1.0
CPI,lgbm,PRICE+POSITIONING,expanding,0.2,0,0.0,,,,,,,,,,,
CPI,lgbm,PRICE+POSITIONING,expanding,0.3,0,0.0,,,,,,,,,,,
CPI,lgbm,PRICE+POSITIONING,rolling5y,0.0,10,0.15625,-0.20017596916667343,-1.409373110169401,0.1,0.6487116999999974,-0.29449682129630356,0.244753330309315,-2.0017596916667344,2.650471391666732,-1.0,9.0,-1.0
CPI,lgbm,PRICE+POSITIONING,rolling5y,0.1,6,0.09375,-0.39615664444444415,-2.397440416070282,0.0,0.0,-0.39615664444444415,0.0,-2.376939866666665,2.376939866666665,-1.0,6.0,-1.0
CPI,lgbm,PRICE+POSITIONING,rolling5y,0.2,0,0.0,,,,,,,,,,,
CPI,lgbm,PRICE+POSITIONING,rolling5y,0.3,0,0.0,,,,,,,,,,,
CPI,lgbm,PRICE+POSITIONING,decay3y,0.0,15,0.234375,-0.20740469666667546,-1.5422825597899135,0.4,0.24922125694443922,-0.5118219990740854,0.32461970163493614,-3.111070450000132,3.994130524999984,-1.0,5.0,-1.0
CPI,lgbm,PRICE+POSITIONING,decay3y,0.1,5,0.078125,-0.4032155733333411,-1.8780389338395638,0.2,0.08873533333333701,-0.5262033000000107,0.04215829382547354,-2.0160778666667056,2.104813200000043,-1.0,4.0,-1.0
CPI,lgbm,PRICE+POSITIONING,decay3y,0.2,1,0.015625,-0.018893333333342827,0.0,0.0,0.0,-0.018893333333342827,0.0,-0.018893333333342827,0.018893333333342827,-0.018893333333342827,1.0,-0.018893333333342827
CPI,lgbm,PRICE+POSITIONING,decay3y,0.3,0,0.0,,,,,,,,,,,
CPI,lgbm,PRICE+MACRO+RATES,expanding,0.0,24,0.375,-0.113951774652779,-1.2282979891101613,0.4583333333333333,0.24392698636363483,-0.41677226474359064,0.495233908665417,-2.734842591666696,3.82357516666669,-1.0,5.0,-1.0
CPI,lgbm,PRICE+MACRO+RATES,expanding,0.1,3,0.046875,-0.4333771222222316,-1.477797135079423,0.0,0.0,-0.4333771222222316,0.0,-1.300131366666695,1.300131366666695,-1.0,3.0,-1.0
CPI,lgbm,PRICE+MACRO+RATES,expanding,0.2,0,0.0,,,,,,,,,,,
CPI,lgbm,PRICE+MACRO+RATES,expanding,0.3,0,0.0,,,,,,,,,,,
CPI,lgbm,PRICE+MACRO+RATES,rolling5y,0.0,23,0.359375,-0.1749355543478325,-1.708952108915908,0.391304347826087,0.26795039999998843,-0.4596479535714318,0.37475164902404373,-4.023517750000147,5.507724291666629,-1.0,7.0,-1.0
CPI,lgbm,PRICE+MACRO+RATES,rolling5y,0.1,7,0.109375,-0.4176710130952436,-2.030092941556569,0.2857142857142857,0.24267472083331162,-0.6818093066666657,0.14237102278332758,-2.9236970916667055,3.4090465333333286,-1.0,5.0,-1.0
CPI,lgbm,PRICE+MACRO+RATES,rolling5y,0.2,0,0.0,,,,,,,,,,,
CPI,lgbm,PRICE+MACRO+RATES,rolling5y,0.3,0,0.0,,,,,,,,,,,
CPI,lgbm,PRICE+MACRO+RATES,decay3y,0.0,32,0.5,-0.1186721960937535,-1.6546279461337656,0.46875,0.18800292333333146,-0.38926788970588727,0.4261459440650871,-3.797510275000112,5.187608033333162,-1.0,5.0,-1.0
CPI,lgbm,PRICE+MACRO+RATES,decay3y,0.1,13,0.203125,-0.2312414339743648,-1.7522257023569867,0.38461538461538464,0.16459664999998344,-0.4786402364583324,0.2149274098040547,-3.0061386416667424,3.721038116666667,-1.0,7.0,-1.0
CPI,lgbm,PRICE+MACRO+RATES,decay3y,0.2,4,0.0625,-0.48364479166666763,-1.6182919685928936,0.25,0.08431416666667246,-0.6729644444444477,0.04176256629044562,-1.9345791666666705,2.018893333333343,-1.0,3.0,-1.0
CPI,lgbm,PRICE+MACRO+RATES,decay3y,0.3,1,0.015625,-1.0,0.0,0.0,0.0,-1.0,0.0,-1.0,1.0,-1.0,1.0,-1.0
CPI,lgbm,ALL,expanding,0.0,22,0.34375,-0.11484123598485282,-1.3102805632343313,0.45454545454545453,0.21590080249999347,-0.3904596013888913,0.4607834838141591,-2.526507191666762,2.8235751666666906,-1.0,4.0,-1.0
CPI,lgbm,ALL,expanding,0.1,2,0.03125,-0.49687750000002023,0.0,0.0,0.0,-0.49687750000002023,0.0,-0.9937550000000405,0.9937550000000405,-0.8046818333333476,2.0,-0.8046818333333476
CPI,lgbm,ALL,expanding,0.2,0,0.0,,,,,,,,,,,
CPI,lgbm,ALL,expanding,0.3,0,0.0,,,,,,,,,,,
CPI,lgbm,ALL,rolling5y,0.0,22,0.34375,-0.19014732500000325,-1.7957282472401372,0.45454545454545453,0.22737690749998668,-0.5380841854166615,0.35213961195173554,-4.183241150000072,5.298183191666604,-1.0,6.0,-1.0
CPI,lgbm,ALL,rolling5y,0.1,7,0.109375,-0.4652015952381026,-2.002459544391803,0.42857142857142855,0.18275688888887642,-0.9511704583333369,0.14410420915177546,-3.256411166666718,3.8046818333333476,-1.0,4.0,-1.0
CPI,lgbm,ALL,rolling5y,0.2,0,0.0,,,,,,,,,,,
CPI,lgbm,ALL,rolling5y,0.3,0,0.0,,,,,,,,,,,
CPI,lgbm,ALL,decay3y,0.0,33,0.515625,-0.10763763964646525,-1.6064556985889722,0.48484848484848486,0.166209691145833,-0.3653763039215695,0.4281412034968067,-3.552042108333353,4.364873591666498,-1.0,6.0,-1.0
CPI,lgbm,ALL,decay3y,0.1,12,0.1875,-0.17511319444445103,-1.2216601802885827,0.5,0.19223787916664983,-0.5424642680555519,0.354378878918092,-2.1013583333334123,3.1467018333333194,-1.0,5.0,-1.0
CPI,lgbm,ALL,decay3y,0.2,4,0.0625,-0.13338597291667986,-0.4411356564256025,0.5,0.24267472083331162,-0.5094466666666714,0.47634960970721707,-0.5335438916667194,1.0188933333333428,-1.0,2.0,-1.0
CPI,lgbm,ALL,decay3y,0.3,1,0.015625,-1.0,0.0,0.0,0.0,-1.0,0.0,-1.0,1.0,-1.0,1.0,-1.0
CPI,knn,PRICE,expanding,0.0,3,0.046875,0.00047902222221790636,0.0017246695862962642,0.6666666666666666,0.2672738749999629,-0.533110683333272,1.002695625339317,0.001437066666653719,0.533110683333272,-0.533110683333272,1.0,-0.533110683333272
CPI,knn,PRICE,expanding,0.1,0,0.0,,,,,,,,,,,
CPI,knn,PRICE,expanding,0.2,0,0.0,,,,,,,,,,,
CPI,knn,PRICE,expanding,0.3,0,0.0,,,,,,,,,,,
CPI,knn,PRICE,rolling5y,0.0,7,0.109375,-0.3014556452380767,-2.7895065231956577,0.14285714285714285,0.06424419166667879,-0.36240561805553595,0.029545251906494933,-2.110189516666537,2.110189516666537,-0.8046818333333476,5.0,-0.8046818333333476
CPI,knn,PRICE,rolling5y,0.1,0,0.0,,,,,,,,,,,
CPI,knn,PRICE,rolling5y,0.2,0,0.0,,,,,,,,,,,
CPI,knn,PRICE,rolling5y,0.3,0,0.0,,,,,,,,,,,
CPI,knn,PRICE,decay3y,0.0,3,0.046875,0.00047902222221790636,0.0017246695862962642,0.6666666666666666,0.2672738749999629,-0.533110683333272,1.002695625339317,0.001437066666653719,0.533110683333272,-0.533110683333272,1.0,-0.533110683333272
CPI,knn,PRICE,decay3y,0.1,0,0.0,,,,,,,,,,,
CPI,knn,PRICE,decay3y,0.2,0,0.0,,,,,,,,,,,
CPI,knn,PRICE,decay3y,0.3,0,0.0,,,,,,,,,,,
CPI,knn,PRICE+MACRO,expanding,0.0,6,0.09375,-0.36589623888887796,-5.287006232887749,0.0,0.0,-0.36589623888887796,0.0,-2.1953774333332676,2.1953774333332676,-0.533110683333272,6.0,-0.533110683333272
CPI,knn,PRICE+MACRO,expanding,0.1,0,0.0,,,,,,,,,,,
CPI,knn,PRICE+MACRO,expanding,0.2,0,0.0,,,,,,,,,,,
CPI,knn,PRICE+MACRO,expanding,0.3,0,0.0,,,,,,,,,,,
CPI,knn,PRICE+MACRO,rolling5y,0.0,9,0.140625,-0.33308861296295705,-3.3972260417858022,0.2222222222222222,0.06519572500000473,-0.4468841380952318,0.041682728054294536,-2.9977975166666133,2.997797516666613,-0.8046818333333476,5.0,-0.8046818333333476
CPI,knn,PRICE+MACRO,rolling5y,0.1,1,0.015625,0.06424419166667879,0.0,1.0,0.06424419166667879,0.0,inf,0.06424419166667879,0.0,0.06424419166667879,0.0,0.06424419166667879
CPI,knn,PRICE+MACRO,rolling5y,0.2,0,0.0,,,,,,,,,,,
CPI,knn,PRICE+MACRO,rolling5y,0.3,0,0.0,,,,,,,,,,,
CPI,knn,PRICE+MACRO,decay3y,0.0,6,0.09375,-0.36589623888887796,-5.287006232887749,0.0,0.0,-0.36589623888887796,0.0,-2.1953774333332676,2.1953774333332676,-0.533110683333272,6.0,-0.533110683333272
CPI,knn,PRICE+MACRO,decay3y,0.1,0,0.0,,,,,,,,,,,
CPI,knn,PRICE+MACRO,decay3y,0.2,0,0.0,,,,,,,,,,,
CPI,knn,PRICE+MACRO,decay3y,0.3,0,0.0,,,,,,,,,,,
CPI,knn,PRICE+RATES,expanding,0.0,4,0.0625,-0.3594862333333234,-1.2320188217530896,0.25,0.4010352749999508,-0.6129934027777482,0.21807481841440163,-1.4379449333332937,1.533110683333272,-1.0,2.0,-1.0
CPI,knn,PRICE+RATES,expanding,0.1,0,0.0,,,,,,,,,,,
CPI,knn,PRICE+RATES,expanding,0.2,0,0.0,,,,,,,,,,,
CPI,knn,PRICE+RATES,expanding,0.3,0,0.0,,,,,,,,,,,
CPI,knn,PRICE+RATES,rolling5y,0.0,9,0.140625,-0.41999533333332517,-2.7863126330806427,0.2222222222222222,0.0764897625000079,-0.5618482178571347,0.03889701375310253,-3.7799579999999264,3.8442021916666054,-1.0,4.0,-1.0
CPI,knn,PRICE+RATES,rolling5y,0.1,1,0.015625,-0.13023983333334854,0.0,0.0,0.0,-0.13023983333334854,0.0,-0.13023983333334854,0.13023983333334854,-0.13023983333334854,1.0,-0.13023983333334854
CPI,knn,PRICE+RATES,rolling5y,0.2,0,0.0,,,,,,,,,,,
CPI,knn,PRICE+RATES,rolling5y,0.3,0,0.0,,,,,,,,,,,
CPI,knn,PRICE+RATES,decay3y,0.0,4,0.0625,-0.3594862333333234,-1.2320188217530896,0.25,0.4010352749999508,-0.6129934027777482,0.21807481841440163,-1.4379449333332937,1.533110683333272,-1.0,2.0,-1.0
CPI,knn,PRICE+RATES,decay3y,0.1,0,0.0,,,,,,,,,,,
CPI,knn,PRICE+RATES,decay3y,0.2,0,0.0,,,,,,,,,,,
CPI,knn,PRICE+RATES,decay3y,0.3,0,0.0,,,,,,,,,,,
CPI,knn,PRICE+DXYFX,expanding,0.0,4,0.0625,-0.17365611458333774,-1.2558101717831858,0.25,0.13351247499997498,-0.27604564444444196,0.1612202881262344,-0.694624458333351,0.694624458333351,-0.533110683333272,2.0,-0.533110683333272
CPI,knn,PRICE+DXYFX,expanding,0.1,0,0.0,,,,,,,,,,,
CPI,knn,PRICE+DXYFX,expanding,0.2,0,0.0,,,,,,,,,,,
CPI,knn,PRICE+DXYFX,expanding,0.3,0,0.0,,,,,,,,,,,
CPI,knn,PRICE+DXYFX,rolling5y,0.0,5,0.078125,-0.3438947983333188,-2.2647485187526075,0.2,0.06424419166667879,-0.44592954583331823,0.03601700776892024,-1.7194739916665942,1.7194739916665942,-0.8046818333333476,3.0,-0.8046818333333476
CPI,knn,PRICE+DXYFX,rolling5y,0.1,0,0.0,,,,,,,,,,,
CPI,knn,PRICE+DXYFX,rolling5y,0.2,0,0.0,,,,,,,,,,,
CPI,knn,PRICE+DXYFX,rolling5y,0.3,0,0.0,,,,,,,,,,,
CPI,knn,PRICE+DXYFX,decay3y,0.0,4,0.0625,-0.17365611458333774,-1.2558101717831858,0.25,0.13351247499997498,-0.27604564444444196,0.1612202881262344,-0.694624458333351,0.694624458333351,-0.533110683333272,2.0,-0.533110683333272
CPI,knn,PRICE+DXYFX,decay3y,0.1,0,0.0,,,,,,,,,,,
CPI,knn,PRICE+DXYFX,decay3y,0.2,0,0.0,,,,,,,,,,,
CPI,knn,PRICE+DXYFX,decay3y,0.3,0,0.0,,,,,,,,,,,
CPI,knn,PRICE+VOLRISK,expanding,0.0,4,0.0625,-0.03155208749999851,-0.15855969519932034,0.5,0.2672738749999629,-0.3303780499999599,0.808994044852542,-0.12620834999999403,0.6607560999999198,-0.533110683333272,2.0,-0.533110683333272
CPI,knn,PRICE+VOLRISK,expanding,0.1,0,0.0,,,,,,,,,,,
CPI,knn,PRICE+VOLRISK,expanding,0.2,0,0.0,,,,,,,,,,,
CPI,knn,PRICE+VOLRISK,expanding,0.3,0,0.0,,,,,,,,,,,
CPI,knn,PRICE+VOLRISK,rolling5y,0.0,9,0.140625,-0.15638545185184421,-0.8621209990649391,0.2222222222222222,0.6011679958333124,-0.3728292940476031,0.46069954069079344,-1.4074690666665979,1.9683023666666106,-1.0,4.0,-1.0
CPI,knn,PRICE+VOLRISK,rolling5y,0.1,0,0.0,,,,,,,,,,,
CPI,knn,PRICE+VOLRISK,rolling5y,0.2,0,0.0,,,,,,,,,,,
CPI,knn,PRICE+VOLRISK,rolling5y,0.3,0,0.0,,,,,,,,,,,
CPI,knn,PRICE+VOLRISK,decay3y,0.0,4,0.0625,-0.03155208749999851,-0.15855969519932034,0.5,0.2672738749999629,-0.3303780499999599,0.808994044852542,-0.12620834999999403,0.6607560999999198,-0.533110683333272,2.0,-0.533110683333272
CPI,knn,PRICE+VOLRISK,decay3y,0.1,0,0.0,,,,,,,,,,,
CPI,knn,PRICE+VOLRISK,decay3y,0.2,0,0.0,,,,,,,,,,,
CPI,knn,PRICE+VOLRISK,decay3y,0.3,0,0.0,,,,,,,,,,,
CPI,knn,PRICE+CONSENSUS,expanding,0.0,5,0.078125,-0.2875391849999914,-1.236268824757046,0.2,0.4010352749999508,-0.45968279999997697,0.2181043509785285,-1.437695924999957,1.6435926999999233,-1.0,3.0,-1.0
CPI,knn,PRICE+CONSENSUS,expanding,0.1,0,0.0,,,,,,,,,,,
CPI,knn,PRICE+CONSENSUS,expanding,0.2,0,0.0,,,,,,,,,,,
CPI,knn,PRICE+CONSENSUS,expanding,0.3,0,0.0,,,,,,,,,,,
CPI,knn,PRICE+CONSENSUS,rolling5y,0.0,11,0.171875,-0.4118352212121071,-4.288127232059571,0.09090909090909091,0.06424419166667879,-0.4594431624999856,0.013983055339664738,-4.530187433333178,4.530187433333178,-1.0,7.0,-1.0
CPI,knn,PRICE+CONSENSUS,rolling5y,0.1,0,0.0,,,,,,,,,,,
CPI,knn,PRICE+CONSENSUS,rolling5y,0.2,0,0.0,,,,,,,,,,,
CPI,knn,PRICE+CONSENSUS,rolling5y,0.3,0,0.0,,,,,,,,,,,
CPI,knn,PRICE+CONSENSUS,decay3y,0.0,5,0.078125,-0.2875391849999914,-1.236268824757046,0.2,0.4010352749999508,-0.45968279999997697,0.2181043509785285,-1.437695924999957,1.6435926999999233,-1.0,3.0,-1.0
CPI,knn,PRICE+CONSENSUS,decay3y,0.1,0,0.0,,,,,,,,,,,
CPI,knn,PRICE+CONSENSUS,decay3y,0.2,0,0.0,,,,,,,,,,,
CPI,knn,PRICE+CONSENSUS,decay3y,0.3,0,0.0,,,,,,,,,,,
CPI,knn,PRICE+FED,expanding,0.0,4,0.0625,-0.13445817083334077,-0.6749296283522884,0.25,0.4010352749999508,-0.31295598611110464,0.4271476850822259,-0.5378326833333631,0.5378326833333631,-0.533110683333272,2.0,-0.533110683333272
CPI,knn,PRICE+FED,expanding,0.1,0,0.0,,,,,,,,,,,
CPI,knn,PRICE+FED,expanding,0.2,0,0.0,,,,,,,,,,,
CPI,knn,PRICE+FED,expanding,0.3,0,0.0,,,,,,,,,,,
CPI,knn,PRICE+FED,rolling5y,0.0,11,0.171875,-0.3274319636363516,-1.9548205111910397,0.18181818181818182,0.4735100124999955,-0.5054190694444287,0.20819247547957972,-3.6017515999998673,3.6017515999998673,-1.0,5.0,-1.0
CPI,knn,PRICE+FED,rolling5y,0.1,0,0.0,,,,,,,,,,,
CPI,knn,PRICE+FED,rolling5y,0.2,0,0.0,,,,,,,,,,,
CPI,knn,PRICE+FED,rolling5y,0.3,0,0.0,,,,,,,,,,,
CPI,knn,PRICE+FED,decay3y,0.0,4,0.0625,-0.13445817083334077,-0.6749296283522884,0.25,0.4010352749999508,-0.31295598611110464,0.4271476850822259,-0.5378326833333631,0.5378326833333631,-0.533110683333272,2.0,-0.533110683333272
CPI,knn,PRICE+FED,decay3y,0.1,0,0.0,,,,,,,,,,,
CPI,knn,PRICE+FED,decay3y,0.2,0,0.0,,,,,,,,,,,
CPI,knn,PRICE+FED,decay3y,0.3,0,0.0,,,,,,,,,,,
CPI,knn,PRICE+POSITIONING,expanding,0.0,5,0.078125,-0.09033312000002144,-0.5413927720060298,0.4,0.2672738749999629,-0.3287377833333443,0.5420203954853258,-0.4516656000001072,0.533110683333272,-0.533110683333272,1.0,-0.533110683333272
CPI,knn,PRICE+POSITIONING,expanding,0.1,0,0.0,,,,,,,,,,,
CPI,knn,PRICE+POSITIONING,expanding,0.2,0,0.0,,,,,,,,,,,
CPI,knn,PRICE+POSITIONING,expanding,0.3,0,0.0,,,,,,,,,,,
CPI,knn,PRICE+POSITIONING,rolling5y,0.0,10,0.15625,-0.12728899916666025,-0.9141537721491619,0.2,0.4735100124999955,-0.27748875208332413,0.42660288835582266,-1.2728899916666025,1.6867993333333215,-0.8046818333333476,7.0,-0.8046818333333476
CPI,knn,PRICE+POSITIONING,rolling5y,0.1,0,0.0,,,,,,,,,,,
CPI,knn,PRICE+POSITIONING,rolling5y,0.2,0,0.0,,,,,,,,,,,
CPI,knn,PRICE+POSITIONING,rolling5y,0.3,0,0.0,,,,,,,,,,,
CPI,knn,PRICE+POSITIONING,decay3y,0.0,5,0.078125,-0.09033312000002144,-0.5413927720060298,0.4,0.2672738749999629,-0.3287377833333443,0.5420203954853258,-0.4516656000001072,0.533110683333272,-0.533110683333272,1.0,-0.533110683333272
CPI,knn,PRICE+POSITIONING,decay3y,0.1,0,0.0,,,,,,,,,,,
CPI,knn,PRICE+POSITIONING,decay3y,0.2,0,0.0,,,,,,,,,,,
CPI,knn,PRICE+POSITIONING,decay3y,0.3,0,0.0,,,,,,,,,,,
CPI,knn,PRICE+MACRO+RATES,expanding,0.0,12,0.1875,-0.29917210833333896,-1.8995885391172964,0.3333333333333333,0.27314697291665385,-0.5853316489583354,0.23332667335069793,-3.5900653000000675,3.6782578500000227,-1.0,4.0,-1.0
CPI,knn,PRICE+MACRO+RATES,expanding,0.1,1,0.015625,-0.3983309833333048,0.0,0.0,0.0,-0.3983309833333048,0.0,-0.3983309833333048,0.3983309833333048,-0.3983309833333048,1.0,-0.3983309833333048
CPI,knn,PRICE+MACRO+RATES,expanding,0.2,0,0.0,,,,,,,,,,,
CPI,knn,PRICE+MACRO+RATES,expanding,0.3,0,0.0,,,,,,,,,,,
CPI,knn,PRICE+MACRO+RATES,rolling5y,0.0,18,0.28125,-0.21662747268518637,-1.9051992266574702,0.3888888888888889,0.23459736071427392,-0.5037705484848429,0.29634370249403086,-3.899294508333355,4.225086474999975,-1.0,4.0,-1.0
CPI,knn,PRICE+MACRO+RATES,rolling5y,0.1,3,0.046875,-0.5281277777777657,-1.6373846645294066,0.3333333333333333,0.08873533333333701,-0.836559333333317,0.05303588747242002,-1.584383333333297,1.673118666666634,-1.0,2.0,-1.0
CPI,knn,PRICE+MACRO+RATES,rolling5y,0.2,0,0.0,,,,,,,,,,,
CPI,knn,PRICE+MACRO+RATES,rolling5y,0.3,0,0.0,,,,,,,,,,,
CPI,knn,PRICE+MACRO+RATES,decay3y,0.0,12,0.1875,-0.29917210833333896,-1.8995885391172964,0.3333333333333333,0.27314697291665385,-0.5853316489583354,0.23332667335069793,-3.5900653000000675,3.6782578500000227,-1.0,4.0,-1.0
CPI,knn,PRICE+MACRO+RATES,decay3y,0.1,1,0.015625,-0.3983309833333048,0.0,0.0,0.0,-0.3983309833333048,0.0,-0.3983309833333048,0.3983309833333048,-0.3983309833333048,1.0,-0.3983309833333048
CPI,knn,PRICE+MACRO+RATES,decay3y,0.2,0,0.0,,,,,,,,,,,
CPI,knn,PRICE+MACRO+RATES,decay3y,0.3,0,0.0,,,,,,,,,,,
CPI,knn,ALL,expanding,0.0,12,0.1875,-0.4182495458333273,-4.82463215771467,0.08333333333333333,0.06424419166667879,-0.4621126128787823,0.012638436817865356,-5.018994549999928,5.018994549999928,-1.0,6.0,-1.0
CPI,knn,ALL,expanding,0.1,0,0.0,,,,,,,,,,,
CPI,knn,ALL,expanding,0.2,0,0.0,,,,,,,,,,,
CPI,knn,ALL,expanding,0.3,0,0.0,,,,,,,,,,,
CPI,knn,ALL,rolling5y,0.0,18,0.28125,-0.23410925324073847,-1.809923300076152,0.3888888888888889,0.31517163452380853,-0.5836516363636319,0.34363609202542306,-4.213966558333293,4.582217724999888,-1.0,3.0,-1.0
CPI,knn,ALL,rolling5y,0.1,1,0.015625,-1.0,0.0,0.0,0.0,-1.0,0.0,-1.0,1.0,-1.0,1.0,-1.0
CPI,knn,ALL,rolling5y,0.2,0,0.0,,,,,,,,,,,
CPI,knn,ALL,rolling5y,0.3,0,0.0,,,,,,,,,,,
CPI,knn,ALL,decay3y,0.0,12,0.1875,-0.4182495458333273,-4.82463215771467,0.08333333333333333,0.06424419166667879,-0.4621126128787823,0.012638436817865356,-5.018994549999928,5.018994549999928,-1.0,6.0,-1.0
CPI,knn,ALL,decay3y,0.1,0,0.0,,,,,,,,,,,
CPI,knn,ALL,decay3y,0.2,0,0.0,,,,,,,,,,,
CPI,knn,ALL,decay3y,0.3,0,0.0,,,,,,,,,,,
NFP,ridge,PRICE,expanding,0.0,54,0.7714285714285715,-0.17007518101852062,-1.466267589456228,0.42592592592592593,0.697545297101437,-0.8137936002688119,0.6359519260853381,-9.184059775000113,12.578263008333352,-1.0,8.0,-1.0
NFP,ridge,PRICE,expanding,0.1,47,0.6714285714285714,-0.11763657819149294,-0.9326167736275551,0.46808510638297873,0.6873034969696842,-0.8259838443333289,0.7322504931334247,-5.528919175000168,9.500785224999998,-1.0,6.0,-1.0
NFP,ridge,PRICE,expanding,0.2,42,0.6,-0.11256636150793992,-0.8491303787956154,0.47619047619047616,0.661527008749986,-0.8162876071969637,0.7367356608999754,-4.727787183333477,7.17827554166676,-1.0,6.0,-1.0
NFP,ridge,PRICE,expanding,0.3,39,0.5571428571428572,-0.10896887200855083,-0.7772465116876904,0.46153846153846156,0.706030074999984,-0.8075393980158667,0.7493982797634123,-4.249786008333483,6.700274366666766,-1.0,5.0,-1.0
NFP,ridge,PRICE,rolling5y,0.0,52,0.7428571428571429,-0.04152020769231221,-0.3356320011122938,0.5,0.7535315076922943,-0.8365719230769186,0.9007372670610304,-2.159050800000235,8.679782250000056,-1.0,8.0,-1.0
NFP,ridge,PRICE,rolling5y,0.1,47,0.6714285714285714,-0.0509141771276631,-0.383994200299157,0.48936170212765956,0.7797114605072342,-0.8469304131944395,0.8822725826644163,-2.392966325000166,7.470870150000034,-1.0,8.0,-1.0
NFP,ridge,PRICE,rolling5y,0.2,39,0.5571428571428572,-0.09344567542735376,-0.6460263735218553,0.46153846153846156,0.7667470550925795,-0.830753730158725,0.7911029919569033,-3.6443813416667967,6.2946570250000295,-1.0,8.0,-1.0
NFP,ridge,PRICE,rolling5y,0.3,35,0.5,-0.06464564976190885,-0.4195153385190574,0.4857142857142857,0.7575636524509664,-0.8411766574074022,0.8505666159062643,-2.2625977416668097,5.544114358333256,-1.0,6.0,-1.0
NFP,ridge,PRICE,decay3y,0.0,53,0.7571428571428571,-0.07743568694968916,-0.6502730328000578,0.4716981132075472,0.7348681479999852,-0.8027069681547557,0.8173995007272562,-4.104091408333526,6.679233558333446,-1.0,7.0,-1.0
NFP,ridge,PRICE,decay3y,0.1,47,0.6714285714285714,-0.05399155124113906,-0.4251134677261657,0.48936170212765956,0.7255437188405646,-0.8010461850694384,0.8680057948160231,-2.5376029083335356,5.621249458333258,-1.0,7.0,-1.0
NFP,ridge,PRICE,decay3y,0.2,42,0.6,-0.10426805178571835,-0.7632047377290755,0.47619047619047616,0.7073976591666525,-0.8421459708333283,0.7636310133078686,-4.379258175000171,6.912873425000043,-1.0,7.0,-1.0
NFP,ridge,PRICE,decay3y,0.3,30,0.42857142857142855,-0.061039447500003355,-0.36903902797643207,0.4666666666666667,0.7640019952380801,-0.7829507098958264,0.8538235388052282,-1.8311834250001007,5.093851633333278,-1.0,6.0,-1.0
NFP,ridge,PRICE+MACRO,expanding,0.0,61,0.8714285714285714,0.04381751174863225,0.3783558925459284,0.5081967213114754,0.7930624594085947,-0.7304022674999955,1.1219815589116027,2.672868216666567,4.272520033333232,-1.0,4.0,-1.0
NFP,ridge,PRICE+MACRO,expanding,0.1,55,0.7857142857142857,0.07514385439393677,0.6005914380498362,0.509090909090909,0.8480704452380861,-0.7264096472222178,1.2107224416574158,4.132911991666522,4.272520033333232,-1.0,4.0,-1.0
NFP,ridge,PRICE+MACRO,expanding,0.2,48,0.6857142857142857,0.06738560763888539,0.5013793402464661,0.5208333333333334,0.8176117223333237,-0.7480775605072431,1.1879896427289836,3.2345091666664985,4.709071975000066,-1.0,3.0,-1.0
NFP,ridge,PRICE+MACRO,expanding,0.3,41,0.5857142857142857,-0.0015750471544772888,-0.011702934306283223,0.4878048780487805,0.7684011720833193,-0.734885732142855,0.9958155507325789,-0.06457693333356884,5.8739333416667705,-1.0,4.0,-1.0
NFP,ridge,PRICE+MACRO,rolling5y,0.0,58,0.8285714285714286,0.06473766623562971,0.5459458235987629,0.5172413793103449,0.8006003638888791,-0.723686652678566,1.1853004349213168,3.7547846416665234,4.595853366666574,-1.0,7.0,-1.0
NFP,ridge,PRICE+MACRO,rolling5y,0.1,52,0.7428571428571429,0.092414180929485,0.7082717619610893,0.5192307692307693,0.8781207537036947,-0.7561489176666616,1.2542111637565907,4.80553740833322,3.5958533666665744,-1.0,6.0,-1.0
NFP,ridge,PRICE+MACRO,rolling5y,0.2,44,0.6285714285714286,0.12728226136363133,0.8783484787745937,0.5454545454545454,0.8813661697916535,-0.7776184287499954,1.360100744333074,5.600419499999779,3.8226698499999356,-1.0,6.0,-1.0
NFP,ridge,PRICE+MACRO,rolling5y,0.3,41,0.5857142857142857,0.08893372662601087,0.5926944989043679,0.5365853658536586,0.858818312121199,-0.8025115828947328,1.2391362625842586,3.646282791666446,4.135770791666724,-1.0,5.0,-1.0
NFP,ridge,PRICE+MACRO,decay3y,0.0,59,0.8428571428571429,0.07701307584745588,0.6425757971947912,0.5254237288135594,0.8226564274193472,-0.7485206348214238,1.2167977008640285,4.543771474999897,4.272520033333232,-1.0,4.0,-1.0
NFP,ridge,PRICE+MACRO,decay3y,0.1,52,0.7428571428571429,0.08910434086538198,0.6973182764473034,0.5192307692307693,0.8367408703703603,-0.7183431109999947,1.2580062732723774,4.633425724999863,3.4058391500000575,-1.0,3.0,-1.0
NFP,ridge,PRICE+MACRO,decay3y,0.2,47,0.6714285714285714,0.10515567304964087,0.767479723577769,0.5531914893617021,0.8187988721153739,-0.7784025734126953,1.3023479355666563,4.942316633333121,4.709071975000066,-1.0,3.0,-1.0
NFP,ridge,PRICE+MACRO,decay3y,0.3,36,0.5142857142857142,-0.08036614583333958,-0.5551681628829155,0.4444444444444444,0.7783295494791485,-0.76732270208333,0.8114755863377263,-2.8931812500002247,5.8739333416667705,-1.0,5.0,-1.0
NFP,ridge,PRICE+RATES,expanding,0.0,53,0.7571428571428571,-0.05503171682390179,-0.4656254689566103,0.49056603773584906,0.7119420160256305,-0.7935990151234512,0.8638793397484489,-2.916680991666795,6.783549608333297,-1.0,4.0,-1.0
NFP,ridge,PRICE+RATES,expanding,0.1,48,0.6857142857142857,-0.09401870104166772,-0.7497172667277868,0.4583333333333333,0.7233761708333242,-0.7856605157051224,0.7790738072376165,-4.512897650000051,7.907100883333291,-1.0,6.0,-1.0
NFP,ridge,PRICE+RATES,expanding,0.2,42,0.6,-0.031325633134922704,-0.2349154288124713,0.5,0.7064185757936405,-0.769069842063486,0.9185363112123258,-1.3156765916667537,4.088947816666594,-1.0,5.0,-1.0
NFP,ridge,PRICE+RATES,expanding,0.3,37,0.5285714285714286,-0.06803528423423517,-0.48089379482252564,0.4864864864864865,0.6911678800925831,-0.7872803872806946,0.8317120987953025,-2.5173055166667013,5.09189079166659,-1.0,5.0,-1.0
NFP,ridge,PRICE+RATES,rolling5y,0.0,53,0.7571428571428571,0.03294750330188727,0.2504792218524096,0.5094339622641509,0.8534117709876518,-0.8190730823717912,1.0819978335446576,1.7462176750000253,4.602088708333288,-1.0,6.0,-1.0
NFP,ridge,PRICE+RATES,rolling5y,0.1,46,0.6571428571428571,0.007329688224638485,0.053196998959480865,0.5,0.8101332956521713,-0.7954739192028945,1.018428481557216,0.3371656583333703,4.31531074166666,-1.0,5.0,-1.0
NFP,ridge,PRICE+RATES,rolling5y,0.2,40,0.5714285714285714,0.0015488893749998512,0.011401475717618898,0.525,0.7168193912698371,-0.7890132442982413,1.0041327820038586,0.061955574999994045,3.5701906916666912,-1.0,4.0,-1.0
NFP,ridge,PRICE+RATES,rolling5y,0.3,31,0.44285714285714284,-0.027644238172045695,-0.17673732468156944,0.4838709677419355,0.7422853505555445,-0.7494532276041616,0.9285336169282231,-0.8569713833334166,4.4409414916666865,-1.0,4.0,-1.0
NFP,ridge,PRICE+RATES,decay3y,0.0,56,0.8,-0.057116751339288195,-0.5018005933370464,0.5,0.6866173431547509,-0.8008508458333273,0.8573598276471688,-3.198538075000139,6.5185072583333294,-1.0,7.0,-1.0
NFP,ridge,PRICE+RATES,decay3y,0.1,49,0.7,-0.06918226496599018,-0.5611508754353248,0.4897959183673469,0.6983556541666536,-0.8060186673333283,0.8317691080506145,-3.3899309833335187,6.298466591666701,-1.0,7.0,-1.0
NFP,ridge,PRICE+RATES,decay3y,0.2,39,0.5571428571428572,-0.03789025384615514,-0.2641761915697324,0.48717948717948717,0.762137234649113,-0.7979163679166599,0.9074013292985615,-1.4777199000000505,4.443130449999899,-1.0,5.0,-1.0
NFP,ridge,PRICE+RATES,decay3y,0.3,31,0.44285714285714284,-0.03457966666666677,-0.2192962025563442,0.4838709677419355,0.7408782783333258,-0.7615714901041599,0.9120265069829442,-1.07196966666667,4.64655494166656,-1.0,4.0,-1.0
NFP,ridge,PRICE+DXYFX,expanding,0.0,52,0.7428571428571429,-0.09922701089743959,-0.8464181033441894,0.46153846153846156,0.6909402586805413,-0.7765132419642803,0.7626843631698258,-5.159804566666859,8.554007800000099,-1.0,6.0,-1.0
NFP,ridge,PRICE+DXYFX,expanding,0.1,45,0.6428571428571429,-0.061486748888894376,-0.4748496138630791,0.4888888888888889,0.7044459344696833,-0.7941180112318819,0.8485109780057003,-2.7669037000002468,5.6841511750002,-1.0,5.0,-1.0
NFP,ridge,PRICE+DXYFX,expanding,0.2,38,0.5428571428571428,-0.13354704671053041,-0.955013397512877,0.47368421052631576,0.648846670370357,-0.8377013920833292,0.6971004332236236,-5.074787775000156,7.52527613333344,-1.0,5.0,-1.0
NFP,ridge,PRICE+DXYFX,expanding,0.3,36,0.5142857142857142,-0.08541077152778213,-0.5956255232402298,0.5,0.648846670370357,-0.8196682134259213,0.7915967213836547,-3.0747877750001567,5.91254958333343,-1.0,5.0,-1.0
NFP,ridge,PRICE+DXYFX,rolling5y,0.0,51,0.7285714285714285,-0.12040878169935038,-1.0015337549809373,0.45098039215686275,0.7093825134057817,-0.8020230598214233,0.7265465218831302,-6.140847866666869,9.7845842083334,-1.0,8.0,-1.0
NFP,ridge,PRICE+DXYFX,rolling5y,0.1,45,0.6428571428571429,-0.11864681074074454,-0.9072521852433554,0.4444444444444444,0.7422091095833195,-0.8073315469999958,0.7354689530875705,-5.339106483333504,8.256353958333458,-1.0,7.0,-1.0
NFP,ridge,PRICE+DXYFX,rolling5y,0.2,39,0.5571428571428572,-0.15063145256410693,-1.0691403128437718,0.46153846153846156,0.6874372916666528,-0.868976090476187,0.6780761527774732,-5.87462665000017,8.573072116666747,-1.0,6.0,-1.0
NFP,ridge,PRICE+DXYFX,rolling5y,0.3,31,0.44285714285714284,-0.033697984946243036,-0.2102746423989739,0.5161290322580645,0.7077099239583167,-0.8245330877777733,0.9155370436255852,-1.044637533333534,4.770930841666617,-1.0,5.0,-1.0
NFP,ridge,PRICE+DXYFX,decay3y,0.0,49,0.7,-0.04614351411565132,-0.37337216575023,0.4897959183673469,0.7189505131944302,-0.7806337803333296,0.8841437688898649,-2.2610321916669145,6.467372583333334,-1.0,6.0,-1.0
NFP,ridge,PRICE+DXYFX,decay3y,0.1,46,0.6571428571428571,-0.07853209130435161,-0.6064037484903271,0.4782608695652174,0.7199749420454412,-0.8104968718749951,0.8142869554592321,-3.612476200000174,6.801067916666701,-1.0,6.0,-1.0
NFP,ridge,PRICE+DXYFX,decay3y,0.2,38,0.5428571428571428,-0.0515084078947409,-0.3644798316543442,0.5,0.6878981758771782,-0.7909149916666601,0.8697498253606255,-1.9573195000001542,5.03904879166665,-1.0,5.0,-1.0
NFP,ridge,PRICE+DXYFX,decay3y,0.3,32,0.45714285714285713,-0.047280365104172765,-0.30418988922361284,0.5,0.702566009895816,-0.7971267401041615,0.8813730295937768,-1.5129716833335285,4.549999025000034,-1.0,5.0,-1.0
NFP,ridge,PRICE+VOLRISK,expanding,0.0,60,0.8571428571428571,0.009813265694440215,0.083249653216776,0.5,0.797593151388877,-0.7779666199999965,1.0252279865026608,0.5887959416664129,4.866936216666697,-1.0,4.0,-1.0
NFP,ridge,PRICE+VOLRISK,expanding,0.1,55,0.7857142857142857,-0.017621788030307704,-0.14240501634172947,0.4909090909090909,0.7843578123456652,-0.7909592598214242,0.9562376619803159,-0.9691983416669238,6.284028341666651,-1.0,5.0,-1.0
NFP,ridge,PRICE+VOLRISK,expanding,0.2,52,0.7428571428571429,-0.024197493589748723,-0.185790146697403,0.4807692307692308,0.8182989443333192,-0.8042867879629595,0.9420572599918557,-1.2582696666669335,6.081137916666686,-1.0,5.0,-1.0
NFP,ridge,PRICE+VOLRISK,expanding,0.3,45,0.6428571428571429,0.054051719999994134,0.38065432273624866,0.5333333333333333,0.8168630920138736,-0.8177327051587253,1.1416417779978845,2.432327399999736,5.390540850000018,-1.0,4.0,-1.0
NFP,ridge,PRICE+VOLRISK,rolling5y,0.0,59,0.8428571428571429,-0.037370988418084346,-0.31454976602082224,0.4745762711864407,0.794522123511889,-0.7887583153225762,0.9098260795630225,-2.2048883166669766,6.690805900000025,-1.0,5.0,-1.0
NFP,ridge,PRICE+VOLRISK,rolling5y,0.1,55,0.7857142857142857,-0.03810837045455035,-0.30333330554515514,0.4727272727272727,0.8134594310897291,-0.8015829511494214,0.9098352883054374,-2.0959603750002693,5.918828625000022,-1.0,5.0,-1.0
NFP,ridge,PRICE+VOLRISK,rolling5y,0.2,47,0.6714285714285714,0.05139354379431914,0.37338026485980996,0.5319148936170213,0.806098164999985,-0.806225343939392,1.1361843793815285,2.4154965583329995,4.866936216666697,-1.0,4.0,-1.0
NFP,ridge,PRICE+VOLRISK,rolling5y,0.3,41,0.5857142857142857,-0.007040501829273689,-0.0474685638243218,0.5121951219512195,0.7802084480158593,-0.8336518991666632,0.9826869839024676,-0.28866057500022124,5.0,-1.0,5.0,-1.0
NFP,ridge,PRICE+VOLRISK,decay3y,0.0,58,0.8285714285714286,0.009529477442524366,0.07819496116103937,0.5,0.8172265160919413,-0.7981675612068926,1.0238783882124076,0.5527096916664133,4.866936216666697,-1.0,4.0,-1.0
NFP,ridge,PRICE+VOLRISK,decay3y,0.1,52,0.7428571428571429,-0.027478727243595236,-0.21162140016400066,0.4807692307692308,0.8114739783333184,-0.8042867879629595,0.9342000962816709,-1.4288938166669523,6.251762066666704,-1.0,5.0,-1.0
NFP,ridge,PRICE+VOLRISK,decay3y,0.2,50,0.7142857142857143,-0.022220581333338776,-0.1672155654337587,0.48,0.8168630920138736,-0.7967593567307657,0.9463678878465467,-1.111029066666939,6.933897316666692,-1.0,5.0,-1.0
NFP,ridge,PRICE+VOLRISK,decay3y,0.3,44,0.6285714285714286,-0.028612188068186904,-0.20121031454288954,0.4772727272727273,0.8170380690476049,-0.8007276402173882,0.9316417255588203,-1.2589362750002238,6.55775466666671,-1.0,4.0,-1.0
NFP,ridge,PRICE+CONSENSUS,expanding,0.0,56,0.8,-0.146357619345241,-1.3098968522737269,0.42857142857142855,0.6936772638888757,-0.7763837817708286,0.6701040904409638,-8.196026683333496,11.590229916666734,-1.0,8.0,-1.0
NFP,ridge,PRICE+CONSENSUS,expanding,0.1,51,0.7285714285714285,-0.1225878418300681,-1.0236068424547986,0.45098039215686275,0.697545297101437,-0.7962686345238045,0.7195858433472209,-6.251979933333473,9.646183166666713,-1.0,7.0,-1.0
NFP,ridge,PRICE+CONSENSUS,expanding,0.2,41,0.5857142857142857,-0.09166480548780664,-0.6595477425925429,0.4634146341463415,0.7390690175438478,-0.8091167435605991,0.7888687063612395,-3.758257025000072,6.919471983333248,-1.0,6.0,-1.0
NFP,ridge,PRICE+CONSENSUS,expanding,0.3,37,0.5285714285714286,-0.04543572770270462,-0.3128528204928692,0.4864864864864865,0.7288581351851728,-0.7789772820175358,0.886415042699793,-1.6811219250000708,4.842336883333246,-1.0,5.0,-1.0
NFP,ridge,PRICE+CONSENSUS,rolling5y,0.0,56,0.8,-0.00043145833333622333,-0.0034751017162169724,0.48214285714285715,0.8362309697530743,-0.7793930293103393,0.998931013124042,-0.024161666666828507,7.257445066666643,-1.0,8.0,-1.0
NFP,ridge,PRICE+CONSENSUS,rolling5y,0.1,47,0.6714285714285714,0.1000549843971596,0.73749071016021,0.5319148936170213,0.8415379603333214,-0.7425393064393879,1.2878687073523578,4.702584266666501,5.595853366666574,-1.0,8.0,-1.0
NFP,ridge,PRICE+CONSENSUS,rolling5y,0.2,40,0.5714285714285714,0.13934911979166315,0.9104073214798705,0.55,0.8821571560605951,-0.7685273689814759,1.4029325735770957,5.573964791666526,3.5180213499999504,-1.0,5.0,-1.0
NFP,ridge,PRICE+CONSENSUS,rolling5y,0.3,34,0.4857142857142857,0.023457831862738265,0.148246572235409,0.5294117647058824,0.7869756999999835,-0.8354997697916626,1.0596623655812003,0.797566283333101,3.946421883333376,-1.0,5.0,-1.0
NFP,ridge,PRICE+CONSENSUS,decay3y,0.0,54,0.7714285714285715,-0.03723519891975742,-0.32522858395148935,0.5,0.6840913558641849,-0.7585617537036996,0.9018268486699852,-2.0107007416669007,6.21704113333332,-1.0,5.0,-1.0
NFP,ridge,PRICE+CONSENSUS,decay3y,0.1,48,0.6857142857142857,-0.014329661631947488,-0.11471834372811705,0.5,0.7387260003472104,-0.7673853236111055,0.9626532820186967,-0.6878237583334794,5.272520033333231,-1.0,5.0,-1.0
NFP,ridge,PRICE+CONSENSUS,decay3y,0.2,42,0.6,-0.05115327103174835,-0.36740362309592356,0.47619047619047616,0.7826065487499876,-0.8091167435605991,0.8793051244160046,-2.1484373833334307,5.309652341666606,-1.0,7.0,-1.0
NFP,ridge,PRICE+CONSENSUS,decay3y,0.3,34,0.4857142857142857,-0.08259395514706032,-0.5336860302296476,0.4411764705882353,0.7994915922222086,-0.7789772820175358,0.8102644164054044,-2.8081944750000507,5.862645808333241,-1.0,7.0,-1.0
NFP,ridge,PRICE+FED,expanding,0.0,57,0.8142857142857143,-0.14914377090643452,-1.3229435320288063,0.45614035087719296,0.670067621794862,-0.8362242938171993,0.6720591629302458,-8.501194941666768,11.076337091666687,-1.0,7.0,-1.0
NFP,ridge,PRICE+FED,expanding,0.1,51,0.7285714285714285,-0.13489041715686526,-1.1191163011454803,0.45098039215686275,0.697545297101437,-0.818676896726185,0.6998898334569617,-6.879411275000128,10.273614508333367,-1.0,7.0,-1.0
NFP,ridge,PRICE+FED,expanding,0.2,40,0.5714285714285714,-0.1312446502083371,-0.9479403948261479,0.45,0.706030074999984,-0.8162876071969637,0.7076684312752863,-5.2497860083334835,7.700274366666767,-1.0,6.0,-1.0
NFP,ridge,PRICE+FED,expanding,0.3,38,0.5428571428571428,-0.13454951995614414,-0.9507346222960329,0.4473684210526316,0.6967909176470423,-0.8075393980158667,0.6985031807502496,-5.112881758333478,7.563370116666761,-1.0,7.0,-1.0
NFP,ridge,PRICE+FED,rolling5y,0.0,52,0.7428571428571429,-0.11487391137820661,-0.9321645802136311,0.46153846153846156,0.741000105208324,-0.8484802113095187,0.7485654218631219,-5.973443391666744,9.620231216666639,-1.0,8.0,-1.0
NFP,ridge,PRICE+FED,rolling5y,0.1,45,0.6428571428571429,-0.040161888888890954,-0.2946502358578234,0.4888888888888889,0.8020687462121111,-0.845773800724632,0.9070938250530657,-1.807285000000093,6.4540728249999875,-1.0,6.0,-1.0
NFP,ridge,PRICE+FED,rolling5y,0.2,38,0.5428571428571428,-0.06045502872807289,-0.3982090581530638,0.47368421052631576,0.8246604856481372,-0.857058991666662,0.865978239887584,-2.2972910916667697,6.102222333333392,-1.0,6.0,-1.0
NFP,ridge,PRICE+FED,rolling5y,0.3,32,0.45714285714285713,-0.12809169192708464,-0.7980078099597461,0.4375,0.788731835119038,-0.8411766574074022,0.7292856840229238,-4.098934141666708,6.683749883333311,-1.0,6.0,-1.0
NFP,ridge,PRICE+FED,decay3y,0.0,55,0.7857142857142857,-0.08006577712121522,-0.6853270010161228,0.4727272727272727,0.7335452833333203,-0.8095101761494192,0.8124188032249571,-4.403617741666837,6.978759891666757,-1.0,7.0,-1.0
NFP,ridge,PRICE+FED,decay3y,0.1,48,0.6857142857142857,-0.008934680381948909,-0.07038030197050368,0.5208333333333334,0.7348681479999852,-0.8174160155797034,0.9771887397146981,-0.4288646583335476,5.621249458333258,-1.0,7.0,-1.0
NFP,ridge,PRICE+FED,decay3y,0.2,42,0.6,-0.11730285079365317,-0.8602451360447256,0.4523809523809524,0.730202559210513,-0.8174160155797034,0.7379483620158903,-4.926719733333433,7.377208091666716,-1.0,7.0,-1.0
NFP,ridge,PRICE+FED,decay3y,0.3,34,0.4857142857142857,-0.11800359828431711,-0.7591456574995672,0.4411764705882353,0.767672601111096,-0.8172216504385907,0.7416070246565211,-4.012122341666782,7.093851633333278,-1.0,7.0,-1.0
NFP,ridge,PRICE+POSITIONING,expanding,0.0,57,0.8142857142857143,-0.08540236213450539,-0.7480035202171612,0.47368421052631576,0.7170247024691244,-0.8075867202777722,0.7990748436282499,-4.867934641666807,8.262137875000047,-1.0,7.0,-1.0
NFP,ridge,PRICE+POSITIONING,expanding,0.1,51,0.7285714285714285,-0.10351595114379472,-0.8618517554476592,0.47058823529411764,0.6934849833333189,-0.8119612262345623,0.7591878483594074,-5.279313508333531,8.440528466666706,-1.0,7.0,-1.0
NFP,ridge,PRICE+POSITIONING,expanding,0.2,42,0.6,-0.1339865696428604,-1.0033858407599023,0.4523809523809524,0.6921295842105116,-0.8164303489130376,0.7003159822516832,-5.627435925000137,8.709165216666634,-1.0,6.0,-1.0
NFP,ridge,PRICE+POSITIONING,expanding,0.3,37,0.5285714285714286,-0.07218813536036403,-0.5084441707140662,0.4864864864864865,0.6826314638888737,-0.7872803872806946,0.8214398612659395,-2.670961008333469,6.752690299999965,-1.0,6.0,-1.0
NFP,ridge,PRICE+POSITIONING,rolling5y,0.0,51,0.7285714285714285,-0.042682240522879424,-0.33848224403651783,0.49019607843137253,0.7814226869999872,-0.8350908246794818,0.8997440111470544,-2.1767942666668505,8.470870150000035,-1.0,8.0,-1.0
NFP,ridge,PRICE+POSITIONING,rolling5y,0.1,46,0.6571428571428571,-0.06964385688406123,-0.5191619733163575,0.4782608695652174,0.7783051136363515,-0.8469304131944395,0.8423907596796403,-3.2036174166668165,7.8045654833334,-1.0,8.0,-1.0
NFP,ridge,PRICE+POSITIONING,rolling5y,0.2,38,0.5428571428571428,-0.04067320789474191,-0.2825747999148155,0.5,0.7315919175438438,-0.8129383333333277,0.8999353180259867,-1.5455819000001925,5.848762858333241,-1.0,7.0,-1.0
NFP,ridge,PRICE+POSITIONING,rolling5y,0.3,33,0.4714285714285714,-0.014830734090914248,-0.09309788357531122,0.5151515151515151,0.7575636524509664,-0.8354997697916626,0.9633891113217922,-0.4894142250001702,4.770930841666616,-1.0,5.0,-1.0
NFP,ridge,PRICE+POSITIONING,decay3y,0.0,54,0.7714285714285715,-0.02219842839506426,-0.18703526268118045,0.5,0.7510029620370255,-0.795399818827154,0.9441829684402075,-1.19871513333347,5.075957458333354,-1.0,6.0,-1.0
NFP,ridge,PRICE+POSITIONING,decay3y,0.1,47,0.6714285714285714,-0.026372675531919132,-0.20531514359425992,0.5106382978723404,0.7317105253472076,-0.8174160155797034,0.9340703043453049,-1.2395157500001992,5.621249458333258,-1.0,7.0,-1.0
NFP,ridge,PRICE+POSITIONING,decay3y,0.2,41,0.5857142857142857,-0.06936755853658962,-0.5117803467565002,0.4878048780487805,0.6978249229166502,-0.8000270646825324,0.8307158520271428,-2.844069900000174,5.92579919166667,-1.0,6.0,-1.0
NFP,ridge,PRICE+POSITIONING,decay3y,0.3,34,0.4857142857142857,-0.07559416446078747,-0.49109899335714313,0.47058823529411764,0.747313110416653,-0.807067297685179,0.8230767400384498,-2.5702015916667738,6.651930883333269,-1.0,7.0,-1.0
NFP,ridge,PRICE+MACRO+RATES,expanding,0.0,62,0.8857142857142857,0.11572824516128785,1.0280882184230444,0.5645161290322581,0.7661103492857072,-0.7273596675925892,1.365357542603786,7.1751511999998465,4.272520033333232,-1.0,4.0,-1.0
NFP,ridge,PRICE+MACRO+RATES,expanding,0.1,57,0.8142857142857143,0.12127672763157488,1.0239129260214745,0.5614035087719298,0.779960322395824,-0.7218382736666641,1.3830649455527209,6.912773474999768,3.499336516666593,-1.0,4.0,-1.0
NFP,ridge,PRICE+MACRO+RATES,expanding,0.2,46,0.6571428571428571,0.02369063278985013,0.1924818264690134,0.5,0.7450315630434658,-0.6976502974637653,1.0679154954164718,1.089769108333106,5.1760591083334475,-1.0,5.0,-1.0
NFP,ridge,PRICE+MACRO+RATES,expanding,0.3,39,0.5571428571428572,-0.05063584914530351,-0.3641881532263362,0.4358974358974359,0.8198375965686138,-0.7232744208333305,0.8758928172046218,-1.974798116666837,5.1760591083334475,-1.0,5.0,-1.0
NFP,ridge,PRICE+MACRO+RATES,rolling5y,0.0,57,0.8142857142857143,0.10349252149122662,0.8618950680638269,0.5263157894736842,0.8387433333333256,-0.7134528249999945,1.3062349806198266,5.8990737249999174,4.595853366666574,-1.0,7.0,-1.0
NFP,ridge,PRICE+MACRO+RATES,rolling5y,0.1,50,0.7142857142857143,0.13934550366666293,1.0366249668541678,0.56,0.8716833779761816,-0.7927208818181787,1.3995029445783937,6.967275183333147,3.5180213499999504,-1.0,5.0,-1.0
NFP,ridge,PRICE+MACRO+RATES,rolling5y,0.2,42,0.6,0.08586057718253502,0.5860611725828825,0.5238095238095238,0.8657274382575639,-0.7719929699999966,1.2335606917292583,3.606144241666471,3.518021349999951,-1.0,5.0,-1.0
NFP,ridge,PRICE+MACRO+RATES,rolling5y,0.3,40,0.5714285714285714,0.035457075208328574,0.23865547701201545,0.5,0.8429071204166538,-0.7719929699999966,1.091858544277492,1.418283008333143,3.5180213499999504,-1.0,5.0,-1.0
NFP,ridge,PRICE+MACRO+RATES,decay3y,0.0,60,0.8571428571428571,0.10179543541666478,0.870691308852538,0.5333333333333333,0.8187569838541588,-0.7175891913690429,1.3039804368801746,6.107726124999886,4.272520033333231,-1.0,4.0,-1.0
NFP,ridge,PRICE+MACRO+RATES,decay3y,0.1,50,0.7142857142857143,0.14427916966666166,1.1141080925774596,0.56,0.825928419345227,-0.7232744208333305,1.4533648561911876,7.213958483333083,3.0,-1.0,3.0,-1.0
NFP,ridge,PRICE+MACRO+RATES,decay3y,0.2,44,0.6285714285714286,0.060799660037874355,0.45452250522631876,0.5227272727272727,0.8043946072463647,-0.7536138535714245,1.1690385112815687,2.6751850416664715,4.203337066666752,-1.0,5.0,-1.0
NFP,ridge,PRICE+MACRO+RATES,decay3y,0.3,37,0.5285714285714286,-0.02682312432432866,-0.18656236470073467,0.4594594594594595,0.8137314897058678,-0.7412945462499958,0.9330592943776046,-0.9924556000001604,4.1760591083334475,-1.0,5.0,-1.0
NFP,ridge,ALL,expanding,0.0,60,0.8571428571428571,0.1248930137499959,1.0701267468781948,0.55,0.8222668686868589,-0.7274528089506146,1.3815230722057574,7.4935808249997535,3.822669849999935,-1.0,6.0,-1.0
NFP,ridge,ALL,expanding,0.1,56,0.8,0.12178965014880526,0.995058863442284,0.5535714285714286,0.824434493010743,-0.7494899549999977,1.3639926252691732,6.820220408333094,3.8226698499999356,-1.0,6.0,-1.0
NFP,ridge,ALL,expanding,0.2,52,0.7428571428571429,0.14873160833332924,1.1847851506584368,0.5769230769230769,0.805554800277769,-0.7469363806818162,1.4706524504240635,7.734043633333121,3.5460232250000367,-1.0,4.0,-1.0
NFP,ridge,ALL,expanding,0.3,43,0.6142857142857143,0.095261069186043,0.6660942043965884,0.5581395348837209,0.8021058621527684,-0.7975955114035048,1.270300970488283,4.096225974999849,3.5460232250000367,-1.0,3.0,-1.0
NFP,ridge,ALL,rolling5y,0.0,60,0.8571428571428571,0.1239754809722184,1.0596024150638437,0.55,0.8160173217171611,-0.7218534354938226,1.3816579035031964,7.438528858333104,3.822669849999935,-1.0,6.0,-1.0
NFP,ridge,ALL,rolling5y,0.1,56,0.8,0.14694587738094897,1.1881222142962833,0.5535714285714286,0.8591246954300967,-0.7361558569999943,1.4471318976863459,8.228969133333143,3.711401550000043,-1.0,5.0,-1.0
NFP,ridge,ALL,rolling5y,0.2,46,0.6571428571428571,0.14375723242753266,1.025128336157973,0.5434782608695652,0.8975489446666568,-0.7536138535714245,1.4178489996553882,6.612832691666503,3.0,-1.0,4.0,-1.0
NFP,ridge,ALL,rolling5y,0.3,39,0.5571428571428572,0.21111452863247415,1.3950904622704068,0.5897435897435898,0.8793355764492644,-0.7494532276041616,1.686622786570275,8.233466616666492,3.0,-1.0,4.0,-1.0
NFP,ridge,ALL,decay3y,0.0,61,0.8714285714285714,0.11836432499999666,1.0295688477645026,0.5409836065573771,0.8222668686868589,-0.7112351014880911,1.3625596319242594,7.220223824999796,3.822669849999935,-1.0,6.0,-1.0
NFP,ridge,ALL,decay3y,0.1,56,0.8,0.1186684290178529,0.9676814508062241,0.5535714285714286,0.824434493010743,-0.7564814903333308,1.351386364896863,6.645432024999763,3.6023083500000816,-1.0,5.0,-1.0
NFP,ridge,ALL,decay3y,0.2,48,0.6857142857142857,0.0834262975694418,0.6151543467920997,0.5416666666666666,0.8211890894230695,-0.7884751837121182,1.2308519236101159,4.004462283333206,3.5460232250000367,-1.0,5.0,-1.0
NFP,ridge,ALL,decay3y,0.3,39,0.5571428571428572,0.07569639722221752,0.4969869048944452,0.5384615384615384,0.8145940099206227,-0.7863508175925884,1.2085695811320587,2.952159491666483,3.0,-1.0,3.0,-1.0
NFP,lgbm,PRICE,expanding,0.0,50,0.7142857142857143,0.06217555383332941,0.4652662902193054,0.54,0.8152335503086354,-0.8218490507246384,1.1644635926081353,3.10877769166647,5.771104125000042,-1.0,3.0,-1.0
NFP,lgbm,PRICE,expanding,0.1,31,0.44285714285714284,0.09956970591397588,0.588245931581279,0.5806451612903226,0.7684561328703672,-0.8265807314102585,1.2872501663074085,3.086660883333252,4.158377575000031,-1.0,3.0,-1.0
NFP,lgbm,PRICE,expanding,0.2,18,0.2571428571428571,-0.020102951851855448,-0.08117296669217085,0.4444444444444444,0.9417707656249945,-0.7896019258333353,0.9541727139341127,-0.3618531333333981,4.0,-1.0,4.0,-1.0
NFP,lgbm,PRICE,expanding,0.3,8,0.11428571428571428,-0.44560010833333297,-1.3483802868811376,0.25,0.9483803624999988,-0.9102602652777768,0.34729274643613023,-3.5648008666666637,3.9247963583333485,-1.0,4.0,-1.0
NFP,lgbm,PRICE,rolling5y,0.0,54,0.7714285714285715,0.05447585586419332,0.4490579470370363,0.5370370370370371,0.7598069192528649,-0.7637081776666658,1.1540743599553491,2.9416962166664393,4.771104125000042,-1.0,3.0,-1.0
NFP,lgbm,PRICE,rolling5y,0.1,35,0.5,0.09969860190475674,0.6330300233305882,0.5714285714285714,0.7789141662499919,-0.8059221505555569,1.2886507970412984,3.489451066666486,4.0,-1.0,4.0,-1.0
NFP,lgbm,PRICE,rolling5y,0.2,17,0.24285714285714285,0.08039957303921541,0.37417338003583483,0.5294117647058824,0.8069791111111129,-0.7370024072916692,1.2318161935673557,1.366792741666662,2.780301175000015,-1.0,3.0,-1.0
NFP,lgbm,PRICE,rolling5y,0.3,9,0.12857142857142856,-0.13261246574074903,-0.39418927959348726,0.3333333333333333,1.1106563277777595,-0.7542468625000032,0.736268444058496,-1.1935121916667413,2.869628258333364,-1.0,4.0,-1.0
NFP,lgbm,PRICE,decay3y,0.0,55,0.7857142857142857,0.018909035909086925,0.1653939269372092,0.509090909090909,0.7402889452380839,-0.7291886478395023,1.0528236507734985,1.0399969749997808,5.9690286666666825,-1.0,6.0,-1.0
NFP,lgbm,PRICE,decay3y,0.1,34,0.4857142857142857,0.0439221975490138,0.3044357860734451,0.5588235294117647,0.6918947578947273,-0.7768430455555568,1.1281558503750264,1.4933547166664694,4.969028666666683,-1.0,5.0,-1.0
NFP,lgbm,PRICE,decay3y,0.2,24,0.34285714285714286,-0.08191769687500049,-0.4505199659619953,0.5,0.6943866638888873,-0.8582220576388883,0.8090990644067814,-1.9660247250000116,4.0,-1.0,4.0,-1.0
NFP,lgbm,PRICE,decay3y,0.3,14,0.2,-0.42608556607142206,-2.205439205981664,0.35714285714285715,0.4539094366666784,-0.9149716787037,0.27560624566711633,-5.9651979249999085,6.764605249999931,-1.0,4.0,-1.0
NFP,lgbm,PRICE+MACRO,expanding,0.0,51,0.7285714285714285,0.013300793790846989,0.10716713185571797,0.5098039215686274,0.7555833791666593,-0.7586730949999976,1.0357645730580813,0.6783404833331964,3.5340657416667227,-1.0,3.0,-1.0
NFP,lgbm,PRICE+MACRO,expanding,0.1,34,0.4857142857142857,0.14878517254901694,0.9207460634893735,0.5882352941176471,0.8211245687499948,-0.8116996791666659,1.445159001933546,5.058695866666576,3.0,-1.0,3.0,-1.0
NFP,lgbm,PRICE+MACRO,expanding,0.2,19,0.2714285714285714,0.08224442499999697,0.3365088315765263,0.5263157894736842,0.9216344991666612,-0.8504112129629634,1.2041684267537986,1.5626440749999424,2.3686874166667167,-1.0,2.0,-1.0
NFP,lgbm,PRICE+MACRO,expanding,0.3,11,0.15714285714285714,-0.35073396818181596,-1.5548262907916957,0.36363636363636365,0.4489068166666736,-0.8076715595238099,0.3176020969509238,-3.8580736499999753,3.9381517249999733,-1.0,3.0,-1.0
NFP,lgbm,PRICE+MACRO,rolling5y,0.0,55,0.7857142857142857,-0.01722437303030804,-0.1491568488281547,0.4909090909090909,0.7246294558641887,-0.7325834223214299,0.953816058553783,-0.9473405166669421,6.779462075000082,-1.0,3.0,-1.0
NFP,lgbm,PRICE+MACRO,rolling5y,0.1,36,0.5142857142857142,-0.020066117824080097,-0.1632095773329875,0.5,0.6013310592592507,-0.6414632949074109,0.9374364270461446,-0.7223802416668835,4.480037925000185,-1.0,4.0,-1.0
NFP,lgbm,PRICE+MACRO,rolling5y,0.2,20,0.2857142857142857,-0.07015047833333483,-0.4150903332331094,0.45,0.6025119129629578,-0.6205106166666652,0.7944494085732232,-1.4030095666666966,2.787023841666648,-1.0,2.0,-1.0
NFP,lgbm,PRICE+MACRO,rolling5y,0.3,14,0.2,-0.10947618333333746,-0.4916963054536767,0.35714285714285715,0.8039186433333271,-0.6169177537037066,0.723956258086582,-1.5326665666667245,3.4428767583333033,-1.0,3.0,-1.0
NFP,lgbm,PRICE+MACRO,decay3y,0.0,58,0.8285714285714286,-0.04970423002873627,-0.42500401433677687,0.5,0.7202293560344777,-0.8196378160919502,0.8787166012770689,-2.882845341666704,6.142046241666586,-1.0,5.0,-1.0
NFP,lgbm,PRICE+MACRO,decay3y,0.1,44,0.6285714285714286,0.005501265151513665,0.04079886446524824,0.5227272727272727,0.7208885362318774,-0.7780181269841229,1.0148151565081625,0.24205566666660128,5.396105899999876,-1.0,3.0,-1.0
NFP,lgbm,PRICE+MACRO,decay3y,0.2,30,0.42857142857142855,0.1146283702777762,0.7281735305033276,0.6,0.7305006546296248,-0.8091800562499967,1.354149763678684,3.438851108333286,3.2944339083332275,-1.0,3.0,-1.0
NFP,lgbm,PRICE+MACRO,decay3y,0.3,17,0.24285714285714285,-0.04810702941176491,-0.22571509745222137,0.47058823529411764,0.7365426468749945,-0.7455734083333289,0.8781222179899576,-0.8178195000000035,2.294433908333228,-1.0,2.0,-1.0
NFP,lgbm,PRICE+RATES,expanding,0.0,42,0.6,0.09299576130951884,0.65120719723738,0.5476190476190477,0.809210057246367,-0.7740004916666656,1.2655936008372712,3.905821974999791,4.430636424999989,-1.0,4.0,-1.0
NFP,lgbm,PRICE+RATES,expanding,0.1,32,0.45714285714285713,0.040876885677077965,0.2513772771921794,0.53125,0.7573915181372455,-0.7711730311111119,1.1130797100776748,1.3080603416664949,3.837388583333336,-1.0,3.0,-1.0
NFP,lgbm,PRICE+RATES,expanding,0.2,18,0.2571428571428571,-0.033850037037041154,-0.17069858071442656,0.5,0.6787022037036986,-0.746402277777781,0.9092981411101239,-0.6093006666667408,2.5080382500000273,-1.0,2.0,-1.0
NFP,lgbm,PRICE+RATES,expanding,0.3,7,0.1,-0.6174586797619072,-2.0414220022989378,0.14285714285714285,1.1393508333333102,-0.9102602652777768,0.20861264936968762,-4.32221075833335,4.32221075833335,-1.0,4.0,-1.0
NFP,lgbm,PRICE+RATES,rolling5y,0.0,51,0.7285714285714285,-0.055003097875821076,-0.4901634590508479,0.49019607843137253,0.6661577976666574,-0.7484270358974349,0.8558434064880938,-2.8051579916668747,5.2791423750000686,-1.0,3.0,-1.0
NFP,lgbm,PRICE+RATES,rolling5y,0.1,40,0.5714285714285714,-0.045962255416671385,-0.35987979285542054,0.5,0.6557991516666561,-0.7477236624999988,0.8770608508951089,-1.8384902166668555,5.47706691666671,-1.0,5.0,-1.0
NFP,lgbm,PRICE+RATES,rolling5y,0.2,21,0.3,-0.0016575178571461634,-0.008778959478152193,0.5238095238095238,0.6984375113636326,-0.7717620500000029,0.9954898177488684,-0.03480787500006943,3.0,-1.0,3.0,-1.0
NFP,lgbm,PRICE+RATES,rolling5y,0.3,10,0.14285714285714285,-0.1354564324999994,-0.48045303991017674,0.4,0.7927292125000065,-0.7542468625000032,0.700680596688155,-1.354564324999994,2.52548117500002,-1.0,4.0,-1.0
NFP,lgbm,PRICE+RATES,decay3y,0.0,55,0.7857142857142857,0.04029124606060552,0.35856823788202175,0.5272727272727272,0.7167108140804549,-0.7141767336538417,1.1193422832682092,2.216018533333304,4.158377575000031,-1.0,3.0,-1.0
NFP,lgbm,PRICE+RATES,decay3y,0.1,39,0.5571428571428572,0.01705522329059362,0.12951527421831696,0.5384615384615384,0.6856905448412615,-0.763019318518519,1.0484299452182078,0.6651537083331511,4.969028666666683,-1.0,5.0,-1.0
NFP,lgbm,PRICE+RATES,decay3y,0.2,24,0.34285714285714286,-0.09593451180555553,-0.5391860481777914,0.5,0.677038012499998,-0.868907036111109,0.7791834849561785,-2.3024282833333327,4.0,-1.0,4.0,-1.0
NFP,lgbm,PRICE+RATES,decay3y,0.3,13,0.18571428571428572,-0.10784003141025506,-0.4353676334199056,0.46153846153846156,0.7086300847222257,-0.8076715595238099,0.7520349185432567,-1.4019204083333157,2.520011858333305,-1.0,2.0,-1.0
NFP,lgbm,PRICE+DXYFX,expanding,0.0,47,0.6714285714285714,0.11517959219857708,0.8980050318436887,0.574468085106383,0.7442289728394976,-0.7340370716666655,1.3687443756104618,5.413440833333123,4.158377575000031,-1.0,3.0,-1.0
NFP,lgbm,PRICE+DXYFX,expanding,0.1,34,0.4857142857142857,0.043163650735288696,0.2640340977464305,0.5294117647058824,0.794265428240732,-0.801825848958335,1.114392368282523,1.4675641249998157,3.969028666666683,-1.0,4.0,-1.0
NFP,lgbm,PRICE+DXYFX,expanding,0.2,22,0.3142857142857143,-0.06756524128788514,-0.3339229707971123,0.5,0.6707829651515058,-0.805913447727276,0.8323263087905454,-1.4864353083334731,4.47706691666671,-1.0,4.0,-1.0
NFP,lgbm,PRICE+DXYFX,expanding,0.3,6,0.08571428571428572,-0.5035813374999963,-2.040344666288153,0.3333333333333333,0.22003678333334165,-0.8653903979166652,0.12713151420622223,-3.021488024999978,3.461561591666661,-1.0,4.0,-1.0
NFP,lgbm,PRICE+DXYFX,rolling5y,0.0,54,0.7714285714285715,-0.013975597993831863,-0.12366585096984513,0.5185185185185185,0.6785490616071327,-0.7597713852564089,0.9617960842558011,-0.7546822916669206,4.9690286666666825,-1.0,5.0,-1.0
NFP,lgbm,PRICE+DXYFX,rolling5y,0.1,39,0.5571428571428572,0.10910372200854183,0.854237087948135,0.5897435897435898,0.6606697942028884,-0.6837725067708315,1.3889309964387782,4.2550451583331315,3.0,-1.0,3.0,-1.0
NFP,lgbm,PRICE+DXYFX,rolling5y,0.2,27,0.38571428571428573,0.13724974290123357,0.8365940746723926,0.5925925925925926,0.7371188526041668,-0.7352871439393968,1.4581689416883392,3.7057430583333066,3.0000000000000004,-1.0,3.0,-1.0
NFP,lgbm,PRICE+DXYFX,rolling5y,0.3,13,0.18571428571428572,-0.017139883333339448,-0.07187829673266656,0.46153846153846156,0.7788667958333235,-0.6994313226190505,0.954489867874976,-0.2228184833334128,2.0,-1.0,2.0,-1.0
NFP,lgbm,PRICE+DXYFX,decay3y,0.0,52,0.7428571428571429,0.02181745240384185,0.18016548464452395,0.5384615384615384,0.709062768452373,-0.7799687496527777,1.0606064626256304,1.1345075249997763,5.9690286666666825,-1.0,6.0,-1.0
NFP,lgbm,PRICE+DXYFX,decay3y,0.1,41,0.5857142857142857,0.03433261910568516,0.24335159885240437,0.5365853658536586,0.7374050185605956,-0.7797512118421057,1.0950125847129364,1.4076373833330913,5.581755216666693,-1.0,5.0,-1.0
NFP,lgbm,PRICE+DXYFX,decay3y,0.2,26,0.37142857142857144,0.12927220512819868,0.6891533384461239,0.6153846153846154,0.7489879322916575,-0.8622729583333353,1.3897927333624964,3.361077333333166,3.969028666666683,-1.0,4.0,-1.0
NFP,lgbm,PRICE+DXYFX,decay3y,0.3,14,0.2,-0.29399483154762024,-1.360503603458894,0.42857142857142855,0.5576056583333298,-0.9326951989583326,0.44838254149593865,-4.1159276416666835,4.942612925000012,-1.0,4.0,-1.0
NFP,lgbm,PRICE+VOLRISK,expanding,0.0,61,0.8714285714285714,0.07767396106557047,0.6844930628991885,0.5573770491803278,0.741398460294111,-0.7581272601851843,1.231472504626556,4.7381116249997985,6.582602300000076,-1.0,4.0,-1.0
NFP,lgbm,PRICE+VOLRISK,expanding,0.1,46,0.6571428571428571,-0.0828905422101493,-0.6405649309643426,0.4782608695652174,0.6874586969696859,-0.7890440114583314,0.7986505987891788,-3.8129649416668676,6.9950719833333705,-1.0,4.0,-1.0
NFP,lgbm,PRICE+VOLRISK,expanding,0.2,32,0.45714285714285713,-0.07181619609375288,-0.5195771076609371,0.5,0.5971366979166581,-0.7407690901041637,0.8061036912767127,-2.298118275000092,5.536477208333318,-1.0,4.0,-1.0
NFP,lgbm,PRICE+VOLRISK,expanding,0.3,19,0.2714285714285714,-0.20408555964912556,-1.0794166668571354,0.3684210526315789,0.7196740666666605,-0.7429453416666675,0.5650615848542087,-3.8776256333333854,5.340045516666654,-1.0,3.0,-1.0
NFP,lgbm,PRICE+VOLRISK,rolling5y,0.0,58,0.8285714285714286,-0.11645018232758798,-1.1212183298608125,0.4827586206896552,0.5998524803571367,-0.7849993341666645,0.7132010062076423,-6.754110575000103,9.429501450000128,-1.0,5.0,-1.0
NFP,lgbm,PRICE+VOLRISK,rolling5y,0.1,49,0.7,-0.11880724863945928,-1.0417243663423714,0.4897959183673469,0.5946591840277698,-0.8037350239999994,0.7102749035690393,-5.821555183333505,8.029515308333506,-1.0,5.0,-1.0
NFP,lgbm,PRICE+VOLRISK,rolling5y,0.2,32,0.45714285714285713,-0.2723737570312548,-2.05543659981912,0.40625,0.5271552852564011,-0.819419943859651,0.4401713649737697,-8.715960225000154,9.794243991666843,-1.0,4.0,-1.0
NFP,lgbm,PRICE+VOLRISK,rolling5y,0.3,21,0.3,-0.2531403313492063,-1.4867304994810069,0.38095238095238093,0.6035614864583371,-0.7803414500000022,0.47597427152579097,-5.315946958333333,7.061834433333312,-1.0,5.0,-1.0
NFP,lgbm,PRICE+VOLRISK,decay3y,0.0,60,0.8571428571428571,-0.1502519541666699,-1.44431684602576,0.4666666666666667,0.5986579770833244,-0.8055481440104149,0.6502724062401121,-9.015117250000193,10.300937450000184,-1.0,6.0,-1.0
NFP,lgbm,PRICE+VOLRISK,decay3y,0.1,50,0.7142857142857143,-0.11967113783333767,-1.013964876697995,0.48,0.6386589048611012,-0.8196681003205121,0.7192317189900891,-5.9835568916668835,7.269377091666872,-1.0,5.0,-1.0
NFP,lgbm,PRICE+VOLRISK,decay3y,0.2,37,0.5285714285714286,-0.07504621959459831,-0.5386871192123673,0.4864864864864865,0.6757845777777692,-0.7863596065789463,0.814152918162093,-2.7767101250001374,5.6559756249999955,-1.0,5.0,-1.0
NFP,lgbm,PRICE+VOLRISK,decay3y,0.3,28,0.4,-0.1990932633928618,-1.396711535524253,0.42857142857142855,0.5330993736110973,-0.7482377411458312,0.5343549359005099,-5.5746113750001305,6.780945908333441,-1.0,4.0,-1.0
NFP,lgbm,PRICE+CONSENSUS,expanding,0.0,49,0.7,0.0649686530612213,0.48298742788989785,0.5306122448979592,0.8226787240384543,-0.7915731663043463,1.1748562030053027,3.183463999999843,3.722589791666678,-1.0,3.0,-1.0
NFP,lgbm,PRICE+CONSENSUS,expanding,0.1,29,0.4142857142857143,-0.05447303850574753,-0.31084777851858436,0.4827586206896552,0.7564041529761879,-0.811291750555554,0.8701890644900617,-1.5797181166666783,5.148042758333342,-1.0,4.0,-1.0
NFP,lgbm,PRICE+CONSENSUS,expanding,0.2,18,0.2571428571428571,0.1587305953703667,0.6388910030343403,0.5555555555555556,0.938263189166662,-0.8156851468750025,1.4378452163210158,2.8571507166666006,3.0000000000000004,-1.0,3.0,-1.0
NFP,lgbm,PRICE+CONSENSUS,expanding,0.3,10,0.14285714285714285,-0.4490947933333322,-2.1970756002103053,0.3,0.34484441388889936,-0.7893544535714314,0.18722952968285053,-4.490947933333322,4.850943425000007,-1.0,4.0,-1.0
NFP,lgbm,PRICE+CONSENSUS,rolling5y,0.0,53,0.7571428571428571,0.06295485754716645,0.5152487960217665,0.5471698113207547,0.7443960566091906,-0.7604532579861126,1.182819008212071,3.336607449999822,4.999999999999999,-1.0,5.0,-1.0
NFP,lgbm,PRICE+CONSENSUS,rolling5y,0.1,36,0.5142857142857142,0.0113882335648104,0.0752052865099107,0.5,0.7771447064814757,-0.7543682393518548,1.030192770508459,0.4099764083331744,5.0,-1.0,5.0,-1.0
NFP,lgbm,PRICE+CONSENSUS,rolling5y,0.2,20,0.2857142857142857,0.00048569541666552697,0.0025776033946083433,0.5,0.7179090166666622,-0.7169376258333311,1.0013549167993547,0.00971390833331054,4.0,-1.0,4.0,-1.0
NFP,lgbm,PRICE+CONSENSUS,rolling5y,0.3,11,0.15714285714285714,0.10917143106060695,0.39116483147995634,0.5454545454545454,0.7877278194444495,-0.7050962350000038,1.3406303089014993,1.2008857416666765,2.0,-1.0,2.0,-1.0
NFP,lgbm,PRICE+CONSENSUS,decay3y,0.0,51,0.7285714285714285,0.12962040915032222,1.0268790169019388,0.5686274509803921,0.7868184316091852,-0.7366860749999969,1.407885646213099,6.610640866666434,5.9690286666666825,-1.0,6.0,-1.0
NFP,lgbm,PRICE+CONSENSUS,decay3y,0.1,34,0.4857142857142857,0.11660025563725296,0.6853124648165064,0.5294117647058824,0.9041231300925889,-0.769362978125,1.322052854470606,3.9644086916666006,4.9690286666666825,-1.0,5.0,-1.0
NFP,lgbm,PRICE+CONSENSUS,decay3y,0.2,23,0.32857142857142857,0.022637238043475397,0.11155368161956634,0.4782608695652174,0.926350840909084,-0.805766897916666,1.0538468875992657,0.5206564749999342,4.0,-1.0,4.0,-1.0
NFP,lgbm,PRICE+CONSENSUS,decay3y,0.3,12,0.17142857142857143,-0.22746365555555473,-0.836961464754811,0.4166666666666667,0.7463995450000007,-0.9230802273809516,0.5775690089858591,-2.729563866666657,3.908620441666661,-1.0,3.0,-1.0
NFP,lgbm,PRICE+FED,expanding,0.0,45,0.6428571428571429,0.032304957962957015,0.23482432861162966,0.5555555555555556,0.7471483799999897,-0.8612493195833337,1.0843961832699252,1.4537231083330657,6.279142375000068,-1.0,3.0,-1.0
NFP,lgbm,PRICE+FED,expanding,0.1,31,0.44285714285714284,0.01923071908601978,0.11403795587679462,0.5483870967741935,0.7348336205882333,-0.8497156613095252,1.05011359503718,0.5961522916666131,4.508038250000028,-1.0,4.0,-1.0
NFP,lgbm,PRICE+FED,expanding,0.2,20,0.2857142857142857,-0.024033423333336624,-0.10510454625280911,0.5,0.8044812708333285,-0.852548117500002,0.943619784408622,-0.48066846666673246,3.508038250000027,-1.0,3.0,-1.0
NFP,lgbm,PRICE+FED,expanding,0.3,8,0.11428571428571428,-0.6456857104166669,-3.4069166574690457,0.125,0.35999549166668504,-0.7893544535714314,0.06515188094305358,-5.165485683333335,5.52548117500002,-1.0,7.0,-1.0
NFP,lgbm,PRICE+FED,rolling5y,0.0,50,0.7142857142857143,0.02004303416666138,0.1671184231949016,0.54,0.6752535675925839,-0.7491171572463781,1.0581642176851855,1.002151708333069,4.969028666666683,-1.0,5.0,-1.0
NFP,lgbm,PRICE+FED,rolling5y,0.1,36,0.5142857142857142,0.053118310879626644,0.34163919398230014,0.5277777777777778,0.8038828828947304,-0.78597150490196,1.143116937576441,1.9122591916665592,4.0,-1.0,4.0,-1.0
NFP,lgbm,PRICE+FED,rolling5y,0.2,23,0.32857142857142857,-0.15443278913043937,-0.9293905034456774,0.4782608695652174,0.576733191666659,-0.8246682715277794,0.6410724295014852,-3.5519541500001055,6.048811983333394,-1.0,4.0,-1.0
NFP,lgbm,PRICE+FED,rolling5y,0.3,10,0.14285714285714285,-0.3370281933333369,-1.3119793173066205,0.3,0.7183997472222169,-0.7893544535714314,0.39004734129180035,-3.370281933333369,3.730277425000054,-1.0,4.0,-1.0
NFP,lgbm,PRICE+FED,decay3y,0.0,52,0.7428571428571429,0.12395652355768595,0.9952952363341098,0.5769230769230769,0.7624357813888777,-0.7466970098484844,1.3923788936162282,6.445739224999669,4.9690286666666825,-1.0,5.0,-1.0
NFP,lgbm,PRICE+FED,decay3y,0.1,35,0.5,0.14037232119046947,0.8479290241747732,0.5714285714285714,0.848510924583324,-0.8038124833333364,1.4074773941713823,4.913031241666431,5.9690286666666825,-1.0,6.0,-1.0
NFP,lgbm,PRICE+FED,decay3y,0.2,21,0.3,-0.06943804444444723,-0.34121330724204296,0.5238095238095238,0.7247628477272683,-0.9430590258333345,0.8453756452789521,-1.4581989333333918,4.969028666666683,-1.0,5.0,-1.0
NFP,lgbm,PRICE+FED,decay3y,0.3,12,0.17142857142857143,-0.45990317291666677,-1.9736822570789105,0.3333333333333333,0.4856808791666651,-0.9326951989583326,0.2603642002816627,-5.5188380750000015,5.906111524999992,-1.0,4.0,-1.0
NFP,lgbm,PRICE+POSITIONING,expanding,0.0,51,0.7285714285714285,0.09564844509803262,0.7462217598942998,0.5882352941176471,0.7496362872222109,-0.8386199007936506,1.276989707413969,4.878070699999664,5.666415825000058,-1.0,3.0,-1.0
NFP,lgbm,PRICE+POSITIONING,expanding,0.1,33,0.4714285714285714,-0.013767666414149293,-0.10056902683087836,0.5757575757575758,0.5731658850877066,-0.8103203434523824,0.9599512010159169,-0.45433299166692664,4.969028666666683,-1.0,5.0,-1.0
NFP,lgbm,PRICE+POSITIONING,expanding,0.2,12,0.17142857142857143,-0.33365040069444446,-1.7769934642112346,0.4166666666666667,0.3043352733333374,-0.7893544535714314,0.2753925528787421,-4.003804808333333,4.391078258333324,-1.0,3.0,-1.0
NFP,lgbm,PRICE+POSITIONING,expanding,0.3,8,0.11428571428571428,-0.6456857104166669,-3.4069166574690457,0.125,0.35999549166668504,-0.7893544535714314,0.06515188094305358,-5.165485683333335,5.52548117500002,-1.0,7.0,-1.0
NFP,lgbm,PRICE+POSITIONING,rolling5y,0.0,49,0.7,-0.007782187074834538,-0.06877839495669875,0.5306122448979592,0.631883420833324,-0.730882439492753,0.9773158566506239,-0.38132716666689237,4.612726550000009,-1.0,4.0,-1.0
NFP,lgbm,PRICE+POSITIONING,rolling5y,0.1,33,0.4714285714285714,-0.1076604674242447,-0.7504487784971556,0.45454545454545453,0.677286143888884,-0.7617826435185189,0.7409004716890517,-3.5527954250000753,6.423215341666721,-1.0,5.0,-1.0
NFP,lgbm,PRICE+POSITIONING,rolling5y,0.2,19,0.2714285714285714,-0.13804391008771913,-0.7098960197319532,0.47368421052631576,0.6558496537037062,-0.852548117500002,0.6923535179037377,-2.6228342916666634,4.273353083333328,-1.0,2.0,-1.0
NFP,lgbm,PRICE+POSITIONING,rolling5y,0.3,10,0.14285714285714285,-0.07916949166666805,-0.2655966660115814,0.4,0.9334465645833347,-0.7542468625000032,0.8250584001895276,-0.7916949166666805,2.461561591666661,-1.0,3.0,-1.0
NFP,lgbm,PRICE+POSITIONING,decay3y,0.0,50,0.7142857142857143,0.024744760499994137,0.20595191423698425,0.54,0.7041931731481358,-0.7728685934782591,1.0696016865772617,1.2372380249997068,6.477066916666709,-1.0,6.0,-1.0
NFP,lgbm,PRICE+POSITIONING,decay3y,0.1,36,0.5142857142857142,0.06845366990740193,0.48316125299186274,0.5833333333333334,0.6858857944444351,-0.7959513044444445,1.2064056015241214,2.4643321166664696,4.9690286666666825,-1.0,5.0,-1.0
NFP,lgbm,PRICE+POSITIONING,decay3y,0.2,18,0.2571428571428571,-0.20959264907407438,-1.0863593733857064,0.4444444444444444,0.565749626041665,-0.8298664691666658,0.5453885867780909,-3.7726676833333386,5.22784001666662,-1.0,3.0,-1.0
NFP,lgbm,PRICE+POSITIONING,decay3y,0.3,11,0.15714285714285714,-0.42126683257575254,-1.868791457936497,0.36363636363636365,0.45690660833334584,-0.9230802273809516,0.2828459355228362,-4.633935158333278,4.993930649999963,-1.0,3.0,-1.0
NFP,lgbm,PRICE+MACRO+RATES,expanding,0.0,50,0.7142857142857143,0.040792992999996266,0.3152374655469923,0.54,0.7670622018518409,-0.8117839043478213,1.1092414115262046,2.0396496499998134,4.266227616666583,-1.0,5.0,-1.0
NFP,lgbm,PRICE+MACRO+RATES,expanding,0.1,32,0.45714285714285713,0.12491725572916697,0.7259597364575862,0.5625,0.8600386874999968,-0.8202388708333286,1.3481000061144384,3.997352183333343,4.067617424999867,-1.0,3.0,-1.0
NFP,lgbm,PRICE+MACRO+RATES,expanding,0.2,19,0.2714285714285714,0.10433489517543608,0.42122960327355047,0.5263157894736842,0.9636063924999954,-0.8504112129629634,1.2590071169382249,1.9823630083332855,2.2379741499999377,-1.0,2.0,-1.0
NFP,lgbm,PRICE+MACRO+RATES,expanding,0.3,10,0.14285714285714285,-0.5712151183333315,-2.765700850136588,0.2,0.4707748666666779,-0.8317126145833338,0.14150767296661834,-5.712151183333315,6.635016083333312,-1.0,7.0,-1.0
NFP,lgbm,PRICE+MACRO+RATES,rolling5y,0.0,53,0.7571428571428571,-0.12057764606918756,-1.0932193566259751,0.4528301886792453,0.663704482638879,-0.7696387181034496,0.7136759915624705,-6.39061524166694,10.784676491666877,-1.0,4.0,-1.0
NFP,lgbm,PRICE+MACRO+RATES,rolling5y,0.1,41,0.5857142857142857,-0.20597632662602008,-1.69662173399182,0.3902439024390244,0.6496910343749935,-0.7536034376666687,0.5517520770438843,-8.445029391666823,10.72546105000015,-1.0,6.0,-1.0
NFP,lgbm,PRICE+MACRO+RATES,rolling5y,0.2,22,0.3142857142857143,0.02138987916666138,0.13721982960530432,0.5,0.62013882196969,-0.5773590636363672,1.0740955863131065,0.47057734166655035,2.4406586750000088,-1.0,2.0,-1.0
NFP,lgbm,PRICE+MACRO+RATES,rolling5y,0.3,11,0.15714285714285714,-0.10133828257575962,-0.4534899791473343,0.45454545454545453,0.5205798783333344,-0.6196034166666714,0.7001519901417189,-1.114721108333356,2.635016083333312,-1.0,3.0,-1.0
NFP,lgbm,PRICE+MACRO+RATES,decay3y,0.0,60,0.8571428571428571,-0.049132417222225264,-0.449753866437517,0.5166666666666667,0.682331916397841,-0.8310425669540201,0.8776798192370755,-2.9479450333335158,7.251753208333335,-1.0,5.0,-1.0
NFP,lgbm,PRICE+MACRO+RATES,decay3y,0.1,38,0.5428571428571428,0.04075873837719232,0.28473618648805926,0.5526315789473685,0.7386482444444391,-0.8213400632352892,1.110925756839836,1.5488320583333082,4.520215091666577,-1.0,4.0,-1.0
NFP,lgbm,PRICE+MACRO+RATES,decay3y,0.2,31,0.44285714285714284,-0.03608261102150573,-0.228609210905599,0.5161290322580645,0.7102989531249951,-0.8322229461111067,0.9103957301430985,-1.1185609416666775,5.062511183333224,-1.0,4.0,-1.0
NFP,lgbm,PRICE+MACRO+RATES,decay3y,0.3,15,0.21428571428571427,-0.0840853955555556,-0.34557055130521874,0.4,0.9081466236111041,-0.7455734083333289,0.8120341681187324,-1.261280933333334,2.2944339083332275,-1.0,2.0,-1.0
NFP,lgbm,ALL,expanding,0.0,55,0.7857142857142857,-0.024614747121214958,-0.21640088419212605,0.509090909090909,0.6939225997023714,-0.7697645882716009,0.934861706673464,-1.3538110916668227,7.570838600000039,-1.0,4.0,-1.0
NFP,lgbm,ALL,expanding,0.1,37,0.5285714285714286,-0.09490004527027204,-0.6760046123950277,0.43243243243243246,0.7718115911458246,-0.7552517682539648,0.7786104598560243,-3.5113016750000656,5.446188750000033,-1.0,4.0,-1.0
NFP,lgbm,ALL,expanding,0.2,27,0.38571428571428573,-0.04828082191357977,-0.29252961207534084,0.48148148148148145,0.7358302711538406,-0.7763839797618989,0.8800683474702411,-1.3035821916666537,5.589376174999984,-1.0,4.0,-1.0
NFP,lgbm,ALL,expanding,0.3,17,0.24285714285714285,-0.06493707303921195,-0.3325159021783864,0.47058823529411764,0.6724267437499993,-0.7203715768518443,0.8297282684628179,-1.1039302416666033,4.225498908333256,-1.0,3.0,-1.0
NFP,lgbm,ALL,rolling5y,0.0,58,0.8285714285714286,0.014010913793098967,0.1198147597490824,0.5,0.7552410931034396,-0.7272192655172418,1.0385328454771712,0.81263299999974,5.695391358333382,-1.0,4.0,-1.0
NFP,lgbm,ALL,rolling5y,0.1,45,0.6428571428571429,-0.09850706592592867,-0.8191907902835033,0.4666666666666667,0.6509383492063412,-0.7542718041666648,0.755127067469826,-4.43281796666679,9.494303416666867,-1.0,4.0,-1.0
NFP,lgbm,ALL,rolling5y,0.2,29,0.4142857142857143,-0.07721695258621089,-0.5355168553493764,0.4827586206896552,0.6187893083333267,-0.7268227961111129,0.7946045320371058,-2.239291625000116,5.008172341666863,-1.0,2.0,-1.0
NFP,lgbm,ALL,rolling5y,0.3,15,0.21428571428571427,-0.11625485666666767,-0.583780552252903,0.4,0.6689106680555597,-0.6396985398148192,0.6971103068321284,-1.743822850000015,4.096511591666665,-1.0,3.0,-1.0
NFP,lgbm,ALL,decay3y,0.0,58,0.8285714285714286,-0.07941229985632466,-0.7062722625289227,0.5,0.6562708589080359,-0.8150954586206853,0.8051460132271938,-4.60591339166683,5.42246555833348,-1.0,4.0,-1.0
NFP,lgbm,ALL,decay3y,0.1,48,0.6857142857142857,0.020366336805553147,0.16225769990914055,0.5416666666666666,0.699393710256402,-0.7821205590909045,1.056814315162663,0.977584166666551,3.454695049999941,-1.0,3.0,-1.0
NFP,lgbm,ALL,decay3y,0.2,39,0.5571428571428572,0.026119867735038847,0.1868935536337349,0.5641025641025641,0.6767295708333226,-0.815845630392152,1.073447778939494,1.018674841666515,3.3352852000001194,-1.0,3.0,-1.0
NFP,lgbm,ALL,decay3y,0.3,23,0.32857142857142857,-0.08422083985507686,-0.5096365107155478,0.5217391304347826,0.564423446527766,-0.79183278863636,0.7776069364338359,-1.9370793166667677,4.4512735250000315,-1.0,4.0,-1.0
NFP,knn,PRICE,expanding,0.0,40,0.5714285714285714,-0.2742794906250026,-2.2325856103315904,0.4,0.5666057755208271,-0.8348696680555557,0.45245048195404697,-10.971179625000104,11.787731791666753,-1.0,6.0,-1.0
NFP,knn,PRICE,expanding,0.1,18,0.2571428571428571,-0.3190239481481496,-1.6190726654453695,0.4444444444444444,0.5283246999999989,-0.9969028666666683,0.42397286047861543,-5.7424310666666925,6.739922150000021,-1.0,4.0,-1.0
NFP,knn,PRICE,expanding,0.2,2,0.02857142857142857,-0.0012544583333351511,0.0,0.5,0.9974910833333297,-1.0,0.9974910833333297,-0.0025089166666703022,1.0,-1.0,1.0,-1.0
NFP,knn,PRICE,expanding,0.3,0,0.0,,,,,,,,,,,
NFP,knn,PRICE,rolling5y,0.0,56,0.8,-0.20893976264881145,-1.7127575404071849,0.4107142857142857,0.7120199532608658,-0.8508207767676774,0.5832677628606027,-11.700626708333441,12.51968779166676,-1.0,6.0,-1.0
NFP,knn,PRICE,rolling5y,0.1,33,0.4714285714285714,-0.2747960005050517,-2.03487718880064,0.3939393939393939,0.5708572871794844,-0.8244706375000002,0.4500551260282629,-9.068268016666707,9.932792208333355,-1.0,5.0,-1.0
NFP,knn,PRICE,rolling5y,0.2,8,0.11428571428571428,-0.19032202604167023,-0.680358922832998,0.375,0.6889088527777733,-0.7178605533333363,0.575801678678851,-1.5225762083333618,1.974031233333373,-1.0,2.0,-1.0
NFP,knn,PRICE,rolling5y,0.3,2,0.02857142857142857,0.42947265833331966,0.0,0.5,0.9228648999999981,-0.06391958333335879,14.437905441075788,0.8589453166666393,0.06391958333335879,-0.06391958333335879,1.0,-0.06391958333335879
NFP,knn,PRICE,decay3y,0.0,40,0.5714285714285714,-0.2742794906250026,-2.2325856103315904,0.4,0.5666057755208271,-0.8348696680555557,0.45245048195404697,-10.971179625000104,11.787731791666753,-1.0,6.0,-1.0
NFP,knn,PRICE,decay3y,0.1,18,0.2571428571428571,-0.3190239481481496,-1.6190726654453695,0.4444444444444444,0.5283246999999989,-0.9969028666666683,0.42397286047861543,-5.7424310666666925,6.739922150000021,-1.0,4.0,-1.0
NFP,knn,PRICE,decay3y,0.2,2,0.02857142857142857,-0.0012544583333351511,0.0,0.5,0.9974910833333297,-1.0,0.9974910833333297,-0.0025089166666703022,1.0,-1.0,1.0,-1.0
NFP,knn,PRICE,decay3y,0.3,0,0.0,,,,,,,,,,,
NFP,knn,PRICE+MACRO,expanding,0.0,49,0.7,-0.028446444217691352,-0.205815410948412,0.5102040816326531,0.7327179196666568,-0.8213259899305537,0.9292873260355932,-1.3938757666668762,6.926363749999988,-1.0,4.0,-1.0
NFP,knn,PRICE+MACRO,expanding,0.1,36,0.5142857142857142,-0.11801033842592622,-0.7792937910945541,0.4722222222222222,0.6796048367647023,-0.8316660214912254,0.731143836363559,-4.248372183333344,6.2318223833332995,-1.0,4.0,-1.0
NFP,knn,PRICE+MACRO,expanding,0.2,19,0.2714285714285714,-0.06527913026315689,-0.27143405740683707,0.47368421052631576,0.8544486759259287,-0.8930341558333339,0.8611135456691918,-1.2403034749999808,5.568266791666664,-1.0,3.0,-1.0
NFP,knn,PRICE+MACRO,expanding,0.3,6,0.08571428571428572,-0.2913764263888841,-0.7239088929437436,0.3333333333333333,0.9526881375000282,-0.9134087083333403,0.5215015626675815,-1.7482585583333048,3.6536348333333613,-1.0,4.0,-1.0
NFP,knn,PRICE+MACRO,rolling5y,0.0,56,0.8,-0.1075279404761927,-0.8930600862285349,0.4642857142857143,0.6844444205128154,-0.7939039866666664,0.7471749410593381,-6.021564666666791,8.284762416666847,-1.0,3.0,-1.0
NFP,knn,PRICE+MACRO,rolling5y,0.1,35,0.5,-0.28344437976190656,-2.1290893405387434,0.37142857142857144,0.6308369083333277,-0.8237015045454541,0.4525513938703482,-9.92055329166673,11.819100041666731,-1.0,4.0,-1.0
NFP,knn,PRICE+MACRO,rolling5y,0.2,15,0.21428571428571427,-0.21841731611111245,-1.0720669939994085,0.3333333333333333,0.7755148216666613,-0.7153833849999993,0.5420274204905262,-3.2762597416666868,4.038829624999987,-1.0,4.0,-1.0
NFP,knn,PRICE+MACRO,rolling5y,0.3,7,0.1,0.029897642857149322,0.08798277736397113,0.42857142857142855,0.9427470583333516,-0.6547394187500023,1.0799109897795673,0.20928350000004525,1.4268183500000002,-1.0,2.0,-1.0
NFP,knn,PRICE+MACRO,decay3y,0.0,49,0.7,-0.028446444217691352,-0.205815410948412,0.5102040816326531,0.7327179196666568,-0.8213259899305537,0.9292873260355932,-1.3938757666668762,6.926363749999988,-1.0,4.0,-1.0
NFP,knn,PRICE+MACRO,decay3y,0.1,36,0.5142857142857142,-0.11801033842592622,-0.7792937910945541,0.4722222222222222,0.6796048367647023,-0.8316660214912254,0.731143836363559,-4.248372183333344,6.2318223833332995,-1.0,4.0,-1.0
NFP,knn,PRICE+MACRO,decay3y,0.2,19,0.2714285714285714,-0.06527913026315689,-0.27143405740683707,0.47368421052631576,0.8544486759259287,-0.8930341558333339,0.8611135456691918,-1.2403034749999808,5.568266791666664,-1.0,3.0,-1.0
NFP,knn,PRICE+MACRO,decay3y,0.3,6,0.08571428571428572,-0.2913764263888841,-0.7239088929437436,0.3333333333333333,0.9526881375000282,-0.9134087083333403,0.5215015626675815,-1.7482585583333048,3.6536348333333613,-1.0,4.0,-1.0
NFP,knn,PRICE+RATES,expanding,0.0,43,0.6142857142857143,-0.25559904748062195,-2.1087481444030756,0.4186046511627907,0.5741054115740668,-0.8529862579999978,0.48459854125027313,-10.990759041666744,10.990759041666744,-1.0,5.0,-1.0
NFP,knn,PRICE+RATES,expanding,0.1,20,0.2857142857142857,-0.27804344458334074,-1.4452222023393098,0.4,0.6614562531249863,-0.9043765763888921,0.4875964801934843,-5.560868891666814,6.165581391666781,-1.0,3.0,-1.0
NFP,knn,PRICE+RATES,expanding,0.2,4,0.05714285714285714,-0.04134458125000151,-0.07184522178441147,0.5,0.917310837499997,-1.0,0.917310837499997,-0.16537832500000604,2.0,-1.0,2.0,-1.0
NFP,knn,PRICE+RATES,expanding,0.3,0,0.0,,,,,,,,,,,
NFP,knn,PRICE+RATES,rolling5y,0.0,53,0.7571428571428571,-0.18075211163522265,-1.564695894596463,0.4528301886792453,0.6476089722222188,-0.866292318965519,0.6186736753173184,-9.5798619166668,9.5798619166668,-1.0,6.0,-1.0
NFP,knn,PRICE+RATES,rolling5y,0.1,26,0.37142857142857144,-0.15578154391025922,-0.8511666340402803,0.4230769230769231,0.8503470265151477,-0.8936091622222244,0.6978306017965454,-4.05032014166674,7.300746033333326,-1.0,4.0,-1.0
NFP,knn,PRICE+RATES,rolling5y,0.2,6,0.08571428571428572,-0.3864882944444427,-1.080883216436229,0.3333333333333333,0.7271268749999915,-0.9432958791666598,0.38541823994946345,-2.318929766666656,3.2417946666666544,-1.0,3.0,-1.0
NFP,knn,PRICE+RATES,rolling5y,0.3,2,0.02857142857142857,-0.12089733333332714,0.0,0.5,0.5313888499999848,-0.7731835166666391,0.6872738988163078,-0.24179466666665428,0.7731835166666391,-0.7731835166666391,1.0,-0.7731835166666391
NFP,knn,PRICE+RATES,decay3y,0.0,43,0.6142857142857143,-0.25559904748062195,-2.1087481444030756,0.4186046511627907,0.5741054115740668,-0.8529862579999978,0.48459854125027313,-10.990759041666744,10.990759041666744,-1.0,5.0,-1.0
NFP,knn,PRICE+RATES,decay3y,0.1,20,0.2857142857142857,-0.27804344458334074,-1.4452222023393098,0.4,0.6614562531249863,-0.9043765763888921,0.4875964801934843,-5.560868891666814,6.165581391666781,-1.0,3.0,-1.0
NFP,knn,PRICE+RATES,decay3y,0.2,4,0.05714285714285714,-0.04134458125000151,-0.07184522178441147,0.5,0.917310837499997,-1.0,0.917310837499997,-0.16537832500000604,2.0,-1.0,2.0,-1.0
NFP,knn,PRICE+RATES,decay3y,0.3,0,0.0,,,,,,,,,,,
NFP,knn,PRICE+DXYFX,expanding,0.0,42,0.6,-0.37088756329365424,-3.205748997956577,0.3333333333333333,0.5523767839285639,-0.8325197369047634,0.3317499630592863,-15.577277658333477,16.51613163333343,-1.0,7.0,-1.0
NFP,knn,PRICE+DXYFX,expanding,0.1,19,0.2714285714285714,-0.5288667864035109,-2.9746535917483645,0.21052631578947367,0.8455168687499869,-0.8953690944444436,0.2518192401312403,-10.048468941666707,10.048468941666709,-1.0,9.0,-1.0
NFP,knn,PRICE+DXYFX,expanding,0.2,4,0.05714285714285714,0.09707908958332229,0.15205021257454576,0.5,1.1941581791666445,-1.0,1.1941581791666445,0.38831635833328915,2.0,-1.0,2.0,-1.0
NFP,knn,PRICE+DXYFX,expanding,0.3,1,0.014285714285714285,-1.0,0.0,0.0,0.0,-1.0,0.0,-1.0,1.0,-1.0,1.0,-1.0
NFP,knn,PRICE+DXYFX,rolling5y,0.0,57,0.8142857142857143,-0.21620632397661058,-1.8370899815922763,0.42105263157894735,0.6678516854166631,-0.859157603535355,0.5653331992500683,-12.323760466666803,13.142821550000122,-1.0,3.0,-1.0
NFP,knn,PRICE+DXYFX,rolling5y,0.1,34,0.4857142857142857,-0.18189708308823935,-1.338295858051223,0.47058823529411764,0.5772886734374959,-0.8567288666666708,0.5989590259711033,-6.184500825000137,7.873580500000078,-1.0,5.0,-1.0
NFP,knn,PRICE+DXYFX,rolling5y,0.2,11,0.15714285714285714,-0.42237818257576765,-1.6862196444267894,0.18181818181818182,1.1568450874999787,-0.7733166870370446,0.33243390504877535,-4.646160008333444,5.036985283333403,-1.0,5.0,-1.0
NFP,knn,PRICE+DXYFX,rolling5y,0.3,4,0.05714285714285714,-0.19648407083334027,-0.4743387074749477,0.25,0.9228648999999981,-0.5696003944444531,0.5400656957644219,-0.7859362833333611,0.9356176666667201,-0.8716980833333613,2.0,-0.8716980833333613
NFP,knn,PRICE+DXYFX,decay3y,0.0,42,0.6,-0.37088756329365424,-3.205748997956577,0.3333333333333333,0.5523767839285639,-0.8325197369047634,0.3317499630592863,-15.577277658333477,16.51613163333343,-1.0,7.0,-1.0
NFP,knn,PRICE+DXYFX,decay3y,0.1,19,0.2714285714285714,-0.5288667864035109,-2.9746535917483645,0.21052631578947367,0.8455168687499869,-0.8953690944444436,0.2518192401312403,-10.048468941666707,10.048468941666709,-1.0,9.0,-1.0
NFP,knn,PRICE+DXYFX,decay3y,0.2,4,0.05714285714285714,0.09707908958332229,0.15205021257454576,0.5,1.1941581791666445,-1.0,1.1941581791666445,0.38831635833328915,2.0,-1.0,2.0,-1.0
NFP,knn,PRICE+DXYFX,decay3y,0.3,1,0.014285714285714285,-1.0,0.0,0.0,0.0,-1.0,0.0,-1.0,1.0,-1.0,1.0,-1.0
NFP,knn,PRICE+VOLRISK,expanding,0.0,37,0.5285714285714286,-0.03385393761261578,-0.20222666699622371,0.4864864864864865,0.7960194981481382,-0.8200498241228037,0.9196072152010836,-1.2525956916667838,7.112726199999997,-1.0,5.0,-1.0
NFP,knn,PRICE+VOLRISK,expanding,0.1,13,0.18571428571428572,-0.06992386794871806,-0.20746338687628305,0.38461538461538464,1.2735392883333287,-0.9095883406249973,0.875079439410369,-0.9090102833333349,4.005111083333342,-1.0,3.0,-1.0
NFP,knn,PRICE+VOLRISK,expanding,0.2,4,0.05714285714285714,-1.0,0.0,0.0,0.0,-1.0,0.0,-4.0,4.0,-1.0,4.0,-1.0
NFP,knn,PRICE+VOLRISK,expanding,0.3,0,0.0,,,,,,,,,,,
NFP,knn,PRICE+VOLRISK,rolling5y,0.0,50,0.7142857142857143,-0.12277948749999949,-0.9705439660849475,0.46,0.6788599336956523,-0.8056575129629622,0.7177840240574433,-6.138974374999974,11.054708208333334,-1.0,4.0,-1.0
NFP,knn,PRICE+VOLRISK,rolling5y,0.1,30,0.42857142857142855,-0.07793498750000305,-0.4234019103355861,0.43333333333333335,0.8706259051282039,-0.8033050818627495,0.828791907349272,-2.3380496250000915,8.829633016666776,-1.0,3.0,-1.0
NFP,knn,PRICE+VOLRISK,rolling5y,0.2,16,0.22857142857142856,-0.43225142864583677,-2.3317244336875906,0.3125,0.5473014783333384,-0.8775027500000072,0.28350156081268635,-6.916022858333388,7.367477883333398,-1.0,3.0,-1.0
NFP,knn,PRICE+VOLRISK,rolling5y,0.3,3,0.04285714285714286,-0.4358644555555631,-0.7726236360178371,0.3333333333333333,0.6924066333333107,-1.0,0.3462033166666553,-1.3075933666666892,1.3075933666666892,-1.0,1.0,-1.0
NFP,knn,PRICE+VOLRISK,decay3y,0.0,37,0.5285714285714286,-0.03385393761261578,-0.20222666699622371,0.4864864864864865,0.7960194981481382,-0.8200498241228037,0.9196072152010836,-1.2525956916667838,7.112726199999997,-1.0,5.0,-1.0
NFP,knn,PRICE+VOLRISK,decay3y,0.1,13,0.18571428571428572,-0.06992386794871806,-0.20746338687628305,0.38461538461538464,1.2735392883333287,-0.9095883406249973,0.875079439410369,-0.9090102833333349,4.005111083333342,-1.0,3.0,-1.0
NFP,knn,PRICE+VOLRISK,decay3y,0.2,4,0.05714285714285714,-1.0,0.0,0.0,0.0,-1.0,0.0,-4.0,4.0,-1.0,4.0,-1.0
NFP,knn,PRICE+VOLRISK,decay3y,0.3,0,0.0,,,,,,,,,,,
NFP,knn,PRICE+CONSENSUS,expanding,0.0,42,0.6,-0.2664690978174664,-1.874416585866772,0.38095238095238093,0.6982850098958195,-0.8601639333333347,0.49957204155066165,-11.19170210833359,11.191702108333589,-1.0,8.0,-1.0
NFP,knn,PRICE+CONSENSUS,expanding,0.1,17,0.24285714285714285,-0.2695470691176515,-1.0109501242063037,0.35294117647058826,0.8885249430555479,-0.9012227121212149,0.5377693686820935,-4.582300175000076,5.5797912583334055,-1.0,4.0,-1.0
NFP,knn,PRICE+CONSENSUS,expanding,0.2,4,0.05714285714285714,-0.47075262499999815,-0.9602799045813389,0.25,0.9974910833333297,-0.9601671944444408,0.34629076029843076,-1.8830104999999926,2.8805015833333223,-1.0,3.0,-1.0
NFP,knn,PRICE+CONSENSUS,expanding,0.3,0,0.0,,,,,,,,,,,
NFP,knn,PRICE+CONSENSUS,rolling5y,0.0,53,0.7571428571428571,-0.12987554638365117,-1.011327847141693,0.4339622641509434,0.780338009782605,-0.8277059394444475,0.7227918906017267,-6.883403958333512,8.83092188333338,-1.0,10.0,-1.0
NFP,knn,PRICE+CONSENSUS,rolling5y,0.1,33,0.4714285714285714,-0.2273031666666696,-1.5687654615397582,0.3939393939393939,0.6986345339743575,-0.8291626720833374,0.5476759414920821,-7.501004500000097,8.540181083333437,-1.0,4.0,-1.0
NFP,knn,PRICE+CONSENSUS,rolling5y,0.2,10,0.14285714285714285,0.1157086983333329,0.4512050593056037,0.6,0.6656983472222212,-0.7092757749999995,1.4078410063184978,1.157086983333329,1.8503186166666412,-1.0,2.0,-1.0
NFP,knn,PRICE+CONSENSUS,rolling5y,0.3,4,0.05714285714285714,-0.28526367083334014,-0.6212325184001283,0.25,0.9228648999999981,-0.6879731944444529,0.4471418884012495,-1.1410546833333606,1.1410546833333606,-1.0,2.0,-1.0
NFP,knn,PRICE+CONSENSUS,decay3y,0.0,42,0.6,-0.2664690978174664,-1.874416585866772,0.38095238095238093,0.6982850098958195,-0.8601639333333347,0.49957204155066165,-11.19170210833359,11.191702108333589,-1.0,8.0,-1.0
NFP,knn,PRICE+CONSENSUS,decay3y,0.1,17,0.24285714285714285,-0.2695470691176515,-1.0109501242063037,0.35294117647058826,0.8885249430555479,-0.9012227121212149,0.5377693686820935,-4.582300175000076,5.5797912583334055,-1.0,4.0,-1.0
NFP,knn,PRICE+CONSENSUS,decay3y,0.2,4,0.05714285714285714,-0.47075262499999815,-0.9602799045813389,0.25,0.9974910833333297,-0.9601671944444408,0.34629076029843076,-1.8830104999999926,2.8805015833333223,-1.0,3.0,-1.0
NFP,knn,PRICE+CONSENSUS,decay3y,0.3,0,0.0,,,,,,,,,,,
NFP,knn,PRICE+FED,expanding,0.0,45,0.6428571428571429,-0.306707708888892,-2.6869162522693486,0.4,0.5293762092592513,-0.8640969876543209,0.4084234500082349,-13.80184690000014,15.618399066666784,-1.0,5.0,-1.0
NFP,knn,PRICE+FED,expanding,0.1,19,0.2714285714285714,-0.37078726666667083,-2.0002872434826626,0.3684210526315789,0.5526416809523739,-0.9094541527777803,0.3544701103450292,-7.044958066666746,8.042449150000078,-1.0,4.0,-1.0
NFP,knn,PRICE+FED,expanding,0.2,2,0.02857142857142857,0.7244730541666703,0.0,1.0,0.7244730541666703,0.0,inf,1.4489461083333406,0.0,0.45145502500001083,0.0,0.45145502500001083
NFP,knn,PRICE+FED,expanding,0.3,0,0.0,,,,,,,,,,,
NFP,knn,PRICE+FED,rolling5y,0.0,53,0.7571428571428571,-0.3296945863207573,-2.9418387075838615,0.3584905660377358,0.6479272118421001,-0.8760126500000014,0.4133239072786517,-17.473813075000137,18.29287415833346,-1.0,6.0,-1.0
NFP,knn,PRICE+FED,rolling5y,0.1,28,0.4,-0.2669949880952385,-1.6071277716404313,0.39285714285714285,0.7347701606060624,-0.9151959666666685,0.5194947672441389,-7.475859666666677,9.283151583333355,-1.0,4.0,-1.0
NFP,knn,PRICE+FED,rolling5y,0.2,10,0.14285714285714285,-0.3522576208333362,-1.4339619741185705,0.3,0.6889088527777733,-0.798471823809526,0.3697646458980183,-3.522576208333362,3.9740312333333723,-1.0,4.0,-1.0
NFP,knn,PRICE+FED,rolling5y,0.3,1,0.014285714285714285,0.9228648999999981,0.0,1.0,0.9228648999999981,0.0,inf,0.9228648999999981,0.0,0.9228648999999981,0.0,0.9228648999999981
NFP,knn,PRICE+FED,decay3y,0.0,45,0.6428571428571429,-0.306707708888892,-2.6869162522693486,0.4,0.5293762092592513,-0.8640969876543209,0.4084234500082349,-13.80184690000014,15.618399066666784,-1.0,5.0,-1.0
NFP,knn,PRICE+FED,decay3y,0.1,19,0.2714285714285714,-0.37078726666667083,-2.0002872434826626,0.3684210526315789,0.5526416809523739,-0.9094541527777803,0.3544701103450292,-7.044958066666746,8.042449150000078,-1.0,4.0,-1.0
NFP,knn,PRICE+FED,decay3y,0.2,2,0.02857142857142857,0.7244730541666703,0.0,1.0,0.7244730541666703,0.0,inf,1.4489461083333406,0.0,0.45145502500001083,0.0,0.45145502500001083
NFP,knn,PRICE+FED,decay3y,0.3,0,0.0,,,,,,,,,,,
NFP,knn,PRICE+POSITIONING,expanding,0.0,38,0.5428571428571428,-0.3978563572368429,-3.410787051909594,0.3157894736842105,0.52912053819444,-0.8256918474358966,0.29576346178666135,-15.118541575000028,16.935093741666684,-1.0,8.0,-1.0
NFP,knn,PRICE+POSITIONING,expanding,0.1,14,0.2,-0.3096181083333357,-1.3074899580698827,0.35714285714285715,0.7458532133333315,-0.8959910648148176,0.46246320144044667,-4.3346535166667,5.3321446000000305,-1.0,6.0,-1.0
NFP,knn,PRICE+POSITIONING,expanding,0.2,2,0.02857142857142857,-0.0012544583333351511,0.0,0.5,0.9974910833333297,-1.0,0.9974910833333297,-0.0025089166666703022,1.0,-1.0,1.0,-1.0
NFP,knn,PRICE+POSITIONING,expanding,0.3,0,0.0,,,,,,,,,,,
NFP,knn,PRICE+POSITIONING,rolling5y,0.0,53,0.7571428571428571,-0.23740469559748656,-1.9224578928258873,0.39622641509433965,0.6876482543650725,-0.8444706940104159,0.5343810864341407,-12.582448866666788,13.621625450000124,-1.0,6.0,-1.0
NFP,knn,PRICE+POSITIONING,rolling5y,0.1,29,0.4142857142857143,-0.2669298899425292,-1.8117588035098555,0.3793103448275862,0.6163106613636343,-0.806688004629629,0.4668896660096944,-7.740966808333346,8.837375666666656,-1.0,4.0,-1.0
NFP,knn,PRICE+POSITIONING,rolling5y,0.2,8,0.11428571428571428,0.20544152604166757,0.7392117793733595,0.625,0.6961270616666677,-0.6123676999999993,1.894632537680298,1.6435322083333406,1.7731835166666392,-1.0,2.0,-1.0
NFP,knn,PRICE+POSITIONING,rolling5y,0.3,1,0.014285714285714285,0.9228648999999981,0.0,1.0,0.9228648999999981,0.0,inf,0.9228648999999981,0.0,0.9228648999999981,0.0,0.9228648999999981
NFP,knn,PRICE+POSITIONING,decay3y,0.0,38,0.5428571428571428,-0.3978563572368429,-3.410787051909594,0.3157894736842105,0.52912053819444,-0.8256918474358966,0.29576346178666135,-15.118541575000028,16.935093741666684,-1.0,8.0,-1.0
NFP,knn,PRICE+POSITIONING,decay3y,0.1,14,0.2,-0.3096181083333357,-1.3074899580698827,0.35714285714285715,0.7458532133333315,-0.8959910648148176,0.46246320144044667,-4.3346535166667,5.3321446000000305,-1.0,6.0,-1.0
NFP,knn,PRICE+POSITIONING,decay3y,0.2,2,0.02857142857142857,-0.0012544583333351511,0.0,0.5,0.9974910833333297,-1.0,0.9974910833333297,-0.0025089166666703022,1.0,-1.0,1.0,-1.0
NFP,knn,PRICE+POSITIONING,decay3y,0.3,0,0.0,,,,,,,,,,,
NFP,knn,PRICE+MACRO+RATES,expanding,0.0,52,0.7428571428571429,-0.14257205512820784,-1.0456651162980761,0.40384615384615385,0.8496141384920582,-0.8146981862903234,0.7064518753623893,-7.413746866666807,10.057164508333319,-1.0,6.0,-1.0
NFP,knn,PRICE+MACRO+RATES,expanding,0.1,36,0.5142857142857142,-0.11857912083333397,-0.7646423600196657,0.4444444444444444,0.773145906249996,-0.8319591424999979,0.7434460340701147,-4.268848350000023,8.228001341666602,-1.0,3.0,-1.0
NFP,knn,PRICE+MACRO+RATES,expanding,0.2,14,0.2,0.08012592261904737,0.34444099676759604,0.5714285714285714,0.7512678572916656,-0.8147299902777768,1.2294753947223271,1.1217629166666632,3.8696951083333033,-1.0,4.0,-1.0
NFP,knn,PRICE+MACRO+RATES,expanding,0.3,8,0.11428571428571428,-0.10912977187499473,-0.35137987799330045,0.5,0.6384450437500107,-0.8567045875000001,0.745233599849272,-0.8730381749999578,3.4081335166666427,-1.0,3.0,-1.0
NFP,knn,PRICE+MACRO+RATES,rolling5y,0.0,47,0.6714285714285714,-0.177851596099297,-1.4968297948729605,0.425531914893617,0.640579447916656,-0.7840968138888916,0.605159064988009,-8.359025016666958,11.207178750000216,-1.0,5.0,-1.0
NFP,knn,PRICE+MACRO+RATES,rolling5y,0.1,25,0.35714285714285715,-0.17289596700000096,-0.9904335018073253,0.48,0.6593621611111062,-0.9411342391025616,0.6467111380967011,-4.322399175000024,6.338486166666637,-1.0,3.0,-1.0
NFP,knn,PRICE+MACRO+RATES,rolling5y,0.2,11,0.15714285714285714,-0.2832559234848477,-1.0214424892119909,0.36363636363636365,0.8364366083333341,-0.9230802273809516,0.5177922373514592,-3.1158151583333242,3.76108792499997,-1.0,4.0,-1.0
NFP,knn,PRICE+MACRO+RATES,rolling5y,0.3,6,0.08571428571428572,0.012255625000003989,0.031017486522932812,0.5,0.8450317805555616,-0.8205205305555537,1.0298728052342725,0.07353375000002393,1.4615615916666609,-1.0,2.0,-1.0
NFP,knn,PRICE+MACRO+RATES,decay3y,0.0,52,0.7428571428571429,-0.14257205512820784,-1.0456651162980761,0.40384615384615385,0.8496141384920582,-0.8146981862903234,0.7064518753623893,-7.413746866666807,10.057164508333319,-1.0,6.0,-1.0
NFP,knn,PRICE+MACRO+RATES,decay3y,0.1,36,0.5142857142857142,-0.11857912083333397,-0.7646423600196657,0.4444444444444444,0.773145906249996,-0.8319591424999979,0.7434460340701147,-4.268848350000023,8.228001341666602,-1.0,3.0,-1.0
NFP,knn,PRICE+MACRO+RATES,decay3y,0.2,14,0.2,0.08012592261904737,0.34444099676759604,0.5714285714285714,0.7512678572916656,-0.8147299902777768,1.2294753947223271,1.1217629166666632,3.8696951083333033,-1.0,4.0,-1.0
NFP,knn,PRICE+MACRO+RATES,decay3y,0.3,8,0.11428571428571428,-0.10912977187499473,-0.35137987799330045,0.5,0.6384450437500107,-0.8567045875000001,0.745233599849272,-0.8730381749999578,3.4081335166666427,-1.0,3.0,-1.0
NFP,knn,ALL,expanding,0.0,56,0.8,-0.13441692247024034,-1.060655275410012,0.44642857142857145,0.709601275999994,-0.8150767599462359,0.7020922711452718,-7.5273476583334595,10.311639891666687,-1.0,6.0,-1.0
NFP,knn,ALL,expanding,0.1,36,0.5142857142857142,-0.017088212500002295,-0.09907428671170639,0.5277777777777778,0.7597038043859616,-0.8852675254901973,0.9591233136885444,-0.6151756500000827,8.380767158333356,-1.0,3.0,-1.0
NFP,knn,ALL,expanding,0.2,22,0.3142857142857143,-0.030725612878789187,-0.13110471303440524,0.45454545454545453,0.9750920949999948,-0.8689070361111092,0.9351710966343503,-0.6759634833333621,6.293195374999945,-1.0,3.0,-1.0
NFP,knn,ALL,expanding,0.3,14,0.2,-0.3468878749999931,-1.5426180675972438,0.35714285714285715,0.6756629716666793,-0.9149716787037,0.4102512966569724,-4.856430249999903,5.387819099999888,-1.0,3.0,-1.0
NFP,knn,ALL,rolling5y,0.0,58,0.8285714285714286,-0.04858894008620787,-0.3767140197193724,0.46551724137931033,0.8211945484567863,-0.8061423010752675,0.8872304065983468,-2.8181585250000567,8.004314675000007,-1.0,4.0,-1.0
NFP,knn,ALL,rolling5y,0.1,41,0.5857142857142857,-0.04548993983739987,-0.2940846681394586,0.4878048780487805,0.7560321958333285,-0.8088443547619031,0.890196807901764,-1.8650875333333947,6.27879492499998,-1.0,4.0,-1.0
NFP,knn,ALL,rolling5y,0.2,21,0.3,-0.07256903174602879,-0.30936884946610255,0.38095238095238093,1.0338702302083362,-0.7534547314102535,0.8444141465320985,-1.5239496666666046,5.66122244999993,-1.0,3.0,-1.0
NFP,knn,ALL,rolling5y,0.3,11,0.15714285714285714,0.04138224696969865,0.15678737944524213,0.5454545454545454,0.7168298125000092,-0.7691548316666741,1.1183649111792762,0.45520471666668516,2.6349500000000035,-1.0,2.0,-1.0
NFP,knn,ALL,decay3y,0.0,56,0.8,-0.13441692247024034,-1.060655275410012,0.44642857142857145,0.709601275999994,-0.8150767599462359,0.7020922711452718,-7.5273476583334595,10.311639891666687,-1.0,6.0,-1.0
NFP,knn,ALL,decay3y,0.1,36,0.5142857142857142,-0.017088212500002295,-0.09907428671170639,0.5277777777777778,0.7597038043859616,-0.8852675254901973,0.9591233136885444,-0.6151756500000827,8.380767158333356,-1.0,3.0,-1.0
NFP,knn,ALL,decay3y,0.2,22,0.3142857142857143,-0.030725612878789187,-0.13110471303440524,0.45454545454545453,0.9750920949999948,-0.8689070361111092,0.9351710966343503,-0.6759634833333621,6.293195374999945,-1.0,3.0,-1.0
NFP,knn,ALL,decay3y,0.3,14,0.2,-0.3468878749999931,-1.5426180675972438,0.35714285714285715,0.6756629716666793,-0.9149716787037,0.4102512966569724,-4.856430249999903,5.387819099999888,-1.0,3.0,-1.0
SHARED,ridge,PRICE,expanding,0.0,98,0.7313432835820896,-0.09273705756802898,-1.318492505239208,0.3877551020408163,0.6203244879385915,-0.5443427030555553,0.7217368277174186,-9.088231641666841,12.836578066666409,-1.0,7.0,-1.0
SHARED,ridge,PRICE,expanding,0.1,89,0.664179104477612,-0.1071984318352086,-1.4130647657279414,0.3707865168539326,0.6578494010100957,-0.5580301904761915,0.6946958440292546,-9.540660433333565,12.093198741666505,-1.0,6.0,-1.0
SHARED,ridge,PRICE,expanding,0.2,73,0.5447761194029851,-0.09459627602740103,-1.129982026602812,0.3698630136986301,0.6568597734567826,-0.5356683050724653,0.7197516154075781,-6.905528150000276,10.61252636666681,-1.0,5.0,-1.0
SHARED,ridge,PRICE,expanding,0.3,58,0.43283582089552236,-0.05315045761494534,-0.538160412650982,0.39655172413793105,0.7102839144927431,-0.554835902142855,0.8412541422602401,-3.0827265416668297,7.698751275000025,-1.0,7.0,-1.0
SHARED,ridge,PRICE,rolling5y,0.0,102,0.7611940298507462,-0.1334016406045778,-1.9171269281437,0.3627450980392157,0.6138791806306257,-0.5587768773076935,0.6253639554463972,-13.606967341666934,16.218064250000033,-1.0,7.0,-1.0
SHARED,ridge,PRICE,rolling5y,0.1,82,0.6119402985074627,-0.15309654014227989,-1.870870500086893,0.3170731707317073,0.7388939073717864,-0.567234962202382,0.6047897404516361,-12.553916291666951,14.788266166666743,-1.0,11.0,-1.0
SHARED,ridge,PRICE,rolling5y,0.2,69,0.5149253731343284,-0.15172400193236885,-1.6592169982730145,0.3333333333333333,0.7346819210144855,-0.594926963405796,0.6174555585854019,-10.46895613333345,14.175954349999984,-1.0,10.0,-1.0
SHARED,ridge,PRICE,rolling5y,0.3,55,0.41044776119402987,-0.10532147272727509,-0.9989892022689969,0.38181818181818183,0.7371229023809475,-0.625654763235295,0.7276885263252353,-5.79268100000013,9.56362232500006,-1.0,8.0,-1.0
SHARED,ridge,PRICE,decay3y,0.0,98,0.7313432835820896,-0.10607963460884758,-1.5277837703736743,0.3877551020408163,0.5866609791666599,-0.544815356666669,0.6819777543450235,-10.395804191667063,13.325734433333535,-1.0,5.0,-1.0
SHARED,ridge,PRICE,decay3y,0.1,80,0.5970149253731343,-0.09050283312500321,-1.1512076717472948,0.3875,0.6230395497311759,-0.5419276059523819,0.7273441582822614,-7.240226650000257,10.032350583333331,-1.0,5.0,-1.0
SHARED,ridge,PRICE,decay3y,0.2,66,0.4925373134328358,-0.10586215164141548,-1.1659261200724393,0.36363636363636365,0.6869693336805479,-0.5589087146825374,0.7023578173821916,-6.986902008333422,10.757843333333351,-1.0,7.0,-1.0
SHARED,ridge,PRICE,decay3y,0.3,52,0.3880597014925373,-0.05233547291666844,-0.49434169389097676,0.40384615384615385,0.6985111539682434,-0.5609735104838669,0.8435068081212337,-2.7214445916667587,6.900205108333239,-1.0,5.0,-1.0
SHARED,ridge,PRICE+MACRO,expanding,0.0,104,0.7761194029850746,-0.07435637772435912,-1.0399455102731103,0.40384615384615385,0.6140222150793604,-0.5406773599462336,0.7693137601268509,-7.7330632833333475,13.959266749999717,-1.0,10.0,-1.0
SHARED,ridge,PRICE+MACRO,expanding,0.1,89,0.664179104477612,-0.12037404765917616,-1.626162904332831,0.3707865168539326,0.6022313805555523,-0.5461951035714269,0.6497428243780317,-10.713290241666678,14.473303641666611,-1.0,8.0,-1.0
SHARED,ridge,PRICE+MACRO,expanding,0.2,74,0.5522388059701493,-0.10021061396396455,-1.1542885003464818,0.3783783783783784,0.6807968961309508,-0.5756064896739133,0.719933006528758,-7.415585433333376,11.40812834166665,-1.0,5.0,-1.0
SHARED,ridge,PRICE+MACRO,expanding,0.3,62,0.4626865671641791,-0.07626152956989368,-0.7845299767990178,0.4032258064516129,0.6851773499999959,-0.5907472590090084,0.7836814506690016,-4.728214833333408,8.720757741666679,-1.0,5.0,-1.0
SHARED,ridge,PRICE+MACRO,rolling5y,0.0,104,0.7761194029850746,-0.08631411682692293,-1.1854117363865964,0.375,0.665099209188029,-0.537162112435894,0.7429033363935212,-8.976668149999984,15.795413991666614,-1.0,7.0,-1.0
SHARED,ridge,PRICE+MACRO,rolling5y,0.1,86,0.6417910447761194,-0.05870859941860509,-0.7161927149768189,0.3953488372093023,0.6798461958333286,-0.5416098116987157,0.8207288914474722,-5.048939550000037,10.643101249999972,-1.0,7.0,-1.0
SHARED,ridge,PRICE+MACRO,rolling5y,0.2,68,0.5074626865671642,0.01954922401960645,0.1991211919480752,0.4411764705882353,0.738268291388887,-0.5478605660087731,1.063853513284732,1.3293472333332386,7.215676841666589,-1.0,5.0,-1.0
SHARED,ridge,PRICE+MACRO,rolling5y,0.3,60,0.44776119402985076,-0.051698898750002956,-0.5327583079997147,0.4,0.6920284920138834,-0.5475171592592605,0.8426262450539853,-3.101933925000177,8.018042175000005,-1.0,5.0,-1.0
SHARED,ridge,PRICE+MACRO,decay3y,0.0,104,0.7761194029850746,-0.06172921770833502,-0.8675632044504855,0.4230769230769231,0.5959015757575686,-0.5439917995833311,0.8033108021547353,-6.419838641666842,11.606115483333385,-1.0,6.0,-1.0
SHARED,ridge,PRICE+MACRO,decay3y,0.1,88,0.6567164179104478,-0.11196219403409073,-1.4602368621392554,0.375,0.6370994434343418,-0.5613991765151503,0.6809052846024065,-9.852673074999984,14.140452641666606,-1.0,7.0,-1.0
SHARED,ridge,PRICE+MACRO,decay3y,0.2,72,0.5373134328358209,-0.11131490231481361,-1.2726791300970808,0.375,0.6659769953703683,-0.5776900409259228,0.6916965308624039,-8.01467296666658,12.378266458333238,-1.0,8.0,-1.0
SHARED,ridge,PRICE+MACRO,decay3y,0.3,58,0.43283582089552236,-0.07706881925287365,-0.7596169376285992,0.39655172413793105,0.7004689079710122,-0.5880221828571416,0.7828074398268724,-4.4699915166666715,8.595865074999892,-1.0,6.0,-1.0
SHARED,ridge,PRICE+RATES,expanding,0.0,106,0.7910447761194029,-0.11644265746855532,-1.8058791165064851,0.37735849056603776,0.5547155793749946,-0.523205225252525,0.6425609760778034,-12.342921691666865,15.541504324999927,-1.0,6.0,-1.0
SHARED,ridge,PRICE+RATES,expanding,0.1,96,0.7164179104477612,-0.10567731796875098,-1.5434809012928026,0.3645833333333333,0.5961912904761859,-0.5083888146174854,0.6728648626991002,-10.145022525000094,13.331394708333011,-1.0,6.0,-1.0
SHARED,ridge,PRICE+RATES,expanding,0.2,81,0.6044776119402985,-0.06813846594650341,-0.892133621647215,0.3950617283950617,0.6080232348958295,-0.5097134542517003,0.7790188683213333,-5.519215741666776,10.186476233333149,-1.0,5.0,-1.0
SHARED,ridge,PRICE+RATES,expanding,0.3,59,0.44029850746268656,-0.06897267584745762,-0.7767487717927217,0.3898305084745763,0.6035872260869533,-0.4986637243055536,0.7733170740647866,-4.069387874999999,7.697655866666537,-1.0,5.0,-1.0
SHARED,ridge,PRICE+RATES,rolling5y,0.0,108,0.8059701492537313,-0.053397088503086526,-0.815704523708294,0.4351851851851852,0.5557305026595738,-0.5227249046448084,0.8191417575982902,-5.766885558333345,10.150060749999891,-1.0,6.0,-1.0
SHARED,ridge,PRICE+RATES,rolling5y,0.1,92,0.6865671641791045,-0.06222738387681103,-0.8776843509711135,0.41304347826086957,0.5760867962719309,-0.511411436574074,0.7926971968149182,-5.724919316666615,11.10809450833316,-1.0,6.0,-1.0
SHARED,ridge,PRICE+RATES,rolling5y,0.2,82,0.6119402985074627,-0.07014477378048771,-0.9487146287060483,0.4146341463414634,0.5542527306372549,-0.512426339409722,0.7661504766785225,-5.751871449999992,10.577556008333241,-1.0,5.0,-1.0
SHARED,ridge,PRICE+RATES,rolling5y,0.3,65,0.48507462686567165,-0.031596891282051495,-0.36590020291540126,0.4,0.6377232205128204,-0.4778102991452995,0.8897857882839988,-2.0537979333333474,7.04522642500001,-1.0,4.0,-1.0
SHARED,ridge,PRICE+RATES,decay3y,0.0,107,0.7985074626865671,-0.12236902274143541,-1.9377470413704045,0.37383177570093457,0.5365370510416605,-0.5157457832089554,0.6210823974062043,-13.093485433333589,15.3004461250002,-1.0,7.0,-1.0
SHARED,ridge,PRICE+RATES,decay3y,0.1,90,0.6716417910447762,-0.09361281462963225,-1.3287669300356029,0.4,0.5442820981481441,-0.5188760898148166,0.699309024295691,-8.425153316666902,10.056580591666867,-1.0,5.0,-1.0
SHARED,ridge,PRICE+RATES,decay3y,0.2,70,0.5223880597014925,-0.027672104166668727,-0.3322660719780495,0.4142857142857143,0.6287562045976949,-0.49197505426829186,0.9039685945772606,-1.9370472916668109,7.487315799999919,-1.0,6.0,-1.0
SHARED,ridge,PRICE+RATES,decay3y,0.3,55,0.41044776119402987,-0.09886981515151574,-1.0956838978941135,0.38181818181818183,0.5624059142857103,-0.5073048245098026,0.6847330087175522,-5.437839833333366,7.896962524999822,-1.0,5.0,-1.0
SHARED,ridge,PRICE+DXYFX,expanding,0.0,101,0.753731343283582,-0.10592861592409414,-1.562517046078986,0.37623762376237624,0.5971706282894675,-0.5300202235449726,0.6795932320032784,-10.698790208333508,14.44362586666659,-1.0,7.0,-1.0
SHARED,ridge,PRICE+DXYFX,expanding,0.1,86,0.6417910447761194,-0.08619976017441938,-1.1694313795728979,0.38372093023255816,0.6025267204545401,-0.5150294556603753,0.7284207584148344,-7.413179375000067,10.258267324999984,-1.0,7.0,-1.0
SHARED,ridge,PRICE+DXYFX,expanding,0.2,75,0.5597014925373134,-0.07421195522222308,-0.9036813772951326,0.4,0.6282849158333268,-0.5425432025925897,0.7720244370476095,-5.565896641666732,8.937588466666625,-1.0,7.0,-1.0
SHARED,ridge,PRICE+DXYFX,expanding,0.3,59,0.44029850746268656,-0.09652924858757017,-1.0070104051460496,0.3898305084745763,0.6554955543478175,-0.5769895393518456,0.72581701716694,-5.69522566666664,9.493444949999875,-1.0,6.0,-1.0
SHARED,ridge,PRICE+DXYFX,rolling5y,0.0,104,0.7761194029850746,-0.10605974150641047,-1.540635971025075,0.38461538461538464,0.6057601672916623,-0.5509471845052059,0.6871803962430659,-11.030213116666689,16.168145774999893,-1.0,7.0,-1.0
SHARED,ridge,PRICE+DXYFX,rolling5y,0.1,85,0.6343283582089553,-0.08221152284313889,-1.0369877428085315,0.4,0.6373220674019545,-0.5619005830065346,0.7561504492388622,-6.9879794416668055,12.041069808333457,-1.0,7.0,-1.0
SHARED,ridge,PRICE+DXYFX,rolling5y,0.2,68,0.5074626865671642,-0.09239176139706058,-1.0283245311391853,0.39705882352941174,0.6521421151234501,-0.5826945581300798,0.7370232580253314,-6.28263977500012,10.946788808333357,-1.0,6.0,-1.0
SHARED,ridge,PRICE+DXYFX,rolling5y,0.3,53,0.39552238805970147,-0.05779741100629049,-0.550485354725729,0.39622641509433965,0.7256035087301507,-0.57190426458333,0.8326171565639364,-3.063262783333396,7.832263966666687,-1.0,9.0,-1.0
SHARED,ridge,PRICE+DXYFX,decay3y,0.0,100,0.746268656716418,-0.10279826600000246,-1.527689913525858,0.4,0.548910771874991,-0.5372709579166648,0.6811097997969356,-10.279826600000245,14.024662258333322,-1.0,6.0,-1.0
SHARED,ridge,PRICE+DXYFX,decay3y,0.1,81,0.6044776119402985,-0.06534918621399223,-0.8448915152819103,0.4074074074074074,0.6032166964646399,-0.5249882305555518,0.7899443352864977,-5.293284083333371,9.1736568333331,-1.0,6.0,-1.0
SHARED,ridge,PRICE+DXYFX,decay3y,0.2,66,0.4925373134328358,-0.05825223888888964,-0.6480214936296088,0.4090909090909091,0.6470817623456712,-0.5465603935897396,0.8196343658962411,-3.844647766666716,7.856315199999851,-1.0,6.0,-1.0
SHARED,ridge,PRICE+DXYFX,decay3y,0.3,46,0.34328358208955223,-0.049108376811595314,-0.4372058189636424,0.41304347826086957,0.6874072478070051,-0.5673971496913511,0.8525439835178868,-2.2589853333333845,6.274598566666517,-1.0,7.0,-1.0
SHARED,ridge,PRICE+VOLRISK,expanding,0.0,105,0.7835820895522388,-0.12060899619047655,-1.8400779357920378,0.38095238095238093,0.5623500627083331,-0.5408914939743593,0.6397985194932402,-12.663944600000038,15.815470774999802,-1.0,7.0,-1.0
SHARED,ridge,PRICE+VOLRISK,expanding,0.1,93,0.6940298507462687,-0.09986353324372854,-1.4315826638241564,0.3870967741935484,0.5657289349537025,-0.5202377236842113,0.6868061829572417,-9.287308591666754,12.722571074999866,-1.0,7.0,-1.0
SHARED,ridge,PRICE+VOLRISK,expanding,0.2,75,0.5597014925373134,-0.10130500422222365,-1.3247135869863904,0.37333333333333335,0.5611205985119042,-0.49594153351064035,0.6740403642201915,-7.597875316666774,10.214076716666565,-1.0,9.0,-1.0
SHARED,ridge,PRICE+VOLRISK,expanding,0.3,57,0.4253731343283582,-0.11446130614035344,-1.236707112102631,0.3333333333333333,0.658733778508766,-0.5010588484649133,0.6573417279496402,-6.524294450000146,8.832879975000083,-1.0,8.0,-1.0
SHARED,ridge,PRICE+VOLRISK,rolling5y,0.0,102,0.7611940298507462,-0.16174369754901846,-2.3851756339980406,0.3627450980392157,0.5630609326576581,-0.5743247947435881,0.5580668129844683,-16.497857149999884,20.014914799999815,-1.0,9.0,-1.0
SHARED,ridge,PRICE+VOLRISK,rolling5y,0.1,90,0.6716417910447762,-0.14227041740740853,-1.9594086692767083,0.3888888888888889,0.5417268335714284,-0.5775413953030322,0.5969013832270712,-12.804337566666769,16.3213952166667,-1.0,7.0,-1.0
SHARED,ridge,PRICE+VOLRISK,rolling5y,0.2,72,0.5373134328358209,-0.14876787997685514,-1.7309308477040073,0.375,0.6063835435185126,-0.6018587340740759,0.604510835372089,-10.71128735833357,14.24737267500014,-1.0,7.0,-1.0
SHARED,ridge,PRICE+VOLRISK,rolling5y,0.3,55,0.41044776119402987,-0.08593642924242888,-0.8392433704446329,0.36363636363636365,0.727192487916659,-0.5505815247619077,0.7547266768595255,-4.726503608333588,7.765899883333607,-1.0,7.0,-1.0
SHARED,ridge,PRICE+VOLRISK,decay3y,0.0,107,0.7985074626865671,-0.14148516292835006,-2.169614206563207,0.38317757009345793,0.5336750410569098,-0.5609028654040417,0.5910567136327914,-15.138912433333456,17.842562166666617,-1.0,7.0,-1.0
SHARED,ridge,PRICE+VOLRISK,decay3y,0.1,83,0.6194029850746269,-0.1495323210843383,-2.0222259555035973,0.37349397590361444,0.531386327150535,-0.5554645921474359,0.5703117844103247,-12.411182650000079,14.539298966666593,-1.0,6.0,-1.0
SHARED,ridge,PRICE+VOLRISK,decay3y,0.2,70,0.5223880597014925,-0.14319863583333473,-1.7343369719339385,0.35714285714285715,0.5783863153333277,-0.5440791642592584,0.5905863555319372,-10.02390450833343,12.82917907499992,-1.0,10.0,-1.0
SHARED,ridge,PRICE+VOLRISK,decay3y,0.3,53,0.39552238805970147,-0.15438289748427728,-1.5829606702079266,0.3018867924528302,0.6898815828124942,-0.5194702403153136,0.574291167795987,-8.182293566666695,9.81372084166666,-1.0,8.0,-1.0
SHARED,ridge,PRICE+CONSENSUS,expanding,0.0,100,0.746268656716418,-0.037376671166667076,-0.49054651537392324,0.42,0.681494199404761,-0.5579383360632184,0.8844988194413087,-3.737667116666708,11.677295958333275,-1.0,4.0,-1.0
SHARED,ridge,PRICE+CONSENSUS,expanding,0.1,94,0.7014925373134329,-0.0337219504432631,-0.43558105512158957,0.4148936170212766,0.6715528243589726,-0.5338258816666667,0.8920361846086302,-3.1698633416667312,12.109492183333298,-1.0,4.0,-1.0
SHARED,ridge,PRICE+CONSENSUS,expanding,0.2,85,0.6343283582089553,-0.04046570107843315,-0.495389767014932,0.4,0.6912020142156823,-0.5282441779411767,0.8723264014123558,-3.4395845916668177,11.893722816666582,-1.0,4.0,-1.0
SHARED,ridge,PRICE+CONSENSUS,expanding,0.3,69,0.5149253731343284,-0.012002760024155363,-0.141294666525607,0.43478260869565216,0.6422834258333308,-0.5152998260683757,0.9587897156642721,-0.8281904416667201,7.351643399999906,-1.0,4.0,-1.0
SHARED,ridge,PRICE+CONSENSUS,rolling5y,0.0,105,0.7835820895522388,-0.08299820269841392,-1.1233490564684683,0.3904761904761905,0.6705499038617853,-0.5657399584635415,0.7593082753569357,-8.71481128333346,14.745716758333362,-1.0,5.0,-1.0
SHARED,ridge,PRICE+CONSENSUS,rolling5y,0.1,92,0.6865671641791045,-0.09018502065217271,-1.1245166452596058,0.391304347826087,0.6800290923611122,-0.5853226647321416,0.7468727690137488,-8.297021899999889,14.23702474166657,-1.0,6.0,-1.0
SHARED,ridge,PRICE+CONSENSUS,rolling5y,0.2,81,0.6044776119402985,-0.06906040144033032,-0.7841340981119674,0.4074074074074074,0.6987524785353528,-0.5969317564236126,0.8047692618520109,-5.593892516666756,12.868026541666648,-1.0,5.0,-1.0
SHARED,ridge,PRICE+CONSENSUS,rolling5y,0.3,66,0.4925373134328358,-0.05901323522727529,-0.6115997379527133,0.3939393939393939,0.7047427807692249,-0.5554546456250004,0.8246988500466301,-3.894873525000169,10.782231866666734,-1.0,6.0,-1.0
SHARED,ridge,PRICE+CONSENSUS,decay3y,0.0,106,0.7910447761194029,-0.07855021226415222,-1.1043566852042621,0.4056603773584906,0.6237402523255777,-0.5578913230158725,0.7631010848279656,-8.326322500000135,14.067067425000007,-1.0,5.0,-1.0
SHARED,ridge,PRICE+CONSENSUS,decay3y,0.1,88,0.6567164179104478,-0.09090182026515171,-1.15391341238373,0.375,0.6561160676767646,-0.5391125530303017,0.7302179079178889,-7.999360183333351,13.760190524999908,-1.0,7.0,-1.0
SHARED,ridge,PRICE+CONSENSUS,decay3y,0.2,69,0.5149253731343284,-0.03695960772947036,-0.4243428674623767,0.43478260869565216,0.6323300458333291,-0.5517978027777778,0.8814963109956191,-2.5502129333334547,7.546961566666559,-1.0,4.0,-1.0
SHARED,ridge,PRICE+CONSENSUS,decay3y,0.3,54,0.40298507462686567,-0.08077429845679163,-0.8244372682654473,0.4074074074074074,0.6161523352272651,-0.5599113591145806,0.7565567720194404,-4.361812116666748,8.57415549166664,-1.0,4.0,-1.0
SHARED,ridge,PRICE+FED,expanding,0.0,109,0.8134328358208955,-0.10135503172783092,-1.5802671486271513,0.3853211009174312,0.5699322644841232,-0.5221619935323395,0.6842148149260879,-11.04769845833357,14.473700783333276,-1.0,8.0,-1.0
SHARED,ridge,PRICE+FED,expanding,0.1,87,0.6492537313432836,-0.03953900632184087,-0.5329343334461527,0.41379310344827586,0.6140600939814762,-0.5009030771241824,0.8653454206660098,-3.4398935500001553,7.57205306666659,-1.0,6.0,-1.0
SHARED,ridge,PRICE+FED,expanding,0.2,76,0.5671641791044776,-0.04558513936403612,-0.5630005583349724,0.39473684210526316,0.6585519313888817,-0.5048049681159391,0.8508046021004801,-3.464470591666745,7.5601999583332145,-1.0,5.0,-1.0
SHARED,ridge,PRICE+FED,expanding,0.3,61,0.4552238805970149,-0.0011063698087462098,-0.011600097023117619,0.4262295081967213,0.7143537516025541,-0.5325910314285693,0.9963795024511721,-0.0674885583335188,7.133920174999919,-1.0,11.0,-1.0
SHARED,ridge,PRICE+FED,rolling5y,0.0,103,0.7686567164179104,-0.06341837686084216,-0.9097380280694678,0.4077669902912621,0.6186705426587294,-0.533053370628416,0.7991130068803903,-6.532092816666743,11.670025474999951,-1.0,6.0,-1.0
SHARED,ridge,PRICE+FED,rolling5y,0.1,91,0.6791044776119403,-0.06213322536630241,-0.8005830117487945,0.4065934065934066,0.6668921900900878,-0.5616506396604957,0.8135745185684157,-5.6541235083335195,9.926126416666724,-1.0,5.0,-1.0
SHARED,ridge,PRICE+FED,rolling5y,0.2,73,0.5447761194029851,-0.053535138127856895,-0.6294330024010114,0.3972602739726027,0.6609813876436704,-0.5244664846590908,0.8306475941115906,-3.9080650833335535,7.625529550000085,-1.0,9.0,-1.0
SHARED,ridge,PRICE+FED,rolling5y,0.3,61,0.4552238805970149,-0.07095251857923728,-0.7818892987690637,0.39344262295081966,0.6249389579861047,-0.5223415844594592,0.7760550234672026,-4.328103633333474,8.841894191666785,-1.0,8.0,-1.0
SHARED,ridge,PRICE+FED,decay3y,0.0,109,0.8134328358208955,-0.11263350397553733,-1.7708980260777902,0.3944954128440367,0.5332294546511582,-0.5334230073232329,0.6512787490789205,-12.277051933333569,15.206982175000041,-1.0,7.0,-1.0
SHARED,ridge,PRICE+FED,decay3y,0.1,84,0.6268656716417911,-0.08055084831349427,-1.0712385137361449,0.39285714285714285,0.5973630290403972,-0.5192010042483652,0.7444689352063445,-6.766271258333518,9.249620508333198,-1.0,7.0,-1.0
SHARED,ridge,PRICE+FED,decay3y,0.2,68,0.5074626865671642,-0.0023875734068658796,-0.027471537247519013,0.4411764705882353,0.643242698888879,-0.512095683114033,0.9916568330458742,-0.1623549916668798,6.807689074999871,-1.0,7.0,-1.0
SHARED,ridge,PRICE+FED,decay3y,0.3,57,0.4253731343283582,-0.041654908625732845,-0.4269673200091694,0.38596491228070173,0.7241638170454455,-0.5230266790476165,0.8702972586959639,-2.374329791666772,7.370245716666584,-1.0,11.0,-1.0
SHARED,ridge,PRICE+POSITIONING,expanding,0.0,101,0.753731343283582,-0.08423097186468782,-1.2277993306818926,0.38613861386138615,0.6202593790598254,-0.5273781280913977,0.739816721652285,-8.50732815833347,12.141834924999824,-1.0,6.0,-1.0
SHARED,ridge,PRICE+POSITIONING,expanding,0.1,87,0.6492537313432836,-0.10372385727969557,-1.3608154875221314,0.3793103448275862,0.6354337411616111,-0.5554312785493831,0.6991335104730458,-9.023975583333515,12.328152424999793,-1.0,6.0,-1.0
SHARED,ridge,PRICE+POSITIONING,expanding,0.2,73,0.5447761194029851,-0.08458193184931528,-1.0197713625201745,0.3972602739726027,0.6206010801724093,-0.5493616443181792,0.7445596800287899,-6.1744810250000155,9.43925329999983,-1.0,6.0,-1.0
SHARED,ridge,PRICE+POSITIONING,expanding,0.3,57,0.4253731343283582,-0.07659441885965138,-0.8152025033868927,0.38596491228070173,0.6389265909090812,-0.5263504821428548,0.7630106053384295,-4.365881875000128,7.822318216666684,-1.0,8.0,-1.0
SHARED,ridge,PRICE+POSITIONING,rolling5y,0.0,104,0.7761194029850746,-0.12716204511218113,-1.861283235352155,0.375,0.5889337066239293,-0.5568194961538472,0.6346046185795288,-13.224852691666836,15.835949599999932,-1.0,6.0,-1.0
SHARED,ridge,PRICE+POSITIONING,rolling5y,0.1,88,0.6567164179104478,-0.1324171271780331,-1.7332433497796333,0.3409090909090909,0.6774054655555498,-0.5512908820402312,0.6355667194414967,-11.652707191666915,14.535768766666706,-1.0,10.0,-1.0
SHARED,ridge,PRICE+POSITIONING,rolling5y,0.2,70,0.5223880597014925,-0.13723263916666825,-1.5366777549887274,0.32857142857142857,0.7346819210144855,-0.5639142324468074,0.6375529729584906,-9.606284741666778,12.313282958333314,-1.0,9.0,-1.0
SHARED,ridge,PRICE+POSITIONING,rolling5y,0.3,59,0.44029850746268656,-0.16263591497175384,-1.6751330359114502,0.3389830508474576,0.6892703754166594,-0.5995109356837608,0.5896005666519042,-9.595518983333477,12.701459675000063,-1.0,8.0,-1.0
SHARED,ridge,PRICE+POSITIONING,decay3y,0.0,103,0.7686567164179104,-0.09442762993527744,-1.418682491587642,0.39805825242718446,0.566186147560971,-0.5312851279569901,0.7047316035385008,-9.726045883333576,12.840893625000032,-1.0,6.0,-1.0
SHARED,ridge,PRICE+POSITIONING,decay3y,0.1,81,0.6044776119402985,-0.08414035679012663,-1.0582767657375105,0.3950617283950617,0.6348294908854097,-0.5536716858843544,0.748787657432158,-6.815368900000257,9.60749283333333,-1.0,5.0,-1.0
SHARED,ridge,PRICE+POSITIONING,decay3y,0.2,65,0.48507462686567165,-0.07124957166666801,-0.7784766633313108,0.4,0.6584328641025547,-0.55770452884615,0.7870749115901979,-4.63122215833342,8.344337666666586,-1.0,6.0,-1.0
SHARED,ridge,PRICE+POSITIONING,decay3y,0.3,49,0.3656716417910448,-0.08335912789115524,-0.7977230377977038,0.3469387755102041,0.7315433691176413,-0.5162760794270783,0.7527608392684394,-4.084597266666607,7.163259999999886,-1.0,9.0,-1.0
SHARED,ridge,PRICE+MACRO+RATES,expanding,0.0,109,0.8134328358208955,-0.12104017209480145,-1.9175048511758461,0.3944954128440367,0.5167164585271293,-0.5365482799242413,0.6274339409217914,-13.193378758333358,16.480743816666553,-1.0,6.0,-1.0
SHARED,ridge,PRICE+MACRO+RATES,expanding,0.1,92,0.6865671641791045,-0.11348692409420232,-1.6005521774393245,0.40217391304347827,0.5357982427927885,-0.55027876363636,0.6550245337911148,-10.440797016666613,14.802085099999697,-1.0,8.0,-1.0
SHARED,ridge,PRICE+MACRO+RATES,expanding,0.2,81,0.6044776119402985,-0.11643295699588489,-1.4774109406380769,0.3950617283950617,0.5797809687499959,-0.5711032758503377,0.6629842366496531,-9.431069516666676,13.61615068333318,-1.0,5.0,-1.0
SHARED,ridge,PRICE+MACRO+RATES,expanding,0.3,70,0.5223880597014925,-0.11592504369047645,-1.3410632952749972,0.37142857142857144,0.627066316987174,-0.5549653931818154,0.6676798082600591,-8.114753058333351,11.964644449999923,-1.0,6.0,-1.0
SHARED,ridge,PRICE+MACRO+RATES,rolling5y,0.0,98,0.7313432835820896,-0.04628068690476151,-0.6163223189059398,0.40816326530612246,0.6468612233333307,-0.524309590517239,0.8508545267418248,-4.535507316666628,10.503523133333301,-1.0,6.0,-1.0
SHARED,ridge,PRICE+MACRO+RATES,rolling5y,0.1,87,0.6492537313432836,-0.04504878716475027,-0.5639680587185295,0.40229885057471265,0.6579684635714265,-0.5182334751602539,0.854563454831549,-3.9192444833332734,9.887260299999943,-1.0,6.0,-1.0
SHARED,ridge,PRICE+MACRO+RATES,rolling5y,0.2,73,0.5447761194029851,-0.042674923744292964,-0.5043462327845079,0.410958904109589,0.6432736077777765,-0.521243666666667,0.8610090999860135,-3.115269433333386,8.838091741666593,-1.0,6.0,-1.0
SHARED,ridge,PRICE+MACRO+RATES,rolling5y,0.3,66,0.4925373134328358,-0.061249360858588994,-0.6889697910057733,0.3939393939393939,0.6479309301281997,-0.5222165500000017,0.8064759812444252,-4.042457816666873,8.498849916666662,-1.0,5.0,-1.0
SHARED,ridge,PRICE+MACRO+RATES,decay3y,0.0,108,0.8059701492537313,-0.10984765308642087,-1.7427060065133715,0.4074074074074074,0.5053182151515107,-0.5327741874999988,0.6520703912981225,-11.863546533333455,15.726445008333291,-1.0,6.0,-1.0
SHARED,ridge,PRICE+MACRO+RATES,decay3y,0.1,96,0.7164179104477612,-0.10656868680555535,-1.516140535310225,0.4166666666666667,0.5394005047916608,-0.5679752522321383,0.6783501100391522,-10.230593933333314,14.778292958333017,-1.0,6.0,-1.0
SHARED,ridge,PRICE+MACRO+RATES,decay3y,0.2,82,0.6119402985074627,-0.10689941432926854,-1.3668297478889002,0.4024390243902439,0.5736786068181771,-0.5652478775510177,0.6835142517933052,-8.76575197500002,13.053531541666644,-1.0,6.0,-1.0
SHARED,ridge,PRICE+MACRO+RATES,decay3y,0.3,63,0.4701492537313433,-0.1179079289682547,-1.2655787735604678,0.36507936507936506,0.6531424815217339,-0.5612619149999981,0.6691295397711037,-7.428199525000045,10.89691800833335,-1.0,7.0,-1.0
SHARED,ridge,ALL,expanding,0.0,116,0.8656716417910447,-0.054920737356323364,-0.82544933944508,0.43103448275862066,0.5820078568333292,-0.5374423996212117,0.820394973240497,-6.3708055333335105,12.903576383333263,-1.0,5.0,-1.0
SHARED,ridge,ALL,expanding,0.1,104,0.7761194029850746,-0.04250209166666727,-0.592976163435396,0.4423076923076923,0.5972570815217363,-0.5498972979885045,0.8614093078740114,-4.420217533333396,11.441867191666532,-1.0,5.0,-1.0
SHARED,ridge,ALL,expanding,0.2,83,0.6194029850746269,-0.08694360712851526,-1.0611129881442434,0.39759036144578314,0.6365229888888843,-0.5644315604999989,0.7442978069732945,-7.216319391666767,10.906885499999964,-1.0,5.0,-1.0
SHARED,ridge,ALL,expanding,0.3,69,0.5149253731343284,-0.06215556642512028,-0.6784049168511873,0.4057971014492754,0.6474635279761856,-0.5467734845528414,0.8086899359965336,-4.288734083333299,9.275954474999821,-1.0,5.0,-1.0
SHARED,ridge,ALL,rolling5y,0.0,100,0.746268656716418,-0.09056501241666562,-1.237124190786182,0.41,0.5883232278455259,-0.5623348064971717,0.7270309088612887,-9.056501241666561,14.106686066666532,-1.0,6.0,-1.0
SHARED,ridge,ALL,rolling5y,0.1,94,0.7014925373134329,-0.07456185611701976,-1.0066363163521364,0.425531914893617,0.5656120110416651,-0.5487647206790085,0.7634817695868867,-7.008814474999857,12.058999299999822,-1.0,6.0,-1.0
SHARED,ridge,ALL,rolling5y,0.2,79,0.5895522388059702,-0.10112669092826647,-1.20930934823135,0.3924050632911392,0.617642640053763,-0.5653318838541604,0.7055929736622202,-7.989008583333051,11.857769041666415,-1.0,5.0,-1.0
SHARED,ridge,ALL,rolling5y,0.3,59,0.44029850746268656,-0.013851099011298173,-0.1357121855728273,0.4067796610169492,0.7245838739583298,-0.5202065090476146,0.9551159105661031,-0.8172148416665922,4.985311074999951,-1.0,5.0,-1.0
SHARED,ridge,ALL,decay3y,0.0,116,0.8656716417910447,-0.025534641451150576,-0.37564248299668346,0.45689655172413796,0.596650409119491,-0.5489601601851822,0.9143541396596392,-2.9620184083334666,10.190207474999927,-1.0,5.0,-1.0
SHARED,ridge,ALL,decay3y,0.1,101,0.753731343283582,-0.04693790363036427,-0.6488035988256382,0.44554455445544555,0.5778362740740687,-0.5489885821428551,0.8457966801889963,-4.740728266666792,11.212158091666614,-1.0,4.0,-1.0
SHARED,ridge,ALL,decay3y,0.2,77,0.5746268656716418,-0.0766726528138544,-0.9096328246610689,0.4155844155844156,0.6053323791666614,-0.561654008888888,0.7664123711897063,-5.903794266666789,8.674278983333313,-1.0,5.0,-1.0
SHARED,ridge,ALL,decay3y,0.3,63,0.4701492537313433,-0.07212600343915296,-0.7293938998927743,0.3968253968253968,0.6839506626666618,-0.5695448627192942,0.7900475812909542,-4.543938216666636,7.181852749999848,-1.0,5.0,-1.0
SHARED,lgbm,PRICE,expanding,0.0,66,0.4925373134328358,-0.2214843292929322,-2.805011506229471,0.36363636363636365,0.45579660208332173,-0.6085020043650773,0.42802685828822135,-14.617965733333525,15.959670825000103,-1.0,8.0,-1.0
SHARED,lgbm,PRICE,expanding,0.1,31,0.23134328358208955,-0.31452923951613315,-2.9959960717582663,0.2903225806451613,0.4016530749999876,-0.6075129136363644,0.2704677018425582,-9.750406425000127,10.19876030833336,-1.0,9.0,-1.0
SHARED,lgbm,PRICE,expanding,0.2,15,0.11194029850746269,-0.37564938611111404,-2.3873433536722937,0.3333333333333333,0.34059577333332525,-0.7337719658333337,0.23208557235251948,-5.634740791666711,6.696073208333284,-1.0,7.0,-1.0
SHARED,lgbm,PRICE,expanding,0.3,8,0.05970149253731343,-0.2087216312499957,-0.9331654363057919,0.375,0.4614686638888972,-0.6108358083333314,0.4532825262631705,-1.6697730499999657,3.054179041666657,-1.0,5.0,-1.0
SHARED,lgbm,PRICE,rolling5y,0.0,74,0.5522388059701493,-0.24437669211711835,-3.285293044881236,0.33783783783783783,0.4822985139999916,-0.6151293482993173,0.400030775784775,-18.08387521666676,18.606519225000017,-1.0,7.0,-1.0
SHARED,lgbm,PRICE,rolling5y,0.1,45,0.3358208955223881,-0.30923561851851805,-3.52639335888744,0.35555555555555557,0.3468136114583231,-0.6711938143678097,0.28508224704784907,-13.915602833333311,14.734663916666628,-1.0,9.0,-1.0
SHARED,lgbm,PRICE,rolling5y,0.2,22,0.16417910447761194,-0.36791394204545785,-2.74560103550526,0.36363636363636365,0.34778019479165795,-0.7768820202380955,0.2558065892940102,-8.094106725000072,9.345669883333283,-1.0,5.0,-1.0
SHARED,lgbm,PRICE,rolling5y,0.3,12,0.08955223880597014,-0.24847373819444366,-1.3392134123601094,0.5,0.324821206944446,-0.8217686833333334,0.39527085119242616,-2.981684858333324,4.6573857666666445,-1.0,3.0,-1.0
SHARED,lgbm,PRICE,decay3y,0.0,70,0.5223880597014925,-0.22827094249999963,-2.770370127479818,0.32857142857142857,0.52272297282608,-0.5957786031914855,0.4293551368799084,-15.978965974999975,17.320671066666556,-1.0,11.0,-1.0
SHARED,lgbm,PRICE,decay3y,0.1,36,0.26865671641791045,-0.31635086597222334,-2.972428276800979,0.25,0.5468564842592472,-0.6040866493827134,0.30175388735929026,-11.38863117500004,12.207692258333358,-1.0,5.0,-1.0
SHARED,lgbm,PRICE,decay3y,0.2,15,0.11194029850746269,-0.3312669633333321,-2.123905719980746,0.4,0.293307613888885,-0.7476500148148101,0.26153735756654906,-4.969004449999981,6.286599524999929,-1.0,3.0,-1.0
SHARED,lgbm,PRICE,decay3y,0.3,7,0.05223880597014925,-0.20681338333332905,-0.8078322612760505,0.42857142857142855,0.4614686638888972,-0.7080249187499987,0.48882671887835094,-1.4476936833333034,2.832099674999995,-1.0,4.0,-1.0
SHARED,lgbm,PRICE+MACRO,expanding,0.0,88,0.6567164179104478,-0.0220083044507586,-0.2860521447794106,0.4772727272727273,0.5719481200396768,-0.5643163442028952,0.9253914161274662,-1.9367307916667569,7.14026396666668,-1.0,4.0,-1.0
SHARED,lgbm,PRICE+MACRO,expanding,0.1,53,0.39552238805970147,-0.11335918726415059,-1.3235169398545674,0.4528301886792453,0.4291422506944384,-0.5623258945402242,0.6315771884587376,-6.008036924999981,9.677971566666542,-1.0,4.0,-1.0
SHARED,lgbm,PRICE+MACRO,expanding,0.2,32,0.23880597014925373,-0.15586766588541442,-1.3077223655322445,0.34375,0.6160087416666639,-0.5601838793650745,0.5760095167334024,-4.987765308333262,7.659574183333234,-1.0,7.0,-1.0
SHARED,lgbm,PRICE+MACRO,expanding,0.3,18,0.13432835820895522,-0.19319851712962569,-1.1531012271663075,0.3333333333333333,0.6459145111111171,-0.6127550312499972,0.5270576969343489,-3.4775733083332625,6.192736733333277,-1.0,7.0,-1.0
SHARED,lgbm,PRICE+MACRO,rolling5y,0.0,99,0.7388059701492538,-0.08169647407407443,-1.2054232069232034,0.43434343434343436,0.5142166608527066,-0.5392726312499956,0.7321805579057057,-8.087950933333369,9.704880658333387,-1.0,7.0,-1.0
SHARED,lgbm,PRICE+MACRO,rolling5y,0.1,62,0.4626865671641791,-0.06061526881720567,-0.6448395830123723,0.46774193548387094,0.564338341666656,-0.6098169265151446,0.8132501290608132,-3.7581466666667516,7.002868633333264,-1.0,5.0,-1.0
SHARED,lgbm,PRICE+MACRO,rolling5y,0.2,31,0.23134328358208955,-0.1708889209677433,-1.3707267045590414,0.41935483870967744,0.5138979057692269,-0.6654571847222218,0.5577345861175482,-5.297556550000042,8.357318700000025,-1.0,8.0,-1.0
SHARED,lgbm,PRICE+MACRO,rolling5y,0.3,17,0.12686567164179105,-0.2419942215686241,-1.3012098725528563,0.35294117647058826,0.6623290527777815,-0.735261462121209,0.49134955527519336,-4.11390176666661,5.4466529583332886,-1.0,7.0,-1.0
SHARED,lgbm,PRICE+MACRO,decay3y,0.0,95,0.7089552238805971,-0.09717116868421193,-1.3744271930829124,0.45263157894736844,0.5219244226744127,-0.6091155999999978,0.708554089764287,-9.231261025000133,13.040391083333398,-1.0,4.0,-1.0
SHARED,lgbm,PRICE+MACRO,decay3y,0.1,61,0.4552238805970149,-0.07950453060109366,-0.9095415137940049,0.4426229508196721,0.5382519512345607,-0.5700758544117603,0.7497868392974902,-4.849776366666713,9.779803316666555,-1.0,6.0,-1.0
SHARED,lgbm,PRICE+MACRO,decay3y,0.2,36,0.26865671641791045,-0.13090589652778006,-1.033402101814284,0.4444444444444444,0.6031719390624914,-0.7181681649999972,0.6719005029274655,-4.712612275000082,9.197454908333345,-1.0,4.0,-1.0
SHARED,lgbm,PRICE+MACRO,decay3y,0.3,16,0.11940298507462686,-0.38390394687499685,-2.301664391129751,0.1875,0.7413596638888799,-0.6435801647435837,0.2658301307765373,-6.14246314999995,6.907451341666578,-1.0,11.0,-1.0
SHARED,lgbm,PRICE+RATES,expanding,0.0,75,0.5597014925373134,-0.2032165610000023,-2.725791410064879,0.36,0.49234880061727454,-0.5944720769097206,0.465869148618187,-15.241242075000171,15.56186775833347,-1.0,5.0,-1.0
SHARED,lgbm,PRICE+RATES,expanding,0.1,42,0.31343283582089554,-0.25145921726190557,-2.50461808333457,0.3333333333333333,0.4736204559523734,-0.6139990538690451,0.38568500469822226,-10.561287125000034,10.852582041666667,-1.0,8.0,-1.0
SHARED,lgbm,PRICE+RATES,expanding,0.2,15,0.11194029850746269,-0.39070221000000244,-2.494513062161359,0.26666666666666666,0.3957693270833242,-0.6766918598484849,0.21267600141017545,-5.860533150000037,6.554115774999975,-1.0,9.0,-1.0
SHARED,lgbm,PRICE+RATES,expanding,0.3,7,0.05223880597014925,-0.4151716571428562,-1.6083330295726512,0.2857142857142857,0.5122052500000033,-0.7861224200000001,0.26062365706349055,-2.9062015999999935,3.9306121000000003,-1.0,5.0,-1.0
SHARED,lgbm,PRICE+RATES,rolling5y,0.0,88,0.6567164179104478,-0.1601754138257595,-2.1113973765362397,0.38636363636363635,0.5353598335784214,-0.5981050140432067,0.5635773080314143,-14.095436416666836,14.618080425000091,-1.0,6.0,-1.0
SHARED,lgbm,PRICE+RATES,rolling5y,0.1,55,0.41044776119402987,-0.17401249166666866,-1.7108536144458164,0.38181818181818183,0.5764712654761802,-0.6375465769607812,0.5584780696572441,-9.570687041666776,12.412089691666626,-1.0,6.0,-1.0
SHARED,lgbm,PRICE+RATES,rolling5y,0.2,29,0.21641791044776118,-0.2215623318965503,-1.653409177207277,0.3793103448275862,0.529644081060603,-0.6806329175925884,0.47554470920272324,-6.4253076249999586,8.809274849999875,-1.0,7.0,-1.0
SHARED,lgbm,PRICE+RATES,rolling5y,0.3,11,0.08208955223880597,-0.29471773257576,-1.3258803271079584,0.36363636363636365,0.5904589270833185,-0.800532966666662,0.42147558594043705,-3.2418950583333603,4.714236083333276,-1.0,5.0,-1.0
SHARED,lgbm,PRICE+RATES,decay3y,0.0,76,0.5671641791044776,-0.23327149999999972,-3.239144531778691,0.34210526315789475,0.4597639320512744,-0.5936499246666623,0.4027242904156113,-17.72863399999998,18.049259683333275,-1.0,5.0,-1.0
SHARED,lgbm,PRICE+RATES,decay3y,0.1,45,0.3358208955223881,-0.3184968820370378,-3.454699584003676,0.3333333333333333,0.39256325944443743,-0.6740269527777755,0.29120739002099244,-14.332359691666701,15.472046458333317,-1.0,10.0,-1.0
SHARED,lgbm,PRICE+RATES,decay3y,0.2,20,0.14925373134328357,-0.38225056583332845,-3.253882212183033,0.25,0.2899918983333464,-0.60633138722222,0.15942431506632226,-7.645011316666569,7.7214661916665746,-1.0,7.0,-1.0
SHARED,lgbm,PRICE+RATES,decay3y,0.3,6,0.04477611940298507,-0.30128152916666473,-1.0701259308338051,0.3333333333333333,0.5122052500000033,-0.7080249187499987,0.3617141405872335,-1.8076891749999884,2.832099674999995,-1.0,4.0,-1.0
SHARED,lgbm,PRICE+DXYFX,expanding,0.0,66,0.4925373134328358,-0.1535197175505077,-1.8834748028457455,0.3787878787878788,0.5193349539999886,-0.5637969563008103,0.5616696779559871,-10.132301358333509,12.301252974999898,-1.0,10.0,-1.0
SHARED,lgbm,PRICE+DXYFX,expanding,0.1,32,0.23880597014925373,-0.3169979778645846,-3.0760749974618866,0.3125,0.3747746533333232,-0.6314400829545427,0.26978349925843115,-10.143935291666708,11.452167899999875,-1.0,10.0,-1.0
SHARED,lgbm,PRICE+DXYFX,expanding,0.2,18,0.13432835820895522,-0.3388627509259234,-2.347933763069097,0.3333333333333333,0.3862315152777758,-0.701409884027773,0.27532511593640635,-6.099529516666621,6.713607541666608,-1.0,8.0,-1.0
SHARED,lgbm,PRICE+DXYFX,expanding,0.3,7,0.05223880597014925,-0.21599424404761675,-0.8893259970014858,0.42857142857142855,0.35772294166666696,-0.6462821333333295,0.4151317086026028,-1.5119597083333172,2.585128533333318,-1.0,4.0,-1.0
SHARED,lgbm,PRICE+DXYFX,rolling5y,0.0,70,0.5223880597014925,-0.18861426416666735,-2.4761199049697096,0.35714285714285715,0.4909091423333242,-0.5661272677777738,0.48174203367174134,-13.202998491666714,13.77770670833331,-1.0,8.0,-1.0
SHARED,lgbm,PRICE+DXYFX,rolling5y,0.1,47,0.35074626865671643,-0.09097650390071009,-0.9488168351444234,0.425531914893617,0.5195576170833228,-0.5432240009259197,0.7084692382512722,-4.275895683333374,6.346379424999934,-1.0,5.0,-1.0
SHARED,lgbm,PRICE+DXYFX,rolling5y,0.2,24,0.1791044776119403,-0.18287183263889042,-1.6845519212100737,0.4166666666666667,0.3300005041666622,-0.5492092160714281,0.429189166779521,-4.38892398333337,6.17126132499997,-1.0,4.0,-1.0
SHARED,lgbm,PRICE+DXYFX,rolling5y,0.3,10,0.07462686567164178,-0.07183555999999955,-0.3558477881423841,0.5,0.4474622033333313,-0.5911333233333304,0.7569564862460219,-0.7183555999999954,2.955666616666652,-1.0,5.0,-1.0
SHARED,lgbm,PRICE+DXYFX,decay3y,0.0,76,0.5671641791044776,-0.23584452083333504,-3.1773930558392975,0.3157894736842105,0.5206326461805463,-0.5849878286858956,0.4107640856129509,-17.924183583333463,17.924183583333466,-1.0,7.0,-1.0
SHARED,lgbm,PRICE+DXYFX,decay3y,0.1,41,0.30597014925373134,-0.2816096715447161,-2.943958451314666,0.3170731707317073,0.44102898076922276,-0.6171204744047591,0.33180466999517855,-11.54599653333336,12.712921583333241,-1.0,6.0,-1.0
SHARED,lgbm,PRICE+DXYFX,decay3y,0.2,16,0.11940298507462686,-0.19242556510416386,-1.15254173759727,0.4375,0.44558451428571555,-0.6886556268518478,0.5032496937803892,-3.078809041666622,4.316120058333278,-1.0,3.0,-1.0
SHARED,lgbm,PRICE+DXYFX,decay3y,0.3,7,0.05223880597014925,-0.1260711130952359,-0.6039518575822909,0.42857142857142855,0.35772294166666696,-0.488916654166663,0.5487483479311878,-0.8824977916666512,1.955666616666652,-1.0,4.0,-1.0
SHARED,lgbm,PRICE+VOLRISK,expanding,0.0,94,0.7014925373134329,-0.07920089406028506,-1.0242328974702632,0.4148936170212766,0.5831609576923021,-0.5488756616666651,0.7533839856930818,-7.444884041666795,13.139106658333429,-1.0,8.0,-1.0
SHARED,lgbm,PRICE+VOLRISK,expanding,0.1,71,0.5298507462686567,-0.0869546889671362,-0.9149876571673008,0.4084507042253521,0.6316428135057385,-0.5831291549603116,0.7479206277051761,-6.173782916666671,10.216001724999956,-1.0,6.0,-1.0
SHARED,lgbm,PRICE+VOLRISK,expanding,0.2,36,0.26865671641791045,-0.04603772384259039,-0.3872752449143049,0.5,0.4538195749999987,-0.5458950226851795,0.831331219632165,-1.6573580583332541,6.8699349833332235,-1.0,6.0,-1.0
SHARED,lgbm,PRICE+VOLRISK,expanding,0.3,21,0.15671641791044777,-0.0972470218253994,-0.7052271893752439,0.47619047619047616,0.44531904833332503,-0.5904889037878761,0.6855937442480237,-2.0421874583333874,5.504090258333386,-1.0,7.0,-1.0
SHARED,lgbm,PRICE+VOLRISK,rolling5y,0.0,100,0.746268656716418,-0.1326733589166679,-1.8938741766988065,0.42,0.5186766450396756,-0.6043406031609165,0.621492963819492,-13.26733589166679,14.438691600000045,-1.0,6.0,-1.0
SHARED,lgbm,PRICE+VOLRISK,rolling5y,0.1,65,0.48507462686567165,-0.1142829743589771,-1.2638101790531848,0.4307692307692308,0.5468363657738009,-0.6145895020270253,0.6733309197029469,-7.428393333333511,10.195991525000068,-1.0,6.0,-1.0
SHARED,lgbm,PRICE+VOLRISK,rolling5y,0.2,41,0.30597014925373134,-0.04066027906504232,-0.3374410662637125,0.4878048780487805,0.5523354624999891,-0.6054181281745962,0.8688768131135494,-1.6670714416667352,7.020743733333196,-1.0,7.0,-1.0
SHARED,lgbm,PRICE+VOLRISK,rolling5y,0.3,19,0.1417910447761194,-0.18801904385964807,-1.2651188517067626,0.47368421052631576,0.38954240092591924,-0.7078243441666586,0.4953039037475951,-3.5723618333333134,4.964972633333295,-1.0,6.0,-1.0
SHARED,lgbm,PRICE+VOLRISK,decay3y,0.0,94,0.7014925373134329,-0.10261874831560353,-1.4412546010522829,0.425531914893617,0.5167889793749927,-0.5614392873456748,0.6818308943050359,-9.64616234166673,11.916735149999946,-1.0,7.0,-1.0
SHARED,lgbm,PRICE+VOLRISK,decay3y,0.1,62,0.4626865671641791,-0.07567403024193672,-0.803895409698422,0.43548387096774194,0.5772443975308564,-0.5793539602380916,0.7686196203256694,-4.691789875000077,9.098878449999955,-1.0,6.0,-1.0
SHARED,lgbm,PRICE+VOLRISK,decay3y,0.2,42,0.31343283582089554,-0.13514542162698262,-1.3466602985164722,0.42857142857142855,0.4749386481481468,-0.5927084739583298,0.6009767056850834,-5.67610770833327,7.578758533333257,-1.0,4.0,-1.0
SHARED,lgbm,PRICE+VOLRISK,decay3y,0.3,18,0.13432835820895522,-0.27630159490740247,-2.000302420447806,0.3333333333333333,0.38252212500000526,-0.6057134548611064,0.3157616212171808,-4.973428708333245,6.7567617166666505,-1.0,7.0,-1.0
SHARED,lgbm,PRICE+CONSENSUS,expanding,0.0,68,0.5074626865671642,-0.07362516531862731,-0.7881773190107311,0.4117647058823529,0.6661039282738029,-0.5914355308333284,0.7883745995690976,-5.006511241666657,8.020638808333276,-1.0,5.0,-1.0
SHARED,lgbm,PRICE+CONSENSUS,expanding,0.1,33,0.2462686567164179,-0.23761957424242816,-1.845147268865983,0.3939393939393939,0.5635460608974188,-0.7583772370833286,0.4830115167909154,-7.8414459500001295,8.824214375000071,-1.0,4.0,-1.0
SHARED,lgbm,PRICE+CONSENSUS,expanding,0.2,11,0.08208955223880597,-0.15527462121211888,-0.6879840795793253,0.5454545454545454,0.45892345972222554,-0.8923123183333322,0.617169728974814,-1.7080208333333076,3.553382074999945,-1.0,2.0,-1.0
SHARED,lgbm,PRICE+CONSENSUS,expanding,0.3,7,0.05223880597014925,-0.22812988214285013,-0.8092333022962431,0.5714285714285714,0.3507727062500123,-1.0,0.467696941666683,-1.5969091749999509,2.641894166666627,-1.0,2.0,-1.0
SHARED,lgbm,PRICE+CONSENSUS,rolling5y,0.0,75,0.5597014925373134,-0.2539529726666675,-3.293820459602001,0.30666666666666664,0.5515432960144845,-0.6102301684294849,0.399770209814094,-19.046472950000062,19.150822166666643,-1.0,9.0,-1.0
SHARED,lgbm,PRICE+CONSENSUS,rolling5y,0.1,43,0.3208955223880597,-0.21290540096899344,-1.8382332058356676,0.3488372093023256,0.6523945033333246,-0.6764589211309496,0.516656731753682,-9.154932241666717,11.483936933333327,-1.0,7.0,-1.0
SHARED,lgbm,PRICE+CONSENSUS,rolling5y,0.2,21,0.15671641791044777,-0.26522518531745787,-1.5787901990316753,0.38095238095238093,0.586035416666661,-0.789077863461531,0.45703623962422535,-5.569728891666615,8.071099324999901,-1.0,6.0,-1.0
SHARED,lgbm,PRICE+CONSENSUS,rolling5y,0.3,9,0.06716417910447761,-0.13915937870370326,-0.5635301082835653,0.5555555555555556,0.44182543666666635,-0.8653903979166652,0.6381880330113349,-1.2524344083333294,3.0847709249999298,-1.0,2.0,-1.0
SHARED,lgbm,PRICE+CONSENSUS,decay3y,0.0,67,0.5,-0.21442404776119312,-2.797514891002131,0.3283582089552239,0.5038528700757476,-0.5655816520370309,0.43553051787946234,-14.36641119999994,16.101135283333214,-1.0,7.0,-1.0
SHARED,lgbm,PRICE+CONSENSUS,decay3y,0.1,29,0.21641791044776118,-0.14954663017241354,-1.096843926302087,0.41379310344827586,0.6037070111111026,-0.6812550828431307,0.6255309299296877,-4.336852274999993,5.961949716666595,-1.0,4.0,-1.0
SHARED,lgbm,PRICE+CONSENSUS,decay3y,0.2,16,0.11940298507462686,-0.22217615052083534,-1.0593635574798355,0.4375,0.6110401809523757,-0.8702332972222216,0.5461219141936715,-3.5548184083333654,5.387154924999966,-1.0,3.0,-1.0
SHARED,lgbm,PRICE+CONSENSUS,decay3y,0.3,6,0.04477611940298507,-0.2364110430555494,-0.8272243139286436,0.5,0.3476984444444547,-0.8205205305555535,0.4237534973183876,-1.4184662583332965,2.0847709249999298,-1.0,1.0,-1.0
SHARED,lgbm,PRICE+FED,expanding,0.0,64,0.47761194029850745,-0.1778257341145852,-1.9708980623618833,0.390625,0.5249790059999895,-0.6283415931623896,0.5355765200142895,-11.380846983333452,12.72255207500003,-1.0,7.0,-1.0
SHARED,lgbm,PRICE+FED,expanding,0.1,38,0.2835820895522388,-0.343696199342104,-3.7621630070498684,0.2894736842105263,0.3268216863636353,-0.6168701527777756,0.2158470065804788,-13.060455574999951,13.060455574999953,-1.0,7.0,-1.0
SHARED,lgbm,PRICE+FED,expanding,0.2,21,0.15671641791044777,-0.3284692210317449,-2.4533994764798854,0.23809523809523808,0.5346383983333302,-0.5981903520833309,0.2792998899050972,-6.897853641666644,7.602470183333254,-1.0,10.0,-1.0
SHARED,lgbm,PRICE+FED,expanding,0.3,7,0.05223880597014925,-0.4910215845238078,-1.8080806098540814,0.2857142857142857,0.5122052500000033,-0.892312318333332,0.22960805963396505,-3.4371510916666543,4.103455758333288,-1.0,4.0,-1.0
SHARED,lgbm,PRICE+FED,rolling5y,0.0,78,0.582089552238806,-0.2015428022435906,-2.7154004507032674,0.358974358974359,0.4992233666666577,-0.5939718568333296,0.4706705917411423,-15.720338575000069,17.062043666666646,-1.0,8.0,-1.0
SHARED,lgbm,PRICE+FED,rolling5y,0.1,47,0.35074626865671643,-0.26497237358156017,-2.857605788225136,0.3617021276595745,0.42803378431371547,-0.6576758630555498,0.3688024624332081,-12.453701558333327,13.742118349999943,-1.0,7.0,-1.0
SHARED,lgbm,PRICE+FED,rolling5y,0.2,21,0.15671641791044777,-0.36969011587301803,-2.8465317229895204,0.2857142857142857,0.42143432222221433,-0.6861398911111108,0.24568419803708447,-7.763492433333378,8.56952879166666,-1.0,8.0,-1.0
SHARED,lgbm,PRICE+FED,rolling5y,0.3,8,0.05970149253731343,0.0025219593749928326,0.009879279958930337,0.625,0.49634745333332064,-0.8205205305555537,1.0081962909513396,0.02017567499994266,2.461561591666661,-1.0,3.0,-1.0
SHARED,lgbm,PRICE+FED,decay3y,0.0,72,0.5373134328358209,-0.18508382199074183,-2.2380607628073297,0.3888888888888889,0.4962582458333248,-0.6186651378787843,0.5104549821195987,-13.326035183333412,14.145096266666732,-1.0,8.0,-1.0
SHARED,lgbm,PRICE+FED,decay3y,0.1,42,0.31343283582089554,-0.3007302214285719,-2.943976272597447,0.30952380952380953,0.4896487608974288,-0.6550380410919516,0.3350915620662151,-12.63066930000002,12.630669300000022,-1.0,7.0,-1.0
SHARED,lgbm,PRICE+FED,decay3y,0.2,19,0.1417910447761194,-0.3505595719298191,-2.22367588934435,0.21052631578947367,0.730292806250001,-0.6387868727777711,0.30486654725148643,-6.660631866666563,6.660631866666563,-1.0,9.0,-1.0
SHARED,lgbm,PRICE+FED,decay3y,0.3,7,0.05223880597014925,-0.08160866071428008,-0.3720495993423541,0.42857142857142855,0.4614686638888972,-0.488916654166663,0.7078946789132959,-0.5712606249999606,1.955666616666652,-1.0,4.0,-1.0
SHARED,lgbm,PRICE+POSITIONING,expanding,0.0,68,0.5074626865671642,-0.25618333786764985,-3.5072788136228694,0.29411764705882354,0.46916523499998747,-0.5584119098958319,0.35007404233157324,-17.42046697500019,17.42046697500018,-1.0,7.0,-1.0
SHARED,lgbm,PRICE+POSITIONING,expanding,0.1,39,0.291044776119403,-0.36286533632478757,-3.8296527958091104,0.20512820512820512,0.5166420666666577,-0.5898349887096769,0.22604115981301884,-14.151748116666715,14.151748116666719,-1.0,10.0,-1.0
SHARED,lgbm,PRICE+POSITIONING,expanding,0.2,20,0.14925373134328357,-0.35872540541666736,-3.0080628075922298,0.25,0.3482321699999905,-0.5943779305555531,0.19529222744105187,-7.174508108333347,7.595584033333277,-1.0,9.0,-1.0
SHARED,lgbm,PRICE+POSITIONING,expanding,0.3,9,0.06716417910447761,-0.45112103703703543,-2.1407452655286936,0.2222222222222222,0.5122052500000033,-0.7263571190476179,0.2014771429992196,-4.060089333333319,4.572506266666626,-1.0,5.0,-1.0
SHARED,lgbm,PRICE+POSITIONING,rolling5y,0.0,76,0.5671641791044776,-0.22677297346491523,-2.9867037323619394,0.3684210526315789,0.4789969464285594,-0.6384720934027753,0.43763053750321523,-17.234745983333557,17.23474598333356,-1.0,5.0,-1.0
SHARED,lgbm,PRICE+POSITIONING,rolling5y,0.1,44,0.3283582089552239,-0.32118049602272325,-3.2744768959570374,0.2727272727272727,0.5309128770833272,-0.6407155109374921,0.310734367293429,-14.131941824999823,15.845040908333127,-1.0,10.0,-1.0
SHARED,lgbm,PRICE+POSITIONING,rolling5y,0.2,27,0.20149253731343283,-0.3861394450617315,-3.1738652104649354,0.3333333333333333,0.39635612499999007,-0.7773872300925921,0.254928373953854,-10.42576501666675,12.342456849999962,-1.0,7.0,-1.0
SHARED,lgbm,PRICE+POSITIONING,rolling5y,0.3,11,0.08208955223880597,-0.4053617590909067,-1.9725735365428911,0.36363636363636365,0.41892522708333024,-0.8763828940476135,0.27315211841025683,-4.458979349999974,5.1346802583332956,-1.0,6.0,-1.0
SHARED,lgbm,PRICE+POSITIONING,decay3y,0.0,66,0.4925373134328358,-0.19160621969697011,-2.3493659457825875,0.3484848484848485,0.5399659981883985,-0.5829122897286789,0.4954759530310313,-12.646010500000028,13.465071583333343,-1.0,7.0,-1.0
SHARED,lgbm,PRICE+POSITIONING,decay3y,0.1,45,0.3358208955223881,-0.3254063296296282,-3.399750731238472,0.26666666666666666,0.5278082874999971,-0.6356661904040373,0.30193565311636605,-14.643284833333269,14.643284833333265,-1.0,7.0,-1.0
SHARED,lgbm,PRICE+POSITIONING,decay3y,0.2,23,0.17164179104477612,-0.5089797047101429,-4.579757343203042,0.17391304347826086,0.36246648333333076,-0.6924420600877164,0.11020233710769424,-11.706533208333287,11.706533208333287,-1.0,14.0,-1.0
SHARED,lgbm,PRICE+POSITIONING,decay3y,0.3,8,0.05970149253731343,-0.27888041666666186,-1.1459970766245209,0.375,0.4614686638888972,-0.7230898649999972,0.3829139526569625,-2.231043333333295,3.461561591666661,-1.0,4.0,-1.0
SHARED,lgbm,PRICE+MACRO+RATES,expanding,0.0,86,0.6417910447761194,-0.061328933527134775,-0.7963020635410991,0.43023255813953487,0.5852822448198101,-0.5495863539115625,0.804146271776093,-5.274288283333591,11.377143741666638,-1.0,5.0,-1.0
SHARED,lgbm,PRICE+MACRO+RATES,expanding,0.1,52,0.3880597014925373,-0.1249500740384614,-1.2988130710590045,0.4423076923076923,0.5212967945652142,-0.6374906939655145,0.6485463854742802,-6.497403849999992,9.664344916666513,-1.0,5.0,-1.0
SHARED,lgbm,PRICE+MACRO+RATES,expanding,0.2,29,0.21641791044776118,-0.09452945344827607,-0.7539753071180529,0.4482758620689655,0.5277361294871759,-0.6001202395833307,0.7144994901455756,-2.741354150000006,6.965920249999916,-1.0,8.0,-1.0
SHARED,lgbm,PRICE+MACRO+RATES,expanding,0.3,14,0.1044776119402985,-0.37570469880952156,-2.60184551913588,0.21428571428571427,0.3850313611111081,-0.583178169696966,0.1800625580427115,-5.259865783333302,5.955869066666613,-1.0,10.0,-1.0
SHARED,lgbm,PRICE+MACRO+RATES,rolling5y,0.0,92,0.6865671641791045,-0.14600286875000035,-1.9915124784953087,0.391304347826087,0.5435760571759198,-0.5893036068452346,0.5929740578245511,-13.432263925000031,13.432263925000028,-1.0,5.0,-1.0
SHARED,lgbm,PRICE+MACRO+RATES,rolling5y,0.1,66,0.4925373134328358,-0.18275637752525242,-1.9882689737541712,0.3939393939393939,0.556719518910249,-0.6634157102083285,0.5454614380145244,-12.06192091666666,12.061920916666658,-1.0,6.0,-1.0
SHARED,lgbm,PRICE+MACRO+RATES,rolling5y,0.2,30,0.22388059701492538,-0.26391403305555683,-2.180319634017605,0.3333333333333333,0.5086539241666629,-0.6501980116666668,0.3911530910889893,-7.917420991666705,8.736482075000028,-1.0,9.0,-1.0
SHARED,lgbm,PRICE+MACRO+RATES,rolling5y,0.3,15,0.11194029850746269,-0.31088903611110813,-2.082784448864453,0.3333333333333333,0.37360874666667315,-0.6531379274999988,0.28601060429665054,-4.663335541666622,5.5632748166666115,-1.0,8.0,-1.0
SHARED,lgbm,PRICE+MACRO+RATES,decay3y,0.0,92,0.6865671641791045,-0.08651666096014807,-1.1694352879408223,0.4673913043478261,0.5073032968992173,-0.6076239709183666,0.732664521410304,-7.9595328083336225,11.547439258333535,-1.0,4.0,-1.0
SHARED,lgbm,PRICE+MACRO+RATES,decay3y,0.1,60,0.44776119402985076,-0.14666223347222354,-1.5122481457395827,0.43333333333333335,0.5329037233974299,-0.6663303181372527,0.6115804743044247,-8.799734008333413,10.643647241666676,-1.0,5.0,-1.0
SHARED,lgbm,PRICE+MACRO+RATES,decay3y,0.2,29,0.21641791044776118,-0.2277163491379327,-1.8230674232994195,0.3448275862068966,0.5263857208333207,-0.6246121754385923,0.44354741569603096,-6.603774125000048,8.335251816666641,-1.0,11.0,-1.0
SHARED,lgbm,PRICE+MACRO+RATES,decay3y,0.3,13,0.09701492537313433,-0.29311271858974136,-2.0224565679548268,0.3076923076923077,0.24856531458331688,-0.5338585111111006,0.20693399252587796,-3.810465341666638,4.320226549999916,-1.0,7.0,-1.0
SHARED,lgbm,ALL,expanding,0.0,88,0.6567164179104478,-0.060804689488634274,-0.8228410555123207,0.4431818181818182,0.5399413087606822,-0.5389494636054372,0.7973831202225471,-5.350812674999816,9.286968550000022,-1.0,5.0,-1.0
SHARED,lgbm,ALL,expanding,0.1,54,0.40298507462686567,-0.06340953595678803,-0.5968106127546529,0.42592592592592593,0.6380294221014504,-0.5838319887096748,0.8108097486349829,-3.4241149416665535,6.928866949999929,-1.0,7.0,-1.0
SHARED,lgbm,ALL,expanding,0.2,39,0.291044776119403,0.030509862606839657,0.2287450278548439,0.5128205128205128,0.6565733524999985,-0.628504337280696,1.0996421245509644,1.1898846416667466,4.148892316666661,-1.0,5.0,-1.0
SHARED,lgbm,ALL,expanding,0.3,22,0.16417910447761194,-0.007101297348487084,-0.050303746303303705,0.5454545454545454,0.47828986874998863,-0.5895706966666581,0.9735013048392654,-0.15622854166671585,3.3741918416666294,-1.0,5.0,-1.0
SHARED,lgbm,ALL,rolling5y,0.0,92,0.6865671641791045,-0.059770123460143494,-0.83552102813078,0.5,0.471269064130433,-0.5908093110507199,0.7976669549982353,-5.4988513583332015,8.401570883333191,-1.0,5.0,-1.0
SHARED,lgbm,ALL,rolling5y,0.1,61,0.4552238805970149,0.01755411174863521,0.186659398984831,0.5573770491803278,0.5201320068627413,-0.6153217561728318,1.0644529290705533,1.0708008166667478,6.3535780916664635,-1.0,6.0,-1.0
SHARED,lgbm,ALL,rolling5y,0.2,35,0.26119402985074625,0.0603074385714308,0.4644852561346569,0.5428571428571428,0.5782117109649111,-0.5547038848958271,1.2378251270040768,2.1107603500000782,4.386693308333216,-1.0,6.0,-1.0
SHARED,lgbm,ALL,rolling5y,0.3,19,0.1417910447761194,-0.09543467894736712,-0.6114477719374817,0.42105263157894735,0.5641979531249888,-0.5751675022727168,0.7134022392947091,-1.8132588999999752,2.9573887333332705,-1.0,7.0,-1.0
SHARED,lgbm,ALL,decay3y,0.0,90,0.6716417910447762,-0.17683875703703505,-2.601041607667002,0.4111111111111111,0.44441409256756614,-0.6105435765723226,0.5081559442215461,-15.915488133333154,15.915488133333154,-1.0,5.0,-1.0
SHARED,lgbm,ALL,decay3y,0.1,56,0.417910447761194,-0.16189329910714148,-1.7420901773346789,0.42857142857142855,0.49567316423610763,-0.6550681466145782,0.567505648226565,-9.066024749999922,10.752337083333222,-1.0,9.0,-1.0
SHARED,lgbm,ALL,decay3y,0.2,38,0.2835820895522388,-0.10802347390350912,-0.8895721849792929,0.4473684210526316,0.5847661480392047,-0.6688531678571346,0.7077519291085637,-4.104892008333347,6.05869313333335,-1.0,6.0,-1.0
SHARED,lgbm,ALL,decay3y,0.3,22,0.16417910447761194,-0.18169016780303313,-1.2538838115360895,0.4090909090909091,0.48107320370368395,-0.6405263480769143,0.5199640584452165,-3.997183691666729,6.0350536083333655,-1.0,8.0,-1.0
SHARED,knn,PRICE,expanding,0.0,49,0.3656716417910448,-0.36736749217687487,-3.972558004327258,0.30612244897959184,0.4517660127777592,-0.728749920833331,0.2734937313215768,-18.00100711666687,18.500961308333522,-1.0,10.0,-1.0
SHARED,knn,PRICE,expanding,0.1,14,0.1044776119402985,-0.2122242047618995,-1.0122072219460743,0.35714285714285715,0.6864497300000039,-0.7114875018518458,0.536005144318789,-2.971138866666593,3.87027683333334,-1.0,6.0,-1.0
SHARED,knn,PRICE,expanding,0.2,1,0.007462686567164179,-1.0,0.0,0.0,0.0,-1.0,0.0,-1.0,1.0,-1.0,1.0,-1.0
SHARED,knn,PRICE,expanding,0.3,1,0.007462686567164179,-1.0,0.0,0.0,0.0,-1.0,0.0,-1.0,1.0,-1.0,1.0,-1.0
SHARED,knn,PRICE,rolling5y,0.0,79,0.5895522388059702,-0.18911159862868876,-2.184880169965745,0.3670886075949367,0.6106622629310352,-0.6529804383333286,0.5424115206330256,-14.939816291666412,16.347785291666465,-1.0,7.0,-1.0
SHARED,knn,PRICE,rolling5y,0.1,32,0.23880597014925373,-0.30457013567707847,-2.397209798798975,0.3125,0.6157621241666713,-0.722902981060601,0.3871776461767708,-9.746244341666511,9.746244341666511,-1.0,5.0,-1.0
SHARED,knn,PRICE,rolling5y,0.2,9,0.06716417910447761,-0.5190398175925944,-2.078677783790372,0.2222222222222222,0.6792117500000169,-0.8613974083333406,0.2252856789707312,-4.67135835833335,4.67135835833335,-1.0,3.0,-1.0
SHARED,knn,PRICE,rolling5y,0.3,0,0.0,,,,,,,,,,,
SHARED,knn,PRICE,decay3y,0.0,49,0.3656716417910448,-0.36736749217687487,-3.972558004327258,0.30612244897959184,0.4517660127777592,-0.728749920833331,0.2734937313215768,-18.00100711666687,18.500961308333522,-1.0,10.0,-1.0
SHARED,knn,PRICE,decay3y,0.1,14,0.1044776119402985,-0.2122242047618995,-1.0122072219460743,0.35714285714285715,0.6864497300000039,-0.7114875018518458,0.536005144318789,-2.971138866666593,3.87027683333334,-1.0,6.0,-1.0
SHARED,knn,PRICE,decay3y,0.2,1,0.007462686567164179,-1.0,0.0,0.0,0.0,-1.0,0.0,-1.0,1.0,-1.0,1.0,-1.0
SHARED,knn,PRICE,decay3y,0.3,1,0.007462686567164179,-1.0,0.0,0.0,0.0,-1.0,0.0,-1.0,1.0,-1.0,1.0,-1.0
SHARED,knn,PRICE+MACRO,expanding,0.0,63,0.4701492537313433,-0.11204743584656149,-1.0986794377219382,0.4603174603174603,0.5959208522988476,-0.7159027404411752,0.7099922994147274,-7.058988458333374,9.567331083333215,-1.0,6.0,-1.0
SHARED,knn,PRICE+MACRO,expanding,0.1,28,0.208955223880597,-0.2395553812499984,-1.4978420319710044,0.42857142857142855,0.6373982208333314,-0.8972705828124958,0.5327809412034377,-6.707550674999955,6.923178658333275,-1.0,4.0,-1.0
SHARED,knn,PRICE+MACRO,expanding,0.2,18,0.13432835820895522,-0.3807194222222174,-1.8333414941908628,0.2777777777777778,0.9006759450000041,-0.8735637942307639,0.39655240669062297,-6.852949599999913,6.852949599999913,-1.0,5.0,-1.0
SHARED,knn,PRICE+MACRO,expanding,0.3,6,0.04477611940298507,-0.2565579111111194,-0.626255613870534,0.3333333333333333,0.9611070624999721,-0.8653903979166652,0.5553025922252747,-1.5393474666667166,2.0,-1.0,2.0,-1.0
SHARED,knn,PRICE+MACRO,rolling5y,0.0,80,0.5970149253731343,-0.14786951499999976,-1.7502496030162413,0.4125,0.5595368040404017,-0.6445590581560264,0.6095116680084963,-11.829561199999981,16.019681574999858,-1.0,5.0,-1.0
SHARED,knn,PRICE+MACRO,rolling5y,0.1,43,0.3208955223880597,-0.31935048333332977,-2.7619845681654036,0.3953488372093023,0.5056514421568694,-0.8587748192307677,0.3849882917353998,-13.73207078333318,13.73207078333318,-1.0,7.0,-1.0
SHARED,knn,PRICE+MACRO,rolling5y,0.2,22,0.16417910447761194,-0.487285510984846,-3.1136783608799767,0.22727272727272727,0.6636906899999986,-0.825807923039212,0.23637838614970244,-10.720281241666612,10.72028124166661,-1.0,10.0,-1.0
SHARED,knn,PRICE+MACRO,rolling5y,0.3,9,0.06716417910447761,-0.32145951666666833,-1.1599076678059865,0.3333333333333333,0.6650814305555488,-0.8147299902777768,0.4081606412504796,-2.893135650000015,2.8931356500000147,-1.0,4.0,-1.0
SHARED,knn,PRICE+MACRO,decay3y,0.0,63,0.4701492537313433,-0.11204743584656149,-1.0986794377219382,0.4603174603174603,0.5959208522988476,-0.7159027404411752,0.7099922994147274,-7.058988458333374,9.567331083333215,-1.0,6.0,-1.0
SHARED,knn,PRICE+MACRO,decay3y,0.1,28,0.208955223880597,-0.2395553812499984,-1.4978420319710044,0.42857142857142855,0.6373982208333314,-0.8972705828124958,0.5327809412034377,-6.707550674999955,6.923178658333275,-1.0,4.0,-1.0
SHARED,knn,PRICE+MACRO,decay3y,0.2,18,0.13432835820895522,-0.3807194222222174,-1.8333414941908628,0.2777777777777778,0.9006759450000041,-0.8735637942307639,0.39655240669062297,-6.852949599999913,6.852949599999913,-1.0,5.0,-1.0
SHARED,knn,PRICE+MACRO,decay3y,0.3,6,0.04477611940298507,-0.2565579111111194,-0.626255613870534,0.3333333333333333,0.9611070624999721,-0.8653903979166652,0.5553025922252747,-1.5393474666667166,2.0,-1.0,2.0,-1.0
SHARED,knn,PRICE+RATES,expanding,0.0,58,0.43283582089552236,-0.2282260474137934,-2.591540356710958,0.39655172413793105,0.45667188804347386,-0.6783018335714264,0.4424264456217344,-13.237110750000017,13.237110750000019,-1.0,5.0,-1.0
SHARED,knn,PRICE+RATES,expanding,0.1,20,0.14925373134328357,-0.43925967458333154,-2.601106863519414,0.25,0.726746916666669,-0.8279285383333318,0.29259647542755834,-8.78519349166663,8.785193491666632,-1.0,5.0,-1.0
SHARED,knn,PRICE+RATES,expanding,0.2,6,0.04477611940298507,-0.53223806249999,-1.474124286530306,0.16666666666666666,1.2049026083333654,-0.879666196666661,0.27394541540851064,-3.1934283749999395,3.1934283749999395,-1.0,3.0,-1.0
SHARED,knn,PRICE+RATES,expanding,0.3,2,0.014925373134328358,-1.0,0.0,0.0,0.0,-1.0,0.0,-2.0,2.0,-1.0,2.0,-1.0
SHARED,knn,PRICE+RATES,rolling5y,0.0,79,0.5895522388059702,-0.17619242531645268,-1.9922141625782261,0.3670886075949367,0.6273048238505761,-0.6422208298333294,0.5665291141798653,-13.919201599999761,15.32717059999982,-1.0,6.0,-1.0
SHARED,knn,PRICE+RATES,rolling5y,0.1,32,0.23880597014925373,-0.2138218440104147,-1.5356368975408798,0.40625,0.6133224621794952,-0.7797626850877215,0.5381658967201278,-6.842299008333271,6.842299008333271,-1.0,5.0,-1.0
SHARED,knn,PRICE+RATES,rolling5y,0.2,7,0.05223880597014925,-0.5312251119047514,-1.9992720876356775,0.14285714285714285,0.9228648999999981,-0.7735734472222097,0.1988315617850881,-3.7185757833332596,3.7185757833332596,-1.0,3.0,-1.0
SHARED,knn,PRICE+RATES,rolling5y,0.3,4,0.029850746268656716,-0.8615755458333183,-10.444823165465193,0.0,0.0,-0.8615755458333183,0.0,-3.446302183333273,3.446302183333273,-1.0,4.0,-1.0
SHARED,knn,PRICE+RATES,decay3y,0.0,58,0.43283582089552236,-0.2282260474137934,-2.591540356710958,0.39655172413793105,0.45667188804347386,-0.6783018335714264,0.4424264456217344,-13.237110750000017,13.237110750000019,-1.0,5.0,-1.0
SHARED,knn,PRICE+RATES,decay3y,0.1,20,0.14925373134328357,-0.43925967458333154,-2.601106863519414,0.25,0.726746916666669,-0.8279285383333318,0.29259647542755834,-8.78519349166663,8.785193491666632,-1.0,5.0,-1.0
SHARED,knn,PRICE+RATES,decay3y,0.2,6,0.04477611940298507,-0.53223806249999,-1.474124286530306,0.16666666666666666,1.2049026083333654,-0.879666196666661,0.27394541540851064,-3.1934283749999395,3.1934283749999395,-1.0,3.0,-1.0
SHARED,knn,PRICE+RATES,decay3y,0.3,2,0.014925373134328358,-1.0,0.0,0.0,0.0,-1.0,0.0,-2.0,2.0,-1.0,2.0,-1.0
SHARED,knn,PRICE+DXYFX,expanding,0.0,60,0.44776119402985076,-0.1729001573611154,-1.8497517917689545,0.4,0.5673066222222078,-0.6663713437499976,0.5675580415665294,-10.374009441666923,11.054445375000226,-1.0,6.0,-1.0
SHARED,knn,PRICE+DXYFX,expanding,0.1,19,0.1417910447761194,-0.32480851885964857,-1.9322140490397006,0.3157894736842105,0.5903352638888716,-0.7471825724358887,0.3646530841838524,-6.171361858333323,6.171361858333323,-1.0,5.0,-1.0
SHARED,knn,PRICE+DXYFX,expanding,0.2,2,0.014925373134328358,-0.19734091666668974,0.0,0.5,0.6053181666666205,-1.0,0.6053181666666205,-0.3946818333333795,1.0,-1.0,1.0,-1.0
SHARED,knn,PRICE+DXYFX,expanding,0.3,0,0.0,,,,,,,,,,,
SHARED,knn,PRICE+DXYFX,rolling5y,0.0,69,0.5149253731343284,-0.2644177181159424,-3.072171653009313,0.30434782608695654,0.6349958714285661,-0.6579111635416647,0.42226171122327255,-18.244822550000023,20.00857480000006,-1.0,6.0,-1.0
SHARED,knn,PRICE+DXYFX,rolling5y,0.1,30,0.22388059701492538,-0.4205296950000009,-3.939569622920688,0.23333333333333334,0.4392598559523679,-0.6822047757246349,0.19596430134100168,-12.615890850000028,12.684729041666706,-1.0,6.0,-1.0
SHARED,knn,PRICE+DXYFX,rolling5y,0.2,7,0.05223880597014925,-0.4549201345238099,-1.630633156082193,0.2857142857142857,0.5014714874999981,-0.8374767833333333,0.2395154098500672,-3.1844409416666695,3.1844409416666695,-1.0,2.0,-1.0
SHARED,knn,PRICE+DXYFX,rolling5y,0.3,1,0.007462686567164179,-1.0,0.0,0.0,0.0,-1.0,0.0,-1.0,1.0,-1.0,1.0,-1.0
SHARED,knn,PRICE+DXYFX,decay3y,0.0,60,0.44776119402985076,-0.1729001573611154,-1.8497517917689545,0.4,0.5673066222222078,-0.6663713437499976,0.5675580415665294,-10.374009441666923,11.054445375000226,-1.0,6.0,-1.0
SHARED,knn,PRICE+DXYFX,decay3y,0.1,19,0.1417910447761194,-0.32480851885964857,-1.9322140490397006,0.3157894736842105,0.5903352638888716,-0.7471825724358887,0.3646530841838524,-6.171361858333323,6.171361858333323,-1.0,5.0,-1.0
SHARED,knn,PRICE+DXYFX,decay3y,0.2,2,0.014925373134328358,-0.19734091666668974,0.0,0.5,0.6053181666666205,-1.0,0.6053181666666205,-0.3946818333333795,1.0,-1.0,1.0,-1.0
SHARED,knn,PRICE+DXYFX,decay3y,0.3,0,0.0,,,,,,,,,,,
SHARED,knn,PRICE+VOLRISK,expanding,0.0,44,0.3283582089552239,-0.14109584526515345,-1.2291970987954857,0.4318181818181818,0.5836785162280612,-0.6919243599999966,0.6411042853489487,-6.208217191666752,12.077524408333414,-1.0,5.0,-1.0
SHARED,knn,PRICE+VOLRISK,expanding,0.1,16,0.11940298507462686,-0.2575216411458333,-1.4254966125958373,0.3125,0.5894805933333297,-0.6425226568181801,0.4170214410326162,-4.120346258333333,6.4076041166666755,-1.0,5.0,-1.0
SHARED,knn,PRICE+VOLRISK,expanding,0.2,5,0.03731343283582089,-0.6874856700000009,-3.571910874471638,0.0,0.0,-0.6874856700000009,0.0,-3.4374283500000047,3.4374283500000047,-1.0,5.0,-1.0
SHARED,knn,PRICE+VOLRISK,expanding,0.3,0,0.0,,,,,,,,,,,
SHARED,knn,PRICE+VOLRISK,rolling5y,0.0,62,0.4626865671641791,-0.06491259435483819,-0.7068394677382236,0.41935483870967744,0.6319627240384554,-0.5682114354166615,0.8032529697012831,-4.024580849999968,10.746421600000152,-1.0,6.0,-1.0
SHARED,knn,PRICE+VOLRISK,rolling5y,0.1,27,0.20149253731343283,-0.18472392469136226,-1.360039315072014,0.37037037037037035,0.589209108333326,-0.6399786500000024,0.5415705557322096,-4.987545966666781,7.681819066666776,-1.0,4.0,-1.0
SHARED,knn,PRICE+VOLRISK,rolling5y,0.2,9,0.06716417910447761,-0.629149856481486,-4.570119419571487,0.0,0.0,-0.629149856481486,0.0,-5.662348708333374,5.662348708333373,-1.0,9.0,-1.0
SHARED,knn,PRICE+VOLRISK,rolling5y,0.3,4,0.029850746268656716,-0.5459173979166773,-2.4086683104032396,0.0,0.0,-0.5459173979166773,0.0,-2.183669591666709,2.183669591666709,-1.0,4.0,-1.0
SHARED,knn,PRICE+VOLRISK,decay3y,0.0,44,0.3283582089552239,-0.14109584526515345,-1.2291970987954857,0.4318181818181818,0.5836785162280612,-0.6919243599999966,0.6411042853489487,-6.208217191666752,12.077524408333414,-1.0,5.0,-1.0
SHARED,knn,PRICE+VOLRISK,decay3y,0.1,16,0.11940298507462686,-0.2575216411458333,-1.4254966125958373,0.3125,0.5894805933333297,-0.6425226568181801,0.4170214410326162,-4.120346258333333,6.4076041166666755,-1.0,5.0,-1.0
SHARED,knn,PRICE+VOLRISK,decay3y,0.2,5,0.03731343283582089,-0.6874856700000009,-3.571910874471638,0.0,0.0,-0.6874856700000009,0.0,-3.4374283500000047,3.4374283500000047,-1.0,5.0,-1.0
SHARED,knn,PRICE+VOLRISK,decay3y,0.3,0,0.0,,,,,,,,,,,
SHARED,knn,PRICE+CONSENSUS,expanding,0.0,60,0.44776119402985076,-0.23818262236111296,-2.6363985456499406,0.35,0.5619132341269809,-0.6690034681623943,0.45226770701354135,-14.290957341666777,14.290957341666777,-1.0,6.0,-1.0
SHARED,knn,PRICE+CONSENSUS,expanding,0.1,20,0.14925373134328357,-0.16931302583332883,-1.1018754377593905,0.4,0.527899239583339,-0.6341212027777741,0.5549929963660692,-3.3862605166665767,4.3650440249999365,-1.0,3.0,-1.0
SHARED,knn,PRICE+CONSENSUS,expanding,0.2,3,0.022388059701492536,0.07728750555555856,0.14289986911436806,0.6666666666666666,0.6159312583333378,-1.0,1.2318625166666757,0.23186251666667568,1.0,-1.0,1.0,-1.0
SHARED,knn,PRICE+CONSENSUS,expanding,0.3,0,0.0,,,,,,,,,,,
SHARED,knn,PRICE+CONSENSUS,rolling5y,0.0,79,0.5895522388059702,-0.18162700696202286,-2.4251699874723904,0.35443037974683544,0.5586266333333307,-0.5880407702614326,0.5215573318616074,-14.348533549999805,16.55653596666654,-1.0,9.0,-1.0
SHARED,knn,PRICE+CONSENSUS,rolling5y,0.1,43,0.3208955223880597,-0.26736347984495845,-2.5410747645845606,0.3023255813953488,0.6179999410256432,-0.6510209622222192,0.4113538426325429,-11.496629633333214,13.72365971666659,-1.0,6.0,-1.0
SHARED,knn,PRICE+CONSENSUS,rolling5y,0.2,8,0.05970149253731343,-0.5666205552083359,-3.874146151207532,0.0,0.0,-0.5666205552083359,0.0,-4.532964441666687,4.532964441666687,-1.0,8.0,-1.0
SHARED,knn,PRICE+CONSENSUS,rolling5y,0.3,2,0.014925373134328358,-1.0,0.0,0.0,0.0,-1.0,0.0,-2.0,2.0,-1.0,2.0,-1.0
SHARED,knn,PRICE+CONSENSUS,decay3y,0.0,60,0.44776119402985076,-0.23818262236111296,-2.6363985456499406,0.35,0.5619132341269809,-0.6690034681623943,0.45226770701354135,-14.290957341666777,14.290957341666777,-1.0,6.0,-1.0
SHARED,knn,PRICE+CONSENSUS,decay3y,0.1,20,0.14925373134328357,-0.16931302583332883,-1.1018754377593905,0.4,0.527899239583339,-0.6341212027777741,0.5549929963660692,-3.3862605166665767,4.3650440249999365,-1.0,3.0,-1.0
SHARED,knn,PRICE+CONSENSUS,decay3y,0.2,3,0.022388059701492536,0.07728750555555856,0.14289986911436806,0.6666666666666666,0.6159312583333378,-1.0,1.2318625166666757,0.23186251666667568,1.0,-1.0,1.0,-1.0
SHARED,knn,PRICE+CONSENSUS,decay3y,0.3,0,0.0,,,,,,,,,,,
SHARED,knn,PRICE+FED,expanding,0.0,53,0.39552238805970147,-0.3363665452830199,-3.5872891497971104,0.3018867924528302,0.5362921994791539,-0.7137324889639599,0.3249258565375747,-17.827426900000056,17.827426900000052,-1.0,10.0,-1.0
SHARED,knn,PRICE+FED,expanding,0.1,16,0.11940298507462686,-0.29569273802082796,-1.5276946768733437,0.3125,0.6864497300000039,-0.7421211325757515,0.4204470009666606,-4.731083808333247,4.731083808333248,-1.0,5.0,-1.0
SHARED,knn,PRICE+FED,expanding,0.2,2,0.014925373134328358,-0.32094708333331334,0.0,0.5,0.35810583333337337,-1.0,0.35810583333337337,-0.6418941666666267,1.0,-1.0,1.0,-1.0
SHARED,knn,PRICE+FED,expanding,0.3,1,0.007462686567164179,-1.0,0.0,0.0,0.0,-1.0,0.0,-1.0,1.0,-1.0,1.0,-1.0
SHARED,knn,PRICE+FED,rolling5y,0.0,74,0.5522388059701493,-0.11381743986486308,-1.2175272467776599,0.40540540540540543,0.6582969613888886,-0.6402590770833302,0.7010269020398271,-8.422490549999868,10.666198208333261,-1.0,7.0,-1.0
SHARED,knn,PRICE+FED,rolling5y,0.1,32,0.23880597014925373,-0.2831457039062452,-2.1750206146966935,0.28125,0.7280910500000102,-0.6788470423913016,0.41968982066219207,-9.060662524999847,9.621263933333164,-1.0,9.0,-1.0
SHARED,knn,PRICE+FED,rolling5y,0.2,9,0.06716417910447761,-0.5365574555555583,-1.8910495745832072,0.2222222222222222,0.9615912833333293,-0.9645999523809549,0.2848231186291421,-4.8290171000000255,4.8290171000000255,-1.0,3.0,-1.0
SHARED,knn,PRICE+FED,rolling5y,0.3,2,0.014925373134328358,-0.03856755000000095,0.0,0.5,0.9228648999999981,-1.0,0.9228648999999981,-0.0771351000000019,1.0,-1.0,1.0,-1.0
SHARED,knn,PRICE+FED,decay3y,0.0,53,0.39552238805970147,-0.3363665452830199,-3.5872891497971104,0.3018867924528302,0.5362921994791539,-0.7137324889639599,0.3249258565375747,-17.827426900000056,17.827426900000052,-1.0,10.0,-1.0
SHARED,knn,PRICE+FED,decay3y,0.1,16,0.11940298507462686,-0.29569273802082796,-1.5276946768733437,0.3125,0.6864497300000039,-0.7421211325757515,0.4204470009666606,-4.731083808333247,4.731083808333248,-1.0,5.0,-1.0
SHARED,knn,PRICE+FED,decay3y,0.2,2,0.014925373134328358,-0.32094708333331334,0.0,0.5,0.35810583333337337,-1.0,0.35810583333337337,-0.6418941666666267,1.0,-1.0,1.0,-1.0
SHARED,knn,PRICE+FED,decay3y,0.3,1,0.007462686567164179,-1.0,0.0,0.0,0.0,-1.0,0.0,-1.0,1.0,-1.0,1.0,-1.0
SHARED,knn,PRICE+POSITIONING,expanding,0.0,53,0.39552238805970147,-0.3336854518867972,-3.605804208668231,0.32075471698113206,0.4974438490195927,-0.7261631773148145,0.32348657595587416,-17.68532895000025,18.50439003333357,-1.0,7.0,-1.0
SHARED,knn,PRICE+POSITIONING,expanding,0.1,16,0.11940298507462686,-0.1514740109375007,-0.7468411720004853,0.4375,0.6760942154761821,-0.795138187037032,0.6613329167864309,-2.4235841750000113,4.7426314166666925,-1.0,6.0,-1.0
SHARED,knn,PRICE+POSITIONING,expanding,0.2,3,0.022388059701492536,-0.036835105555547275,-0.07607833017200775,0.6666666666666666,0.44474734166667906,-1.0,0.8894946833333581,-0.11050531666664182,1.0,-1.0,1.0,-1.0
SHARED,knn,PRICE+POSITIONING,expanding,0.3,1,0.007462686567164179,-1.0,0.0,0.0,0.0,-1.0,0.0,-1.0,1.0,-1.0,1.0,-1.0
SHARED,knn,PRICE+POSITIONING,rolling5y,0.0,74,0.5522388059701493,-0.22671743930180147,-2.796953245482592,0.35135135135135137,0.5440495525640968,-0.6442162265624963,0.4574450246485636,-16.77709050833331,18.185059508333364,-1.0,7.0,-1.0
SHARED,knn,PRICE+POSITIONING,rolling5y,0.1,36,0.26865671641791045,-0.2771705374999977,-2.4601753647363376,0.3055555555555556,0.5704528181818136,-0.6501248139999948,0.3860785415275659,-9.978139349999918,9.978139349999918,-1.0,6.0,-1.0
SHARED,knn,PRICE+POSITIONING,rolling5y,0.2,8,0.05970149253731343,-0.4582309614583314,-1.8207882800450814,0.125,1.0003176666666604,-0.6665950511904731,0.21437681476079531,-3.6658476916666514,3.6658476916666514,-1.0,4.0,-1.0
SHARED,knn,PRICE+POSITIONING,rolling5y,0.3,2,0.014925373134328358,-1.0,0.0,0.0,0.0,-1.0,0.0,-2.0,2.0,-1.0,2.0,-1.0
SHARED,knn,PRICE+POSITIONING,decay3y,0.0,53,0.39552238805970147,-0.3336854518867972,-3.605804208668231,0.32075471698113206,0.4974438490195927,-0.7261631773148145,0.32348657595587416,-17.68532895000025,18.50439003333357,-1.0,7.0,-1.0
SHARED,knn,PRICE+POSITIONING,decay3y,0.1,16,0.11940298507462686,-0.1514740109375007,-0.7468411720004853,0.4375,0.6760942154761821,-0.795138187037032,0.6613329167864309,-2.4235841750000113,4.7426314166666925,-1.0,6.0,-1.0
SHARED,knn,PRICE+POSITIONING,decay3y,0.2,3,0.022388059701492536,-0.036835105555547275,-0.07607833017200775,0.6666666666666666,0.44474734166667906,-1.0,0.8894946833333581,-0.11050531666664182,1.0,-1.0,1.0,-1.0
SHARED,knn,PRICE+POSITIONING,decay3y,0.3,1,0.007462686567164179,-1.0,0.0,0.0,0.0,-1.0,0.0,-1.0,1.0,-1.0,1.0,-1.0
SHARED,knn,PRICE+MACRO+RATES,expanding,0.0,69,0.5149253731343284,-0.08819586425120275,-0.9268766178843958,0.5217391304347826,0.5270248988425965,-0.7593457876262567,0.7571468264545258,-6.0855146333329895,11.351896041666501,-1.0,6.0,-1.0
SHARED,knn,PRICE+MACRO+RATES,expanding,0.1,36,0.26865671641791045,-0.06646846851851848,-0.4476613911822992,0.5277777777777778,0.6278414464912266,-0.8424619029411748,0.8329221103395421,-2.3928648666666654,4.165429391666748,-1.0,4.0,-1.0
SHARED,knn,PRICE+MACRO+RATES,expanding,0.2,18,0.13432835820895522,-0.19677451944443822,-0.9072310590598615,0.4444444444444444,0.7138348812500084,-0.9252620399999956,0.6171958648600882,-3.5419413499998877,4.617934833333227,-1.0,3.0,-1.0
SHARED,knn,PRICE+MACRO+RATES,expanding,0.3,4,0.029850746268656716,0.20233040625001308,0.4367170406059476,0.75,0.6031072083333507,-1.0,1.8093216250000523,0.8093216250000523,1.0,-1.0,1.0,-1.0
SHARED,knn,PRICE+MACRO+RATES,rolling5y,0.0,73,0.5447761194029851,-0.010937808561639907,-0.11457245152764631,0.547945205479452,0.5826360629166716,-0.7304212891414112,0.9668742427239957,-0.7984600249997131,9.456180716666609,-1.0,4.0,-1.0
SHARED,knn,PRICE+MACRO+RATES,rolling5y,0.1,33,0.2462686567164179,-0.17580297979797746,-1.2224368923489077,0.5151515151515151,0.5366863058823529,-0.9328228458333285,0.611294205054113,-5.801498333333257,6.255726299999917,-1.0,4.0,-1.0
SHARED,knn,PRICE+MACRO+RATES,rolling5y,0.2,19,0.1417910447761194,-0.14904575570175152,-0.7314682267941939,0.5263157894736842,0.594131415833336,-0.9747981685185155,0.6772130261548154,-2.831869358333279,4.439639808333331,-1.0,2.0,-1.0
SHARED,knn,PRICE+MACRO+RATES,rolling5y,0.3,6,0.04477611940298507,-0.06980573333332056,-0.15447297268240595,0.5,0.8603885333333589,-1.0,0.8603885333333589,-0.41883439999992333,1.0,-1.0,1.0,-1.0
SHARED,knn,PRICE+MACRO+RATES,decay3y,0.0,69,0.5149253731343284,-0.08819586425120275,-0.9268766178843958,0.5217391304347826,0.5270248988425965,-0.7593457876262567,0.7571468264545258,-6.0855146333329895,11.351896041666501,-1.0,6.0,-1.0
SHARED,knn,PRICE+MACRO+RATES,decay3y,0.1,36,0.26865671641791045,-0.06646846851851848,-0.4476613911822992,0.5277777777777778,0.6278414464912266,-0.8424619029411748,0.8329221103395421,-2.3928648666666654,4.165429391666748,-1.0,4.0,-1.0
SHARED,knn,PRICE+MACRO+RATES,decay3y,0.2,18,0.13432835820895522,-0.19677451944443822,-0.9072310590598615,0.4444444444444444,0.7138348812500084,-0.9252620399999956,0.6171958648600882,-3.5419413499998877,4.617934833333227,-1.0,3.0,-1.0
SHARED,knn,PRICE+MACRO+RATES,decay3y,0.3,4,0.029850746268656716,0.20233040625001308,0.4367170406059476,0.75,0.6031072083333507,-1.0,1.8093216250000523,0.8093216250000523,1.0,-1.0,1.0,-1.0
SHARED,knn,ALL,expanding,0.0,75,0.5597014925373134,-0.04491636022222186,-0.4487730571475745,0.48,0.6515614104166605,-0.6878189177350363,0.8744180865271871,-3.3687270166666394,13.966547199999885,-1.0,7.0,-1.0
SHARED,knn,ALL,expanding,0.1,41,0.30597014925373134,0.03779419024390129,0.2460091817573218,0.5121951219512195,0.7860277099206279,-0.7478510054166614,1.1036009705660974,1.5495617999999531,7.449040533333232,-1.0,6.0,-1.0
SHARED,knn,ALL,expanding,0.2,20,0.14925373134328357,-0.08114498166666331,-0.34769803168061497,0.45,0.8920884314814777,-0.8774268651515058,0.8318534157515807,-1.6228996333332661,4.728830616666565,-1.0,4.0,-1.0
SHARED,knn,ALL,expanding,0.3,13,0.09701492537313433,-0.019831158333332505,-0.07442490219910168,0.5384615384615384,0.787911208333331,-0.9621972527777731,0.9553443853657062,-0.25780505833332257,1.4090257500000312,-1.0,1.0,-1.0
SHARED,knn,ALL,rolling5y,0.0,86,0.6417910447761194,-0.0494746985465084,-0.5907439513739966,0.4883720930232558,0.5885916565476188,-0.6585380374999934,0.8531587521866032,-4.254824074999722,12.841128833333261,-1.0,5.0,-1.0
SHARED,knn,ALL,rolling5y,0.1,47,0.35074626865671643,0.007238767021279885,0.05989036875417822,0.5319148936170213,0.6437112336666678,-0.7160253996212064,1.0215978911426211,0.3402220500001546,7.339741975000001,-1.0,4.0,-1.0
SHARED,knn,ALL,rolling5y,0.2,22,0.16417910447761194,0.13211107878788314,0.606205754597008,0.5909090909090909,0.854672557692311,-0.9115888351851793,1.3542586088463906,2.906443733333429,3.014038166666637,-1.0,3.0,-1.0
SHARED,knn,ALL,rolling5y,0.3,11,0.08208955223880597,-0.17819594545453513,-0.6169379367979617,0.45454545454545453,0.7626056233333506,-0.9621972527777731,0.6604723556178145,-1.9601553999998864,2.7731835166666388,-1.0,3.0,-1.0
SHARED,knn,ALL,decay3y,0.0,75,0.5597014925373134,-0.04491636022222186,-0.4487730571475745,0.48,0.6515614104166605,-0.6878189177350363,0.8744180865271871,-3.3687270166666394,13.966547199999885,-1.0,7.0,-1.0
SHARED,knn,ALL,decay3y,0.1,41,0.30597014925373134,0.03779419024390129,0.2460091817573218,0.5121951219512195,0.7860277099206279,-0.7478510054166614,1.1036009705660974,1.5495617999999531,7.449040533333232,-1.0,6.0,-1.0
SHARED,knn,ALL,decay3y,0.2,20,0.14925373134328357,-0.08114498166666331,-0.34769803168061497,0.45,0.8920884314814777,-0.8774268651515058,0.8318534157515807,-1.6228996333332661,4.728830616666565,-1.0,4.0,-1.0
SHARED,knn,ALL,decay3y,0.3,13,0.09701492537313433,-0.019831158333332505,-0.07442490219910168,0.5384615384615384,0.787911208333331,-0.9621972527777731,0.9553443853657062,-0.25780505833332257,1.4090257500000312,-1.0,1.0,-1.0
