gruppo,regola,verso,config,n,R_medio,t,p_fw
RETAIL,A7,1,E5,29,0.4063241379310346,0.903487074122682,
RETAIL,A7,1,E15,29,0.33495172413793106,0.7135603167225961,
FOMC,B5,1,SB1_X60,39,0.12805128205128202,0.42288020022154954,0.149
ISM_M,B4,1,SB1_X60,21,0.17090000000000008,0.36585586600129144,
RETAIL,A7,1,E1,29,0.11899310344827588,0.3240266859809052,
ADP,B4,-1,SB3_X60,17,0.1729117647058824,0.14897843778665854,
RETAIL,B5,1,SB1_X60,49,0.016202040816326525,0.08573865056828184,0.541
RETAIL,B5,1,SB1_TP2R,49,0.009389795918367347,0.05259740584948642,0.577
FOMC,A7,1,E15,24,-0.007104166666666578,-0.021585977923385208,
FIDUCIA,B4,-1,SB1_X60,31,-0.07289354838709682,-0.07116957159622336,0.769
VERBALI,B6,1,SB1_X15,29,-0.0288344827586207,-0.07447113700796863,
VERBALI,B5,1,SB3_X60,40,-0.07980000000000002,-0.08117048562336796,0.788
RETAIL,B5,1,SB1_X15,49,-0.03718775510204079,-0.24537410010504435,0.927
VERBALI,A7,1,E15,24,-0.09983749999999995,-0.26557920457792505,
ADP,B4,-1,SB1_X60,17,-0.35617058823529424,-0.2932960550171248,
ADP,B4,-1,SB2_X60,17,-0.3433058823529411,-0.32112188844536516,
ISM_M,B5,1,SB1_X15,60,-0.06227500000000002,-0.42420633473095726,0.979
FOMC,B5,1,SB1_TP2R,39,-0.08589230769230766,-0.4344571714847835,0.98
RETAIL,B5,1,SB2_X60,49,-0.12527346938775508,-0.44654767978438153,0.981
FOMC,A7,1,E5,24,-0.12132083333333332,-0.5311109397427229,
VERBALI,B1,1,SB3_X60,69,-0.3167130434782609,-0.548929834467383,0.997
PPI,B4,1,SB3_X60,15,-0.5016933333333334,-0.5654434408640366,
ADP,B4,-1,SB3_X15,17,-0.2474,-0.5702324620432085,
PIL,B5,1,SB1_X5,44,-0.07290454545454547,-0.570620619888899,0.997
RETAIL,B5,1,SB1_TP1R,49,-0.08310816326530611,-0.5887844751756176,0.997
ADP,B4,-1,SB3_X5,17,-0.25058823529411756,-0.5960634055458178,
RETAIL,B4,1,SB1_X60,18,-0.33116666666666655,-0.6015053335025465,
FIDUCIA,B6,-1,SB1_X60,49,-0.39337755102040817,-0.6035703050040897,0.997
RETAIL,B5,1,SB2_TP2R,49,-0.13938571428571433,-0.6225291518386928,0.998
ISM_S,B4,-1,SB3_X60,26,-0.36348846153846165,-0.6234414366206862,
FOMC,B5,1,SB2_X60,39,-0.293474358974359,-0.6322804233991506,0.999
ISM_M,B4,1,SB1_TP2R,21,-0.20595714285714287,-0.643531040426687,
ISM_M,B6,1,SB3_X15,47,-0.22855957446808509,-0.6738458734522617,1.0
RETAIL,B4,1,SB2_X60,18,-0.9321833333333329,-0.7122761603056503,
VERBALI,B6,-1,SB1_X60,29,-0.3881620689655173,-0.7543286834653903,
VERBALI,B6,1,SB1_TP2R,29,-0.19737931034482759,-0.7604875738165626,
PIL,B3,1,SB3_X60,58,-0.314196551724138,-0.8418323506459554,1.0
PPI,B4,1,SB2_X60,15,-0.7362800000000002,-0.8853308674716935,
ADP,B4,-1,SB3_TP2R,17,-0.34594117647058814,-0.9136486504604235,
PIL,B5,1,SB1_TP2R,44,-0.1762931818181818,-0.9261150701510649,1.0
FOMC,B5,1,SB1_TP1R,39,-0.1522358974358974,-0.928917819989803,1.0
ISM_M,B4,1,SB1_X15,21,-0.3027857142857143,-0.9932798270417397,
VERBALI,B6,-1,SB1_X15,29,-0.5240206896551726,-0.9987032819410889,
ADP,A7,-1,E5,31,-0.28845806451612904,-1.008066676186873,1.0
VERBALI,B5,1,SB3_X15,40,-0.544465,-1.0095950887775689,1.0
PPI,B5,1,SB3_X60,38,-0.46923157894736844,-1.0164566797666006,1.0
ISM_M,B5,1,SB1_TP2R,60,-0.16371333333333332,-1.0237444163363567,1.0
FIDUCIA,B2,1,SB1_X60,103,-0.3398174757281553,-1.0241882918854806,1.0
MICHIGAN,A7,1,E5,15,-0.5210133333333336,-1.0297190142176988,
ISM_M,B4,1,SB1_X5,21,-0.2892,-1.0320930678028357,
VERBALI,B1,1,SB1_X15,69,-0.20865507246376813,-1.0533875657008664,1.0
ISM_S,B4,1,SB1_TP2R,26,-0.311323076923077,-1.055259856835818,
VERBALI,A2,-1,E15,69,-0.34151449275362306,-1.0906397362984857,1.0
VERBALI,A7,1,E5,24,-0.3218583333333334,-1.0935071824364888,
ISM_M,B6,1,SB3_X5,47,-0.2764404255319149,-1.1615892554439267,1.0
RETAIL,B3,1,SB1_X60,64,-0.1865640625,-1.1710506675694954,1.0
VERBALI,B6,1,SB1_X60,29,-0.3082034482758621,-1.1775011159663389,
PIL,A7,1,E5,35,-0.3692942857142857,-1.1786468556145033,1.0
VERBALI,B5,1,SB2_X60,40,-0.44912750000000007,-1.179159979239593,1.0
RETAIL,B3,1,SB1_TP2R,64,-0.182865625,-1.1851632987403424,1.0
RETAIL,A5,-1,E15,82,-0.3747951219512194,-1.2014495767510562,1.0
ISM_S,B4,-1,SB1_X60,26,-0.67145,-1.2227997943871565,
MICHIGAN,A7,-1,E5,15,-0.5888333333333333,-1.2274182952080488,
ISM_M,B5,1,SB1_TP1R,60,-0.16309000000000004,-1.2486710763086275,1.0
MICHIGAN,A7,1,E15,15,-0.81516,-1.2615596687160662,
PIL,B5,1,SB3_X60,44,-0.5509386363636363,-1.267305570602641,1.0
ISM_M,B3,1,SB1_X15,84,-0.1865345238095238,-1.286888406107662,1.0
ADP,B5,-1,SB3_X60,57,-0.5976912280701755,-1.3106684510482896,1.0
PPI,B5,1,SB2_X60,38,-0.5505315789473684,-1.353072308461536,1.0
PIL,B5,1,SB2_X5,44,-0.3009045454545455,-1.3642314882083892,1.0
ADP,B5,-1,SB1_X60,57,-0.5967421052631577,-1.4020752264537886,1.0
PPI,B3,1,SB1_X60,45,-0.4332266666666667,-1.412919682793268,1.0
PPI,B4,1,SB1_X60,15,-0.6239466666666668,-1.4270545555853131,
ISM_M,B5,1,SB1_X60,60,-0.24915166666666663,-1.4286684899247901,1.0
VERBALI,B6,1,SB3_X15,29,-0.4307793103448276,-1.4330338209087023,
PIL,B5,1,SB3_X15,44,-0.4673795454545454,-1.4505581917247676,1.0
ISM_M,B5,1,SB1_X5,60,-0.14668166666666665,-1.453183104624046,1.0
FOMC,B5,1,SB2_TP1R,39,-0.31897435897435894,-1.4611828283899968,1.0
ISM_M,A7,1,E15,36,-0.47321944444444447,-1.468414434737834,1.0
FOMC,B1,1,SB1_X60,72,-0.2895958333333333,-1.4809352440123769,1.0
VERBALI,B1,1,SB3_X15,69,-0.4966840579710145,-1.481605669487401,1.0
PIL,A5,1,E5,77,-0.3824688311688312,-1.4829792872032368,1.0
PPI,B3,1,SB3_X60,45,-0.5280422222222222,-1.4865637608691933,1.0
ADP,B4,-1,SB2_X15,17,-0.9185764705882353,-1.4995899917495448,
VERBALI,B5,1,SB1_X60,40,-0.34488,-1.503834030943435,1.0
MICHIGAN,B4,-1,SB1_X15,26,-0.6225076923076922,-1.5101999765604723,
ISM_M,A7,1,E5,36,-0.37806111111111107,-1.5147320148974863,1.0
ISM_S,B6,1,SB1_TP2R,50,-0.398888,-1.5237515406986004,1.0
PIL,B5,1,SB1_X15,44,-0.2000613636363636,-1.5257387427787579,1.0
PPI,B4,-1,SB3_X60,15,-0.71458,-1.5610305762539123,
VERBALI,B6,1,SB3_TP2R,29,-0.41674137931034483,-1.5611651231211066,
PPI,B6,1,SB1_X60,35,-0.5913171428571429,-1.5766194840498637,1.0
ISM_S,B4,-1,SB3_X15,26,-0.6645884615384615,-1.5892496570911785,
VERBALI,B5,1,SB1_TP1R,40,-0.27347999999999995,-1.5924220753593925,1.0
ADP,B5,-1,SB2_X60,57,-0.5828789473684209,-1.5964718028877654,1.0
PPI,B4,-1,SB3_X5,15,-0.6666933333333335,-1.6343660775070143,
PPI,B5,1,SB1_X60,38,-0.39584736842105267,-1.6406558057992275,1.0
RETAIL,B1,1,SB1_X60,93,-0.25983978494623655,-1.645240621662726,1.0
ADP,B4,-1,SB3_TP1R,17,-0.4896588235294117,-1.6533489622079183,
PPI,B3,1,SB2_X60,45,-0.895657777777778,-1.6625123260706212,1.0
FOMC,A7,1,E1,24,-0.3146791666666667,-1.6651286396756553,
PPI,B5,1,SB1_TP2R,38,-0.38251842105263156,-1.6657163015201102,1.0
MICHIGAN,A7,1,E1,15,-0.6745866666666667,-1.6707065152956528,
VERBALI,A2,-1,E5,69,-0.48303478260869565,-1.670867916844432,1.0
PIL,B2,1,SB3_X60,77,-0.48531558441558437,-1.6837606953576685,1.0
ISM_S,B3,1,SB1_X60,75,-0.361916,-1.683791849153011,1.0
PPI,B4,-1,SB3_TP2R,15,-0.7163933333333333,-1.6845325532734292,
PIL,B5,1,SB1_TP1R,44,-0.24974318181818178,-1.6869261539325955,1.0
VERBALI,A3,1,E15,69,-0.5032855072463768,-1.6959707584222172,1.0
ISM_S,A7,-1,E5,35,-0.6508685714285712,-1.7099495098454613,1.0
ADP,B5,1,SB1_X15,57,-0.2435894736842105,-1.71239222319992,1.0
VERBALI,B5,1,SB1_X15,40,-0.339025,-1.7180691253029607,1.0
ADP,B2,1,SB1_X60,97,-0.40748762886597945,-1.7241952159301053,1.0
ISM_S,B6,1,SB1_X60,50,-0.508046,-1.7300600646036617,1.0
ISM_M,B4,-1,SB1_X5,21,-0.699642857142857,-1.7322126530605837,
PPI,B6,1,SB3_X60,35,-0.6247628571428571,-1.7442117737550822,1.0
PIL,B5,1,SB2_X15,44,-0.3923363636363637,-1.7812128601864947,1.0
PIL,B5,1,SB1_X60,44,-0.30965454545454546,-1.7941092766224613,1.0
ISM_M,B1,1,SB1_X15,107,-0.23224672897196263,-1.800740549646845,1.0
PIL,B6,-1,SB3_TP2R,46,-0.4013565217391304,-1.8061164109597045,1.0
VERBALI,B6,1,SB1_TP1R,29,-0.37065517241379314,-1.8279908445399615,
ISM_M,B4,-1,SB3_X60,21,-0.7591428571428571,-1.834058021341515,
VERBALI,B5,1,SB1_TP2R,40,-0.3829925000000002,-1.8346005996839485,1.0
MICHIGAN,B6,1,SB1_X60,35,-0.5080771428571429,-1.8355369080200248,1.0
PPI,B3,1,SB1_TP2R,45,-0.4192355555555556,-1.840552016388434,1.0
FOMC,B5,1,SB2_TP2R,39,-0.48998205128205125,-1.8462279226333778,1.0
ADP,A7,-1,E1,31,-0.4446225806451612,-1.849708918467307,1.0
PPI,B1,1,SB3_X60,73,-0.5438013698630136,-1.8528489669076018,1.0
RETAIL,B3,1,SB2_X60,64,-0.4417749999999999,-1.8528538876595064,1.0
FOMC,B6,1,SB1_TP1R,33,-0.3937121212121212,-1.8629185233827703,1.0
ISM_M,B4,1,SB3_X15,21,-0.8157904761904762,-1.8648445046355715,
RETAIL,B5,1,SB2_TP1R,49,-0.31422448979591827,-1.8690404739873858,1.0
ISM_M,B6,1,SB1_X5,47,-0.319704255319149,-1.8698185217078913,1.0
VERBALI,B6,1,SB1_X5,29,-0.3441655172413793,-1.8745457889756563,
VERBALI,B1,1,SB1_TP2R,69,-0.30498115942028997,-1.8816280928575504,1.0
PIL,A7,1,E15,35,-0.5513542857142858,-1.8863941856239723,1.0
PIL,B6,1,SB1_X60,46,-0.5054565217391305,-1.8990248920928496,1.0
PIL,B5,1,SB3_X5,44,-0.5899386363636363,-1.9033619316858632,1.0
VERBALI,B1,1,SB1_X60,69,-0.32946521739130447,-1.923193222414004,1.0
VERBALI,B6,1,SB3_TP1R,29,-0.4286413793103448,-1.9242351597664211,
ISM_M,B3,1,SB1_X5,84,-0.18604404761904764,-1.9291390403194189,1.0
ISM_M,B4,1,SB1_TP1R,21,-0.45928571428571424,-1.932702870612431,
ADP,B3,1,SB1_X15,80,-0.23936625,-1.9420701003343261,1.0
ISM_S,B5,1,SB1_TP1R,53,-0.2721698113207547,-1.948620504451213,1.0
RETAIL,B3,1,SB1_TP1R,64,-0.24943906250000006,-1.952224238118994,1.0
ADP,B4,-1,SB1_X5,17,-0.8679058823529412,-1.9551296067039632,
FOMC,B5,1,SB1_X15,39,-0.3000564102564102,-1.9563955468857954,1.0
FOMC,B6,-1,SB3_TP1R,33,-0.5059303030303028,-1.9636262955157446,1.0
PIL,B3,1,SB3_X15,58,-0.46560172413793094,-1.971090864703626,1.0
VERBALI,B1,-1,SB1_X15,69,-0.5277550724637683,-1.973421450722334,1.0
PIL,A7,1,E1,35,-0.5428542857142857,-1.9793767691918838,1.0
VERBALI,B5,-1,SB1_X15,40,-0.5304625000000002,-1.9795924341904383,1.0
VERBALI,B6,-1,SB3_X60,29,-0.6298827586206897,-1.981729444940095,
ADP,B5,1,SB1_TP2R,57,-0.3092210526315789,-1.9820425682128258,1.0
FOMC,B1,1,SB1_TP2R,72,-0.30635833333333334,-1.9855770660619183,1.0
VERBALI,A6,-1,E15,66,-0.59724696969697,-1.9871029058504197,1.0
RETAIL,B1,1,SB2_X60,93,-0.59942688172043,-1.993113931090568,1.0
PPI,B2,1,SB3_X60,60,-0.5746766666666666,-1.9933727503479317,1.0
PPI,B4,-1,SB3_X15,15,-0.80884,-2.0035268561247026,
FOMC,B1,1,SB1_TP1R,72,-0.2629125000000001,-2.0037035131337086,1.0
RETAIL,B5,1,SB2_X15,49,-0.3509142857142857,-2.0037672207731356,1.0
RETAIL,B6,1,SB3_X60,44,-0.47454772727272726,-2.0055615468378893,1.0
ISM_M,B6,1,SB1_X15,47,-0.449231914893617,-2.0060122747408005,1.0
PIL,B3,1,SB1_X5,58,-0.22591724137931032,-2.0071714653046606,1.0
PPI,B4,1,SB2_TP2R,15,-0.9513133333333333,-2.010296555017784,
VERBALI,B6,-1,SB3_X15,29,-0.628755172413793,-2.0141973047112747,
ISM_S,B4,-1,SB1_X15,26,-0.8030615384615383,-2.027097812163393,
FIDUCIA,B3,1,SB1_TP2R,72,-0.317186111111111,-2.0338210434815,1.0
ADP,B4,-1,SB2_X5,17,-1.0056117647058822,-2.033858371561264,
ISM_M,B4,1,SB3_X5,21,-0.8540047619047619,-2.036595944134355,
RETAIL,A9,1,E15,93,-0.4999483870967743,-2.0376361745776483,1.0
RETAIL,B4,1,SB3_X60,18,-0.915727777777778,-2.039958279536934,
FIDUCIA,B4,-1,SB1_X15,31,-0.9127354838709677,-2.042509341836728,1.0
PIL,B3,1,SB3_X5,58,-0.48875689655172405,-2.0509562471489313,1.0
RETAIL,B6,1,SB2_X60,44,-1.1274613636363633,-2.0622729662493033,1.0
RETAIL,B5,-1,SB1_X60,49,-0.6218632653061222,-2.067199465020104,1.0
VERBALI,B5,1,SB2_X15,40,-0.5916525,-2.06928933193502,1.0
VERBALI,B5,-1,SB2_X15,40,-0.5385475000000001,-2.075314620192542,1.0
ISM_S,B2,1,SB1_X60,101,-0.44159801980198005,-2.082294600055289,1.0
PIL,B5,-1,SB2_TP2R,44,-0.4382659090909092,-2.0830473695132046,1.0
PPI,B4,1,SB1_TP1R,15,-0.5813333333333333,-2.0912377503236503,
PIL,B6,1,SB3_X60,46,-0.6272282608695651,-2.09899414071271,1.0
MICHIGAN,B6,1,SB1_TP2R,35,-0.4957228571428571,-2.101706183368433,1.0
VERBALI,A3,1,E5,69,-0.5828594202898553,-2.106109876103015,1.0
PIL,A5,1,E15,77,-0.47696883116883104,-2.112027956016565,1.0
ADP,A7,-1,E15,31,-0.5260096774193548,-2.1166488046383027,1.0
ISM_S,B3,1,SB1_TP2R,75,-0.38213066666666673,-2.1166966731276355,1.0
RETAIL,B4,1,SB1_TP1R,18,-0.5752333333333333,-2.12213959804796,
FOMC,B6,-1,SB3_TP2R,33,-0.6034484848484848,-2.1264314068887638,1.0
ISM_S,A7,-1,E15,35,-0.7256857142857143,-2.1367929923422824,1.0
VERBALI,B5,-1,SB2_TP2R,40,-0.5441799999999999,-2.142459657949604,1.0
ISM_M,A5,1,E5,105,-0.4694457142857141,-2.1645004734362607,1.0
PIL,B4,-1,SB3_TP2R,19,-0.7031947368421051,-2.166983099175034,
PPI,B6,1,SB1_TP2R,35,-0.5838057142857143,-2.1690668505677397,1.0
PPI,B5,1,SB1_TP1R,38,-0.37040789473684216,-2.1731629899751286,1.0
RETAIL,B3,1,SB3_X60,64,-0.46804062499999993,-2.187525682042387,1.0
ISM_M,A8,-1,E15,105,-0.45019523809523815,-2.200051903756866,1.0
ISM_M,B3,1,SB3_X15,84,-0.4719000000000001,-2.2014353149855346,1.0
RETAIL,A3,-1,E15,93,-0.49193225806451585,-2.201950127371293,1.0
FOMC,B6,1,SB1_X5,33,-0.44818181818181824,-2.211651238910589,1.0
PIL,B4,-1,SB1_X15,19,-0.8065,-2.2132714786867296,
ISM_M,A8,-1,E5,105,-0.4119876190476191,-2.219390310223575,1.0
ISM_M,A7,1,E1,36,-0.5498166666666667,-2.220736051294386,1.0
FOMC,B6,-1,SB3_X15,33,-0.5701878787878787,-2.2213012703583526,1.0
VERBALI,A4,1,E15,69,-0.6362028985507246,-2.2237345535532778,1.0
PPI,B4,1,SB1_X5,15,-0.5175266666666667,-2.2305738231897383,
ISM_M,B4,1,SB3_X60,21,-0.9595190476190477,-2.2349277496019786,
PPI,B6,-1,SB3_TP2R,35,-0.5585457142857143,-2.237761113183495,1.0
ISM_S,B5,1,SB1_X60,53,-0.4142905660377358,-2.2377973005176166,1.0
RETAIL,B6,1,SB1_X60,44,-0.5672499999999999,-2.238142291727491,1.0
PPI,B6,1,SB3_TP2R,35,-0.6151657142857143,-2.2433400598325797,1.0
PPI,B1,1,SB1_X60,73,-0.4895657534246576,-2.2450434049239263,1.0
ISM_M,A2,1,E15,107,-0.5213532710280375,-2.2471548988078798,1.0
PPI,B4,1,SB3_X5,15,-0.85934,-2.247567946684267,
ISM_M,B4,-1,SB3_X5,21,-0.7636809523809523,-2.2523572481317733,
PIL,B1,1,SB3_X60,90,-0.5899311111111112,-2.2667285753693966,1.0
FOMC,B1,1,SB2_X60,72,-0.8269500000000004,-2.278932312775092,1.0
ISM_M,B6,1,SB3_X60,47,-0.6645446808510639,-2.281524359996379,1.0
PPI,B2,-1,SB3_X60,60,-0.6709083333333332,-2.291559191245463,1.0
RETAIL,B6,1,SB3_TP2R,44,-0.49224999999999997,-2.2925405515801063,1.0
RETAIL,A6,1,E15,93,-0.5998440860215054,-2.2931824072492213,1.0
PPI,B2,1,SB1_X60,60,-0.5717283333333335,-2.2939530400695363,1.0
ADP,A7,1,E15,31,-0.6957806451612903,-2.3021074273841164,1.0
ISM_S,A7,-1,E1,35,-0.7393914285714286,-2.3030334083715345,1.0
ISM_S,B5,1,SB1_TP2R,53,-0.3725566037735848,-2.303608246591345,1.0
VERBALI,B6,-1,SB2_X15,29,-1.939862068965517,-2.308285492378113,
PPI,B6,1,SB2_X60,35,-1.4700714285714287,-2.3111317720832374,1.0
FOMC,B6,-1,SB1_TP2R,33,-0.765669696969697,-2.3134269400502667,1.0
RETAIL,B3,1,SB2_TP2R,64,-0.46879375,-2.3267911826813124,1.0
PIL,B4,-1,SB2_X5,19,-1.178663157894737,-2.33405402635364,
VERBALI,B1,-1,SB1_X60,69,-0.5903173913043478,-2.3428768884888846,1.0
VERBALI,B6,1,SB2_X60,29,-1.7683000000000002,-2.344017540751759,
ISM_M,B6,1,SB1_X60,47,-0.580431914893617,-2.3501211341713306,1.0
ISM_M,B3,1,SB1_TP1R,84,-0.27489404761904757,-2.3640195707606386,1.0
ISM_M,B1,1,SB1_X5,107,-0.22268224299065428,-2.370808980775365,1.0
RETAIL,B4,1,SB1_TP2R,18,-0.6628888888888889,-2.3748454618391217,
RETAIL,B3,1,SB1_X15,64,-0.30373906250000005,-2.381840205608855,1.0
RETAIL,B3,1,SB3_TP2R,64,-0.47813281249999984,-2.3825893067947175,1.0
RETAIL,A8,1,E15,91,-0.6401736263736262,-2.384261984999273,1.0
PIL,B3,1,SB1_TP2R,58,-0.37685862068965525,-2.3850089489012425,1.0
FOMC,B6,1,SB1_TP2R,33,-0.5669090909090908,-2.385570520873635,1.0
VERBALI,B5,-1,SB1_TP2R,40,-0.5704249999999997,-2.3870569128537706,1.0
PPI,B6,-1,SB3_X60,35,-0.6091714285714285,-2.3871235955278247,1.0
ISM_S,B3,1,SB1_X15,75,-0.3848666666666665,-2.38917664862579,1.0
VERBALI,A8,-1,E15,68,-0.6853294117647061,-2.3923586159330466,1.0
VERBALI,B5,1,SB3_X5,40,-0.8470650000000001,-2.395280876206813,1.0
PIL,B4,1,SB1_TP1R,19,-0.5382631578947369,-2.4136514085396565,
VERBALI,B1,1,SB1_TP1R,69,-0.31432173913043493,-2.413913524002022,1.0
PIL,B3,1,SB1_X60,58,-0.414146551724138,-2.4170363472368486,1.0
PIL,B5,1,SB2_X60,44,-0.6695000000000001,-2.423913502739229,1.0
FOMC,B6,1,SB2_X15,33,-1.4976272727272735,-2.4303670820590475,1.0
FIDUCIA,B3,1,SB1_X60,72,-0.4547430555555555,-2.438336279109545,1.0
RETAIL,A5,-1,E5,82,-0.6009256097560974,-2.4401392008943597,1.0
ADP,B5,1,SB1_TP1R,57,-0.310878947368421,-2.4466422167814974,1.0
FIDUCIA,B1,-1,SB1_X60,103,-0.7871466019417476,-2.451644338679519,1.0
VERBALI,A1,1,E15,69,-0.6914608695652175,-2.4542926604194726,1.0
PPI,B4,1,SB1_TP2R,15,-0.7579866666666668,-2.458280487020662,
ISM_M,B3,1,SB2_X15,84,-0.5658142857142857,-2.4596007214803177,1.0
VERBALI,B6,1,SB2_X15,29,-1.823093103448276,-2.462997912542566,
RETAIL,B4,1,SB2_X15,18,-1.7262666666666666,-2.4672720776167347,
ISM_S,B4,1,SB1_X5,26,-0.45325,-2.4673292601853407,
VERBALI,B6,-1,SB2_X60,29,-2.010210344827586,-2.468030021911098,
FOMC,B6,-1,SB2_X60,33,-1.4786969696969696,-2.470618284199541,1.0
ADP,B3,1,SB1_TP1R,80,-0.27872499999999995,-2.4725843150531195,1.0
ISM_S,B4,1,SB3_TP2R,26,-0.7621153846153847,-2.4772668672925087,
RETAIL,B2,1,SB1_TP2R,82,-0.3478817073170732,-2.480114354433685,1.0
PPI,B4,1,SB3_TP1R,15,-0.7646466666666668,-2.4840707489972034,
PIL,B4,-1,SB1_X5,19,-0.775657894736842,-2.4915279480760364,
PIL,B4,1,SB1_X60,19,-0.6966368421052632,-2.494151794802991,
ISM_S,B6,-1,SB3_X60,50,-0.781458,-2.4992098819190938,1.0
VERBALI,A3,1,E1,69,-0.49830579710144934,-2.500631003590411,1.0
ISM_S,B4,1,SB1_X60,26,-0.6646269230769233,-2.507706385240699,
FOMC,B6,-1,SB3_X60,33,-0.7161454545454544,-2.5125700877176382,1.0
ISM_S,B6,1,SB1_X15,50,-0.5875339999999999,-2.5142657298509525,1.0
VERBALI,A6,-1,E5,66,-0.7232742424242424,-2.5151374128459167,1.0
VERBALI,A7,1,E1,24,-0.43078749999999993,-2.5272900919870502,
PIL,A8,-1,E5,88,-0.5744647727272728,-2.5322675514549573,1.0
VERBALI,B5,1,SB1_X5,40,-0.3923575,-2.53473338328253,1.0
ISM_S,B1,1,SB1_TP2R,103,-0.3853388349514563,-2.54951101253725,1.0
ISM_S,B6,-1,SB1_X60,50,-0.8234760000000001,-2.5496006682607826,1.0
PIL,B3,1,SB1_TP1R,58,-0.339796551724138,-2.5520589085863596,1.0
FOMC,A7,-1,E1,24,-0.5468583333333333,-2.5542080326806396,
PIL,A9,-1,E5,90,-0.5734966666666667,-2.5554219453392197,1.0
MICHIGAN,B5,-1,SB2_X15,41,-0.7966853658536585,-2.5563164028604954,1.0
VERBALI,B1,1,SB2_X60,69,-1.0035623188405798,-2.5659997408256445,1.0
ISM_S,B4,1,SB1_TP1R,26,-0.5323115384615386,-2.567942728184704,
PIL,B1,1,SB1_X60,90,-0.40973111111111116,-2.568249147535551,1.0
VERBALI,A8,-1,E5,68,-0.7246632352941175,-2.5704080640304325,1.0
ISM_M,B2,1,SB1_X5,105,-0.28876380952380964,-2.57064860732625,1.0
MICHIGAN,B4,-1,SB1_X60,26,-1.0185230769230769,-2.5716136194149377,
FIDUCIA,B4,-1,SB3_X60,31,-1.1900806451612904,-2.5738330969111516,1.0
MICHIGAN,B3,1,SB1_TP2R,50,-0.4776460000000002,-2.5755611473806557,1.0
FOMC,B6,-1,SB1_X15,33,-0.8409090909090909,-2.582568964237215,1.0
RETAIL,B5,1,SB1_X5,49,-0.22116938775510214,-2.5841258878117976,1.0
PIL,B4,-1,SB2_TP1R,19,-1.2287105263157896,-2.58471331596677,
FOMC,B6,-1,SB1_X60,33,-0.9842696969696969,-2.595375441135972,1.0
PPI,B4,-1,SB1_X60,15,-0.9872333333333334,-2.599341796854813,
RETAIL,B1,1,SB1_TP2R,93,-0.3290473118279569,-2.5994237690180753,1.0
PPI,B2,1,SB2_X60,60,-1.0738083333333335,-2.60155972613399,1.0
ISM_M,A6,1,E15,107,-0.6348476635514021,-2.606484227364419,1.0
FOMC,B6,1,SB2_X60,33,-1.457421212121213,-2.6086321145577207,1.0
PPI,B4,-1,SB3_TP1R,15,-0.8396600000000001,-2.6223325894463874,
ADP,A9,-1,E15,98,-0.5732306122448977,-2.623919161860613,1.0
VERBALI,B6,1,SB3_X60,29,-0.6434896551724139,-2.624814421932054,
PIL,B4,1,SB3_TP2R,19,-0.7870315789473685,-2.625672631950027,
RETAIL,B4,1,SB1_X15,18,-0.6709,-2.632489198058964,
PIL,B4,-1,SB2_X15,19,-1.333968421052632,-2.639554456891275,
PIL,B5,1,SB2_TP2R,44,-0.5499136363636364,-2.6516436315484864,1.0
VERBALI,B5,1,SB2_TP2R,40,-0.65481,-2.6528709193510305,1.0
FIDUCIA,B6,-1,SB1_X15,49,-0.7938306122448978,-2.65308595526176,1.0
PPI,B1,1,SB2_X60,73,-0.9914068493150686,-2.6608785752215014,1.0
MICHIGAN,B5,-1,SB2_X60,41,-0.937068292682927,-2.673452086356311,1.0
PIL,B4,1,SB3_X15,19,-0.8135315789473685,-2.6740751314729394,
FOMC,B5,1,SB1_X5,39,-0.3217307692307693,-2.6743230428759084,1.0
VERBALI,A4,1,E5,69,-0.738250724637681,-2.67807906077591,1.0
ISM_M,A5,1,E15,105,-0.5804219047619049,-2.6830212738998154,1.0
ADP,B6,1,SB1_TP1R,41,-0.4683609756097562,-2.6843999611681353,1.0
MICHIGAN,B3,1,SB1_X60,50,-0.5520960000000001,-2.690215585411294,1.0
ISM_S,B1,1,SB1_X60,103,-0.45980291262135914,-2.69436675297095,1.0
PIL,B4,-1,SB2_TP2R,19,-1.325447368421053,-2.6961216578698117,
ISM_M,B1,1,SB1_X60,107,-0.3946672897196263,-2.699466534579262,1.0
RETAIL,A3,-1,E5,93,-0.553690322580645,-2.7036139811986315,1.0
VERBALI,B6,1,SB2_TP2R,29,-1.8952862068965517,-2.704100479802435,
PIL,B5,-1,SB2_X15,44,-0.5347500000000002,-2.7164448174477944,1.0
ADP,B3,1,SB1_TP2R,80,-0.36677625000000014,-2.7221610801186413,1.0
VERBALI,B5,-1,SB2_X5,40,-0.6403874999999999,-2.725318909928419,1.0
ADP,B1,-1,SB3_X60,98,-0.7588142857142856,-2.731918638999198,1.0
ISM_S,B5,1,SB2_TP1R,53,-0.4570999999999999,-2.731953564072127,1.0
PPI,B1,1,SB1_TP2R,73,-0.47902602739726,-2.736227041974476,1.0
FOMC,B6,-1,SB3_X5,33,-0.6182121212121211,-2.7370707721981105,1.0
FIDUCIA,B5,1,SB1_TP1R,54,-0.38309444444444446,-2.7500145857118716,1.0
RETAIL,B4,1,SB2_TP2R,18,-1.7819055555555552,-2.7584644503838733,
PPI,B3,-1,SB3_X60,45,-0.7273133333333333,-2.7594930063185,1.0
ISM_M,B5,1,SB2_X60,60,-0.6806033333333332,-2.7680586268498484,1.0
ISM_M,B4,1,SB2_X60,21,-1.4081238095238096,-2.768225698527568,
ISM_S,B5,1,SB1_X5,53,-0.2537867924528302,-2.7741096329319954,1.0
PIL,A1,1,E5,90,-0.6125688888888887,-2.7751024758605727,1.0
RETAIL,A1,-1,E15,93,-0.6038569892473118,-2.778090786924819,1.0
ISM_M,A2,1,E5,107,-0.5551102803738319,-2.7811760571019795,1.0
ADP,B6,1,SB3_TP2R,41,-0.5999097560975607,-2.7845082027188313,1.0
ISM_M,B5,1,SB2_X15,60,-0.5144433333333331,-2.7928880573793484,1.0
PPI,B4,1,SB2_TP1R,15,-1.0552266666666668,-2.7938662226855024,
ISM_S,B6,1,SB3_X15,50,-0.644416,-2.800334979072423,1.0
VERBALI,B6,1,SB2_X5,29,-1.9550689655172413,-2.8057247076276832,
VERBALI,B5,-1,SB1_X5,40,-0.6340075000000001,-2.810826764544298,1.0
ISM_S,B4,1,SB3_X60,26,-1.0147923076923078,-2.8209939367286236,
PIL,A6,1,E5,84,-0.6322464285714288,-2.830028774766809,1.0
ADP,A4,-1,E15,98,-0.6182010204081632,-2.831463759734256,1.0
ISM_S,B6,1,SB3_TP2R,50,-0.5934560000000001,-2.8381438272943162,1.0
ADP,B2,1,SB3_X60,97,-0.6842742268041238,-2.8393677110041033,1.0
ISM_M,B4,-1,SB2_X60,21,-1.3813571428571425,-2.841995970813319,
RETAIL,A2,1,E15,93,-0.6401150537634409,-2.847404870204298,1.0
PIL,B5,1,SB2_TP1R,44,-0.484234090909091,-2.8494613975605088,1.0
RETAIL,B5,-1,SB2_X60,49,-0.7624816326530612,-2.8497967217425932,1.0
VERBALI,B6,-1,SB2_X5,29,-2.0646310344827588,-2.851335164967563,
VERBALI,B6,1,SB2_TP1R,29,-1.9524137931034482,-2.852918824637821,
FOMC,B5,1,SB3_X60,39,-1.1606897435897436,-2.856652248931261,1.0
PIL,B3,1,SB1_X15,58,-0.3262913793103449,-2.857197055514036,1.0
FIDUCIA,B5,1,SB1_TP2R,54,-0.43999259259259255,-2.8644911621926785,1.0
FOMC,B6,-1,SB1_TP1R,33,-0.820839393939394,-2.871701982102689,1.0
ISM_S,B4,1,SB3_X5,26,-0.8132999999999998,-2.876078640756265,
FOMC,B6,1,SB2_TP1R,33,-1.4617696969696972,-2.877772779587756,1.0
ISM_S,B3,1,SB1_TP1R,75,-0.44498533333333323,-2.8809289051916775,1.0
ISM_S,B4,1,SB3_X15,26,-0.8621769230769231,-2.8844931835350542,
RETAIL,B5,1,SB3_X60,49,-0.748622448979592,-2.885222850682819,1.0
FOMC,B6,-1,SB2_TP2R,33,-1.50790303030303,-2.8911348840108615,1.0
VERBALI,B1,-1,SB2_X15,69,-1.127505797101449,-2.8953196344018486,1.0
MICHIGAN,A7,-1,E15,15,-0.9479533333333333,-2.904105087672513,
FOMC,A3,-1,E15,72,-0.8113527777777774,-2.906735588968242,1.0
FOMC,B5,1,SB2_X5,39,-0.647430769230769,-2.9085254691502223,1.0
MICHIGAN,B5,-1,SB2_X5,41,-0.7445975609756095,-2.9134943259118895,1.0
RETAIL,A4,1,E15,93,-0.7400774193548385,-2.9136791274204383,1.0
RETAIL,B4,1,SB2_TP1R,18,-1.839483333333333,-2.9231861612989443,
FOMC,B6,1,SB2_X5,33,-1.5786424242424244,-2.925012225297851,1.0
ISM_S,B5,1,SB1_X15,53,-0.3243981132075471,-2.930191671261183,1.0
VERBALI,A1,1,E5,69,-0.7978927536231886,-2.9346613603752614,1.0
ISM_S,B4,-1,SB1_X5,26,-0.8106115384615384,-2.936798343190128,
ISM_S,B6,1,SB3_X60,50,-0.788818,-2.947182928564807,1.0
ISM_M,B4,-1,SB2_X5,21,-1.307642857142857,-2.950993322276257,
PIL,B2,1,SB3_X15,77,-0.5679909090909091,-2.9547346363705724,1.0
PPI,B4,1,SB1_X15,15,-0.70628,-2.9563584143923824,
PIL,B2,1,SB3_X5,77,-0.5577610389610391,-2.956593464357227,1.0
ISM_M,B4,-1,SB1_X60,21,-1.1420904761904762,-2.9634552545150608,
PPI,B4,1,SB2_X5,15,-1.2256533333333333,-2.965206087482326,
ADP,B6,-1,SB3_X15,41,-0.700812195121951,-2.967205463789418,1.0
ISM_M,A9,1,E15,107,-0.6779869158878503,-2.9795232717524636,1.0
ISM_M,B5,-1,SB2_X60,60,-0.7151016666666664,-2.991868751517842,1.0
ISM_M,B3,1,SB1_TP2R,84,-0.41176071428571415,-2.9991391069045625,1.0
PIL,A5,1,E1,77,-0.534107792207792,-3.002664913238963,1.0
ADP,B6,1,SB1_X60,41,-0.631717073170732,-3.0028341613908607,1.0
FOMC,B6,1,SB2_TP2R,33,-1.5525212121212129,-3.003996870946463,1.0
RETAIL,B1,1,SB1_TP1R,93,-0.32673655913978505,-3.0061402505220003,1.0
FIDUCIA,B5,1,SB1_X60,54,-0.502201851851852,-3.0065185012858797,1.0
PIL,B4,-1,SB3_X15,19,-0.8805473684210526,-3.0075633736855103,
VERBALI,A2,-1,E1,69,-0.5841130434782609,-3.007856416000824,1.0
VERBALI,B6,-1,SB2_TP2R,29,-2.1202931034482755,-3.0079071206662253,
ISM_M,A1,1,E5,107,-0.6216121495327105,-3.007937880334015,1.0
ISM_M,B1,1,SB3_X15,107,-0.5729336448598131,-3.011010251446054,1.0
MICHIGAN,B4,-1,SB2_X60,26,-1.8294538461538465,-3.014923531590877,
VERBALI,B6,1,SB3_X5,29,-0.5951655172413793,-3.020254094610852,
FIDUCIA,B5,1,SB1_X5,54,-0.29773518518518527,-3.024375868922532,1.0
PPI,B2,1,SB1_TP2R,60,-0.5737083333333332,-3.030866069841703,1.0
FOMC,B6,1,SB1_X15,33,-0.7254333333333332,-3.0324817228827445,1.0
PPI,B3,1,SB3_TP2R,45,-0.721155555555556,-3.037826988929064,1.0
RETAIL,B3,1,SB2_TP1R,64,-0.5001249999999999,-3.0463220105574527,1.0
ISM_M,B6,1,SB2_X15,47,-1.3951787234042554,-3.048614651426794,1.0
ADP,B3,1,SB1_X60,80,-0.4183925000000001,-3.049826513996566,1.0
ISM_S,B4,1,SB1_X15,26,-0.5680423076923077,-3.0516732282192853,
VERBALI,A9,1,E15,69,-0.8089463768115942,-3.065432205224735,1.0
PIL,A1,1,E15,90,-0.6311666666666667,-3.073089866219746,1.0
ISM_M,B4,-1,SB3_TP2R,21,-0.9270238095238094,-3.075043152861954,
FOMC,B6,-1,SB2_X15,33,-1.6023787878787878,-3.0805633163050636,1.0
VERBALI,B6,-1,SB2_TP1R,29,-2.1464793103448274,-3.0939427988651946,
PPI,B5,-1,SB2_TP1R,38,-0.5968947368421054,-3.0959187083601045,1.0
RETAIL,A4,-1,E15,93,-0.6534516129032255,-3.0991025000582058,1.0
PIL,B2,1,SB1_X5,77,-0.36156753246753237,-3.1049681965309466,1.0
VERBALI,B1,1,SB2_X15,69,-1.1092144927536236,-3.107259223112596,1.0
MICHIGAN,B5,-1,SB1_X15,41,-0.8635048780487803,-3.107817519692897,1.0
RETAIL,A2,-1,E15,93,-0.7534139784946238,-3.1174331808220614,1.0
VERBALI,A9,1,E5,69,-0.8104231884057972,-3.117571591071268,1.0
ISM_M,B1,1,SB1_TP2R,107,-0.3900560747663552,-3.119175952148041,1.0
ISM_M,B2,1,SB1_X15,105,-0.40885999999999995,-3.1212976282501743,1.0
RETAIL,B5,1,SB2_X5,49,-0.4407469387755101,-3.131302796622513,1.0
ISM_S,B2,1,SB1_X15,101,-0.49252079207920796,-3.1342176388457514,1.0
PIL,B1,1,SB3_X15,90,-0.5633633333333333,-3.136006458225277,1.0
RETAIL,A9,1,E5,93,-0.6141559139784947,-3.14048327066342,1.0
PIL,B4,1,SB1_X15,19,-0.6400842105263158,-3.1458189805983414,
PIL,B6,-1,SB3_X60,46,-0.6000478260869564,-3.147663050493632,1.0
FOMC,B1,1,SB2_TP1R,72,-0.8427555555555559,-3.147751062105608,1.0
RETAIL,B4,-1,SB3_X5,18,-0.9866166666666667,-3.1510026583792397,
RETAIL,B5,1,SB3_TP2R,49,-0.7480612244897956,-3.1511199209995766,1.0
PPI,A7,1,E5,28,-0.8764750000000002,-3.1544940581242784,
ISM_M,B6,1,SB3_TP2R,47,-0.6786957446808511,-3.160809209009601,1.0
RETAIL,B4,-1,SB1_TP2R,18,-0.9346055555555554,-3.1608298703435267,
ADP,A5,-1,E15,97,-0.6901113402061853,-3.1626040129740165,1.0
VERBALI,B1,1,SB1_X5,69,-0.3721028985507246,-3.166581433464554,1.0
FOMC,B6,-1,SB2_TP1R,33,-1.575469696969697,-3.1678263108922184,1.0
PPI,B4,1,SB2_X15,15,-1.25776,-3.1683379517090993,
MICHIGAN,B4,-1,SB1_TP2R,26,-0.8503846153846155,-3.1765142426489996,
RETAIL,B6,1,SB3_TP1R,44,-0.5766886363636363,-3.1768719726245713,1.0
PIL,B5,-1,SB2_X60,44,-0.6760363636363637,-3.1773442162140606,1.0
RETAIL,A1,1,E15,93,-0.7896720430107528,-3.1821689830691398,1.0
VERBALI,B6,-1,SB1_X5,29,-0.9081620689655175,-3.1888743645527993,
PPI,B4,-1,SB1_X5,15,-0.946046666666667,-3.198417140001023,
PPI,B6,-1,SB3_X15,35,-0.6819828571428571,-3.203565914263131,1.0
ADP,B6,1,SB1_X15,41,-0.5303317073170732,-3.2045086900368864,1.0
RETAIL,B2,-1,SB2_X60,82,-0.9914634146341461,-3.2051046626152915,1.0
ISM_M,A3,-1,E5,107,-0.6475906542056077,-3.2103489093343307,1.0
ISM_M,B4,-1,SB3_TP1R,21,-0.8539571428571429,-3.2123618357236152,
ADP,A7,1,E5,31,-0.7682741935483871,-3.2127506014230898,1.0
MICHIGAN,B3,1,SB1_TP1R,50,-0.4765560000000002,-3.2161386225290585,1.0
ISM_M,B1,1,SB1_TP1R,107,-0.33232803738317745,-3.2171831314157737,1.0
ISM_M,B2,1,SB3_X15,105,-0.5814390476190476,-3.2187793388215677,1.0
ADP,B5,1,SB2_TP1R,57,-0.534582456140351,-3.218884841331182,1.0
ISM_M,A9,1,E5,107,-0.627305607476636,-3.2201376859996826,1.0
PIL,A2,-1,E5,90,-0.7424244444444444,-3.22123258032798,1.0
FOMC,B5,1,SB2_X15,39,-0.751951282051282,-3.22166909156269,1.0
PPI,B3,-1,SB3_TP2R,45,-0.7140199999999998,-3.225709561337207,1.0
PIL,B4,-1,SB3_X5,19,-0.7684052631578947,-3.226441417032166,
VERBALI,B5,-1,SB1_TP1R,40,-0.613985,-3.229984296490746,1.0
VERBALI,B6,-1,SB3_TP2R,29,-0.7900344827586209,-3.2306742912281425,
VERBALI,A9,-1,E15,69,-0.7569014492753622,-3.231440167811159,1.0
VERBALI,B5,1,SB2_X5,40,-0.7435299999999998,-3.232152818280299,1.0
MICHIGAN,B6,1,SB1_TP1R,35,-0.5896314285714286,-3.2352128814634096,1.0
VERBALI,B5,-1,SB1_X60,40,-0.7368799999999999,-3.2374872513609505,1.0
RETAIL,A3,-1,E1,93,-0.5849344086021504,-3.244347832855215,1.0
RETAIL,B3,1,SB1_X5,64,-0.2876125,-3.2506600535310826,1.0
ADP,B6,1,SB3_TP1R,41,-0.5842146341463416,-3.2512561313483053,1.0
RETAIL,B4,1,SB2_X5,18,-1.9370166666666664,-3.2518706102085413,
ISM_M,A3,1,E15,107,-0.7298869158878506,-3.2599829395698277,1.0
ADP,B6,-1,SB2_X15,41,-1.2366634146341464,-3.2669161304852863,1.0
RETAIL,B2,1,SB1_TP1R,82,-0.38021951219512196,-3.269289979068078,1.0
ISM_M,A1,-1,E15,107,-0.7394803738317762,-3.269920462807775,1.0
ISM_S,A7,1,E15,35,-0.8539542857142856,-3.271965450253577,1.0
MICHIGAN,B5,-1,SB1_X5,41,-0.7521829268292684,-3.274842491007859,1.0
ISM_M,A8,-1,E1,105,-0.5435647619047622,-3.2806427763328223,1.0
PIL,A4,-1,E5,90,-0.7405022222222223,-3.291428918809746,1.0
ISM_M,A4,-1,E15,107,-0.7103897196261684,-3.29214437223491,1.0
PIL,B5,1,SB3_TP2R,44,-0.7214727272727273,-3.299232131901563,1.0
FIDUCIA,B3,1,SB1_TP1R,72,-0.41118611111111114,-3.3000293947697266,1.0
RETAIL,B2,-1,SB1_X60,82,-0.670698780487805,-3.3106714770977814,1.0
PIL,B4,-1,SB1_TP2R,19,-0.9474631578947367,-3.312869593984951,
PIL,A3,-1,E5,90,-0.7329555555555557,-3.3210728666364493,1.0
RETAIL,B1,1,SB1_X15,93,-0.3616967741935483,-3.3244611389656304,1.0
PIL,B4,1,SB3_TP1R,19,-0.8038157894736843,-3.3264072660330632,
RETAIL,A7,-1,E15,29,-0.9633896551724138,-3.327889306383458,
VERBALI,B6,-1,SB3_X5,29,-0.7094344827586205,-3.328977291908954,
ADP,B5,1,SB1_X60,57,-0.4702052631578947,-3.333835699272862,1.0
PIL,A9,-1,E15,90,-0.6619455555555557,-3.333860979420306,1.0
RETAIL,B4,-1,SB1_X5,18,-0.8240500000000001,-3.3407166458552338,
ADP,B6,1,SB3_X60,41,-0.702551219512195,-3.346815280783613,1.0
ADP,B1,-1,SB1_X60,98,-0.8633295918367346,-3.351191713600036,1.0
MICHIGAN,B4,-1,SB1_X5,26,-0.837076923076923,-3.3571669156462978,
ADP,B1,1,SB1_X15,98,-0.36355306122448977,-3.35728882953421,1.0
FOMC,B1,1,SB1_X5,72,-0.3796875,-3.364589949798278,1.0
VERBALI,B1,1,SB3_X5,69,-0.7411942028985509,-3.3646225408774715,1.0
PIL,B4,1,SB2_TP2R,19,-1.5715999999999999,-3.369541067186866,
PPI,B4,-1,SB1_TP2R,15,-1.037126666666667,-3.376197340552102,
ISM_M,B6,1,SB1_TP1R,47,-0.548376595744681,-3.38555511207231,1.0
RETAIL,B4,-1,SB1_TP1R,18,-0.8452166666666667,-3.389594048248852,
ISM_M,B3,1,SB3_X5,84,-0.5271321428571429,-3.3914540571871865,1.0
RETAIL,B4,1,SB3_TP2R,18,-1.0869055555555558,-3.39343134982627,
RETAIL,B6,-1,SB3_X15,44,-0.6645409090909092,-3.395107761597125,1.0
RETAIL,B2,1,SB1_X60,82,-0.4693817073170732,-3.407302705170256,1.0
PIL,B4,1,SB2_X15,19,-1.5585210526315791,-3.418514124808194,
ISM_M,A4,-1,E5,107,-0.677385046728972,-3.423823996216956,1.0
RETAIL,B5,-1,SB1_TP2R,49,-0.6747591836734693,-3.429863905370976,1.0
ISM_M,A6,1,E5,107,-0.7266878504672899,-3.4304137656259805,1.0
ISM_S,B6,1,SB2_X60,50,-1.4471919999999998,-3.4427131436578056,1.0
PIL,A8,-1,E15,88,-0.6829568181818181,-3.442999314868634,1.0
VERBALI,B5,-1,SB2_X60,40,-0.7690199999999999,-3.453075058204792,1.0
FOMC,A7,-1,E5,24,-0.6987499999999999,-3.454956467642519,
ISM_S,A7,1,E5,35,-0.8623199999999999,-3.4558270795450428,1.0
FOMC,B1,1,SB2_TP2R,72,-0.9769791666666661,-3.464047562322043,1.0
RETAIL,B2,1,SB2_X60,82,-0.8123634146341463,-3.4651996980025106,1.0
ISM_S,B6,1,SB1_TP1R,50,-0.714494,-3.472823502228818,1.0
FOMC,B6,-1,SB2_X5,33,-1.6864818181818182,-3.4749731673161763,1.0
FOMC,B6,-1,SB1_X5,33,-0.9594757575757578,-3.4766191365916974,1.0
RETAIL,A8,-1,E15,91,-0.7074857142857144,-3.486584312928988,1.0
ISM_S,B4,-1,SB3_TP2R,26,-0.949076923076923,-3.4873620963332437,
ISM_S,B5,1,SB2_TP2R,53,-0.6773471698113207,-3.4892755376451876,1.0
ADP,A1,1,E15,98,-0.7087265306122443,-3.4893030432628023,1.0
VERBALI,B1,-1,SB2_X60,69,-1.2906797101449274,-3.489339146872058,1.0
RETAIL,A5,-1,E1,82,-0.7037,-3.4934347813805626,1.0
ISM_M,B5,1,SB2_TP2R,60,-0.6033666666666666,-3.4978512182725994,1.0
PPI,B2,1,SB3_TP2R,60,-0.7199649999999999,-3.5026750324853473,1.0
RETAIL,B1,1,SB3_X60,93,-0.6189526881720431,-3.510270926139001,1.0
VERBALI,B5,-1,SB3_X15,40,-1.0502375,-3.5106882038269327,1.0
FIDUCIA,B6,-1,SB3_X60,49,-1.04895918367347,-3.51079072399474,1.0
RETAIL,A7,-1,E5,29,-0.9711655172413793,-3.514713518901234,
RETAIL,B5,1,SB3_X15,49,-0.7957163265306123,-3.5229653515924837,1.0
ISM_S,B4,-1,SB3_X5,26,-0.8484807692307694,-3.5237887458491755,
FOMC,B1,1,SB2_X15,72,-1.093719444444444,-3.526705506693712,1.0
RETAIL,B3,1,SB3_X15,64,-0.621925,-3.5327500165342562,1.0
ISM_M,B6,1,SB1_TP2R,47,-0.679004255319149,-3.533458874141598,1.0
VERBALI,B1,1,SB2_TP2R,69,-1.1761695652173914,-3.5336776722868546,1.0
VERBALI,B1,-1,SB2_TP2R,69,-1.2066043478260866,-3.5374821268948944,1.0
PPI,B6,-1,SB3_TP1R,35,-0.6683371428571427,-3.5388572116418135,1.0
PPI,B4,-1,SB1_X15,15,-1.0602600000000002,-3.5424492259654206,
ISM_S,A2,1,E15,103,-0.6910825242718449,-3.5459116768846575,1.0
FOMC,A9,1,E15,72,-1.0408916666666663,-3.549176698325862,1.0
PIL,A7,-1,E15,35,-0.812442857142857,-3.549553399788107,1.0
PIL,B6,-1,SB3_X15,46,-0.6061717391304349,-3.550557846635566,1.0
PIL,B2,1,SB1_X15,77,-0.44478441558441556,-3.550715680242918,1.0
PIL,B4,1,SB2_TP1R,19,-1.5732473684210524,-3.55462834010647,
ISM_S,B1,1,SB1_X15,103,-0.45213398058252435,-3.5612174178764726,1.0
FOMC,A3,-1,E5,72,-0.8861638888888889,-3.563880974756259,1.0
FOMC,B1,1,SB1_X15,72,-0.495020833333333,-3.5656736373371105,1.0
VERBALI,B5,-1,SB2_TP1R,40,-0.7024600000000001,-3.565955735696066,1.0
ADP,B6,1,SB1_TP2R,41,-0.6721536585365857,-3.5660850072926373,1.0
PIL,B5,-1,SB2_TP1R,44,-0.5838159090909092,-3.568186428890227,1.0
PIL,B3,-1,SB3_TP2R,58,-0.6605603448275864,-3.5710042215663123,1.0
ADP,B2,1,SB1_X15,97,-0.4157670103092784,-3.573608307476792,1.0
ISM_M,B5,1,SB2_X5,60,-0.5579916666666664,-3.577375270458082,1.0
ISM_M,B3,1,SB1_X60,84,-0.5118488095238096,-3.6022740688987276,1.0
PPI,B4,1,SB3_TP2R,15,-1.1105533333333333,-3.6131794467287346,
ADP,A6,1,E15,98,-0.8036908163265303,-3.6230629084974053,1.0
MICHIGAN,B2,1,SB1_X15,76,-0.5902526315789474,-3.623466523959605,1.0
ISM_M,B6,1,SB3_TP1R,47,-0.6331255319148935,-3.6283566369780735,1.0
RETAIL,B1,1,SB2_TP2R,93,-0.7236548387096776,-3.631115892828318,1.0
VERBALI,B1,-1,SB2_X5,69,-1.238982608695652,-3.6320971562913598,1.0
VERBALI,B6,-1,SB3_TP1R,29,-0.7472275862068966,-3.635262827331848,
ADP,B1,1,SB1_TP1R,98,-0.37676428571428583,-3.636305051800241,1.0
ADP,B4,1,SB3_TP2R,17,-1.030029411764706,-3.6457001438093717,
RETAIL,A6,1,E5,93,-0.7703774193548385,-3.6507264177982264,1.0
RETAIL,B3,-1,SB1_X60,64,-0.7661921875000001,-3.654985383290835,1.0
RETAIL,B5,-1,SB1_X5,49,-0.6017183673469385,-3.656929944191582,1.0
PPI,B6,-1,SB1_TP2R,35,-0.8644628571428572,-3.6601814751865893,1.0
PIL,B3,-1,SB2_TP2R,58,-0.6857103448275863,-3.6616499524869437,1.0
ADP,B4,-1,SB2_TP2R,17,-1.2273529411764705,-3.664623266151876,
PIL,B2,1,SB1_TP2R,77,-0.5176571428571428,-3.689892277554657,1.0
FOMC,A8,-1,E15,71,-1.104430985915493,-3.690495552099066,1.0
RETAIL,A8,1,E5,91,-0.7853923076923078,-3.691334091866481,1.0
RETAIL,B6,-1,SB3_TP2R,44,-0.7517113636363638,-3.693034488624331,1.0
ADP,A9,-1,E5,98,-0.6358979591836732,-3.69344049162854,1.0
ADP,B6,-1,SB3_TP2R,41,-0.7579292682926827,-3.6937303422298156,1.0
FOMC,B5,1,SB3_TP2R,39,-1.2414358974358972,-3.6953480912417507,1.0
MICHIGAN,B4,-1,SB2_X15,26,-1.896480769230769,-3.6995545231719453,
ISM_S,B4,1,SB3_TP1R,26,-0.8314538461538461,-3.699742151961526,
RETAIL,B3,1,SB2_X15,64,-0.6087578124999999,-3.701442087756214,1.0
FOMC,B6,1,SB3_TP2R,33,-0.9181939393939395,-3.7015348256152056,1.0
ADP,B5,1,SB2_X15,57,-0.6854631578947369,-3.708918960511562,1.0
PPI,B5,1,SB3_TP2R,38,-0.927042105263158,-3.714460045608621,1.0
ISM_S,A1,-1,E5,103,-0.7401980582524273,-3.7160340654690995,1.0
ISM_S,B3,1,SB2_X60,75,-1.0472106666666667,-3.7174905432603143,1.0
MICHIGAN,B2,1,SB1_X60,76,-0.7116631578947371,-3.717690223637888,1.0
ISM_S,B2,1,SB1_TP2R,101,-0.5614504950495048,-3.7216541123742437,1.0
RETAIL,B4,-1,SB2_TP1R,18,-2.0731777777777776,-3.7310898845046627,
RETAIL,A3,1,E15,93,-0.901596774193549,-3.7374703825465465,1.0
VERBALI,B6,-1,SB1_TP2R,29,-0.9175517241379311,-3.7383067748631844,
ISM_M,A4,1,E15,107,-0.7856934579439253,-3.7447986879329047,1.0
RETAIL,B6,1,SB1_TP1R,44,-0.5980500000000002,-3.7520771340298826,1.0
ISM_M,B4,-1,SB3_X15,21,-1.019595238095238,-3.7576637736624807,
ADP,B4,1,SB3_X15,17,-0.9235882352941176,-3.757734355280016,
FOMC,A7,-1,E15,24,-0.7785041666666667,-3.7588135091800514,
RETAIL,B2,1,SB3_TP2R,82,-0.6425804878048782,-3.761126571892854,1.0
RETAIL,B4,-1,SB2_X5,18,-2.0613388888888884,-3.7712720162548035,
ISM_S,A9,-1,E15,103,-0.7993757281553394,-3.7736728255054217,1.0
RETAIL,B2,1,SB3_X60,82,-0.6768292682926831,-3.787710373873247,1.0
PIL,A6,1,E15,84,-0.7406190476190476,-3.7969932121097334,1.0
FOMC,B6,1,SB1_X60,33,-0.7831787878787877,-3.804487667598886,1.0
RETAIL,B4,-1,SB2_X60,18,-2.1300111111111106,-3.8070456103531947,
PIL,B6,1,SB3_X15,46,-0.6551739130434783,-3.8078101020383217,1.0
ISM_M,A3,-1,E15,107,-0.7661962616822428,-3.808441681287043,1.0
ISM_M,A1,1,E15,107,-0.7566028037383179,-3.8085418464830045,1.0
ADP,B1,1,SB1_TP2R,98,-0.4610602040816327,-3.8115216567614776,1.0
PIL,B3,1,SB2_X5,58,-0.6997206896551724,-3.819151861138233,1.0
PPI,B5,-1,SB3_X60,38,-1.0588815789473682,-3.820227403806212,1.0
PIL,B1,1,SB1_TP2R,90,-0.4704144444444444,-3.8221425676559053,1.0
VERBALI,B1,1,SB2_X5,69,-1.2527275362318842,-3.8317873433189975,1.0
FOMC,A1,1,E15,72,-1.0110388888888888,-3.8335497613931273,1.0
FIDUCIA,B6,1,SB3_X60,49,-1.1307918367346943,-3.839312975370348,1.0
MICHIGAN,B5,-1,SB2_TP2R,41,-0.8799951219512196,-3.841888009052166,1.0
FIDUCIA,B6,1,SB1_X60,49,-0.8416428571428569,-3.8443885798744,1.0
FOMC,A4,-1,E15,72,-1.119431944444444,-3.845667286272141,1.0
ADP,A4,-1,E5,98,-0.6854826530612242,-3.848859597676502,1.0
FOMC,B1,1,SB2_X5,72,-1.0742361111111105,-3.857087182957701,1.0
RETAIL,B4,1,SB1_X5,18,-0.6675444444444445,-3.8586075780476476,
PIL,B1,1,SB1_X5,90,-0.3356688888888889,-3.865081893809195,1.0
FOMC,B6,1,SB3_X60,33,-0.9402212121212121,-3.868974662906213,1.0
RETAIL,A1,-1,E5,93,-0.7301967741935483,-3.87890228282706,1.0
RETAIL,B4,-1,SB2_TP2R,18,-2.1456444444444442,-3.882310535273992,
PPI,B6,1,SB3_TP1R,35,-0.7163514285714286,-3.8859156330253977,1.0
ISM_M,B5,-1,SB2_X5,60,-0.6761583333333332,-3.895554012859566,1.0
PIL,B3,1,SB3_TP2R,58,-0.6757379310344828,-3.8961288206365285,1.0
ISM_M,B2,1,SB2_X15,105,-0.7781609523809525,-3.8968106133600946,1.0
RETAIL,B1,1,SB3_TP2R,93,-0.6270322580645162,-3.898865803854584,1.0
PIL,B3,1,SB2_X60,58,-0.8710482758620691,-3.904246391883807,1.0
ISM_M,A4,1,E5,107,-0.7359401869158879,-3.905281147842964,1.0
PIL,A7,-1,E1,35,-0.7670314285714286,-3.905422731580111,1.0
FIDUCIA,B6,1,SB1_TP2R,49,-0.7080755102040815,-3.906928476267739,1.0
PPI,B5,-1,SB3_TP1R,38,-0.7991342105263158,-3.9130871437185037,1.0
ISM_S,B1,1,SB1_TP1R,103,-0.48689029126213595,-3.914875208178821,1.0
PIL,B6,1,SB1_TP1R,46,-0.5824152173913043,-3.919131300657754,1.0
PIL,B6,-1,SB3_TP1R,46,-0.6450869565217391,-3.9261628616883977,1.0
RETAIL,A9,1,E1,93,-0.6508354838709676,-3.927088673169173,1.0
ISM_M,B1,1,SB2_X15,107,-0.9013084112149532,-3.9405857737850623,1.0
RETAIL,B3,1,SB2_X5,64,-0.5695203124999999,-3.9413438657786823,1.0
PIL,B4,1,SB2_X5,19,-1.6686842105263155,-3.943312463281113,
ISM_S,A5,-1,E5,101,-0.7348841584158418,-3.9474371989523824,1.0
RETAIL,A6,-1,E15,93,-0.7936849462365597,-3.949267651229724,1.0
MICHIGAN,B2,1,SB1_TP2R,76,-0.6051618421052632,-3.9583869910055784,1.0
RETAIL,B2,1,SB2_TP2R,82,-0.8368829268292683,-3.9600411259578348,1.0
PPI,B3,1,SB1_TP1R,45,-0.6152466666666666,-3.9623880593494873,1.0
ADP,B4,1,SB1_TP1R,17,-0.9132588235294117,-3.9625464859737254,
ADP,A8,1,E15,96,-0.7237947916666666,-3.9671397036496683,1.0
PIL,B1,1,SB1_TP1R,90,-0.4197755555555557,-3.9673931059077563,1.0
FIDUCIA,A7,-1,E5,36,-0.9475944444444444,-3.9715614503752388,1.0
PIL,B1,1,SB3_X5,90,-0.6501655555555557,-3.9737193427975708,1.0
RETAIL,B4,-1,SB3_X15,18,-1.1819166666666667,-3.9750589025785237,
PPI,B3,-1,SB3_TP1R,45,-0.7157933333333334,-3.9783369988790516,1.0
ISM_M,A6,-1,E5,107,-0.6866373831775702,-3.978338320486515,1.0
ISM_S,A4,1,E15,103,-0.8405592233009713,-3.9826253764642097,1.0
PPI,B6,-1,SB3_X5,35,-0.7148371428571428,-3.983167549719459,1.0
RETAIL,A4,1,E5,93,-0.8278365591397848,-3.985192699145489,1.0
MICHIGAN,B5,-1,SB1_TP2R,41,-0.848670731707317,-3.985241770453001,1.0
ADP,A3,1,E15,98,-0.8791918367346941,-3.99704949562137,1.0
RETAIL,B5,-1,SB2_X5,49,-0.552195918367347,-3.9985168549117622,1.0
VERBALI,A8,1,E15,68,-0.8544455882352942,-4.000709466886814,1.0
RETAIL,A2,1,E5,93,-0.7427301075268815,-4.002875765395337,1.0
ISM_M,B4,1,SB2_TP2R,21,-1.471952380952381,-4.002943124761804,
ADP,B5,1,SB1_X5,57,-0.31456842105263166,-4.004144266677089,1.0
PIL,B1,-1,SB3_TP2R,90,-0.6123811111111112,-4.006062445521099,1.0
PPI,B5,-1,SB2_X60,38,-1.0108236842105265,-4.008393728787441,1.0
RETAIL,A8,-1,E5,91,-0.7343406593406594,-4.012255432847866,1.0
FOMC,B5,1,SB3_TP1R,39,-1.2343102564102562,-4.013962504560716,1.0
VERBALI,B1,-1,SB3_X15,69,-0.8730927536231883,-4.016387762096859,1.0
VERBALI,B5,1,SB3_TP2R,40,-1.00145,-4.0188697596264475,1.0
RETAIL,A2,-1,E5,93,-0.8191720430107524,-4.024024985122773,1.0
PIL,B4,-1,SB3_TP1R,19,-0.9234842105263159,-4.025863485393691,
PIL,B5,-1,SB3_TP2R,44,-0.8329977272727274,-4.031841065719632,1.0
ADP,B3,-1,SB3_X60,80,-0.9486287500000001,-4.037391151302019,1.0
ISM_M,B4,-1,SB2_TP2R,21,-1.4829761904761902,-4.03890600789162,
VERBALI,B5,1,SB2_TP1R,40,-0.7798900000000002,-4.040008801626951,1.0
ADP,A8,1,E5,96,-0.680989583333333,-4.04302809533797,1.0
FOMC,A9,1,E5,72,-1.1049499999999999,-4.057233812723688,1.0
VERBALI,B1,1,SB2_TP1R,69,-1.272689855072464,-4.057851628675511,1.0
RETAIL,A4,-1,E5,93,-0.7340655913978493,-4.059245922920072,1.0
VERBALI,B1,-1,SB2_TP1R,69,-1.3093666666666666,-4.066633372265211,1.0
ISM_M,B5,1,SB3_X15,60,-0.8426933333333332,-4.067051676859038,1.0
ISM_M,B2,1,SB3_X5,105,-0.5744419047619046,-4.068858723317478,1.0
RETAIL,B3,1,SB3_X5,64,-0.6136265624999999,-4.071219842829776,1.0
PPI,B5,1,SB2_TP2R,38,-0.8713394736842105,-4.07202202891433,1.0
RETAIL,B4,1,SB3_X15,18,-1.1155333333333328,-4.074230794605528,
RETAIL,A9,-1,E15,93,-0.8935806451612908,-4.079739681836822,1.0
RETAIL,B6,1,SB3_X15,44,-0.6386454545454544,-4.084691916831346,1.0
VERBALI,B1,1,SB3_TP2R,69,-0.7557028985507247,-4.0862479308457695,1.0
ADP,B2,1,SB1_TP1R,97,-0.43562268041237134,-4.086325343943552,1.0
ADP,B6,1,SB3_X15,41,-0.6389487804878047,-4.088908333737243,1.0
ADP,B2,1,SB1_TP2R,97,-0.5097505154639177,-4.090086557816025,1.0
ISM_S,A3,1,E15,103,-0.8068097087378642,-4.097461336815165,1.0
FOMC,B6,1,SB3_TP1R,33,-0.9280121212121212,-4.099946979171666,1.0
ISM_M,A9,-1,E5,107,-0.7860196261682243,-4.108451847486165,1.0
ADP,A2,1,E15,98,-0.8991683673469387,-4.111097278792627,1.0
FOMC,A2,-1,E15,72,-1.123948611111111,-4.111844751121566,1.0
PPI,B2,-1,SB2_X60,60,-1.1888566666666667,-4.117938725420247,1.0
VERBALI,B5,-1,SB3_X5,40,-1.0757425000000003,-4.118797807761109,1.0
ISM_S,A3,1,E5,103,-0.8043145631067963,-4.118882795476237,1.0
VERBALI,A1,-1,E15,69,-0.8743869565217391,-4.126370999112233,1.0
PPI,B4,-1,SB1_TP1R,15,-1.0291533333333336,-4.127933151602723,
PIL,B1,1,SB1_X15,90,-0.41896666666666665,-4.137145841407533,1.0
RETAIL,A1,1,E5,93,-0.8317053763440865,-4.1374953149358396,1.0
ISM_M,B1,1,SB3_X5,107,-0.6166271028037383,-4.142705833756848,1.0
MICHIGAN,B6,1,SB1_X15,35,-0.6596799999999999,-4.142868789950908,1.0
RETAIL,A8,1,E1,91,-0.7861868131868133,-4.144614398804473,1.0
VERBALI,B1,-1,SB1_TP2R,69,-0.71631884057971,-4.146481263474194,1.0
VERBALI,A6,-1,E1,66,-0.802019696969697,-4.147936519145985,1.0
ISM_M,A9,-1,E15,107,-0.8180962616822435,-4.156574044492842,1.0
ISM_M,A3,1,E5,107,-0.7657345794392526,-4.158015983089964,1.0
ISM_S,A1,-1,E15,103,-0.7886669902912625,-4.16813945447021,1.0
PIL,B3,1,SB2_X15,58,-0.7490896551724137,-4.177206389222611,1.0
RETAIL,B4,1,SB3_TP1R,18,-1.1635722222222222,-4.184411978656892,
ISM_S,B6,-1,SB3_X15,50,-0.9368460000000001,-4.195837673255773,1.0
PIL,B3,-1,SB3_X60,58,-0.7676362068965519,-4.203005018922161,1.0
ISM_M,A7,-1,E15,36,-1.0282027777777776,-4.208225261106344,1.0
PPI,B1,1,SB3_TP2R,73,-0.7775123287671231,-4.215134149053365,1.0
PPI,B3,-1,SB1_TP2R,45,-0.8504555555555555,-4.227962621161029,1.0
PIL,B2,1,SB1_TP1R,77,-0.5014883116883118,-4.23071149946086,1.0
VERBALI,A4,1,E1,69,-0.7763811594202898,-4.232556334698096,1.0
ADP,B1,-1,SB2_X60,98,-1.0168153061224485,-4.237686791945749,1.0
PIL,B6,1,SB1_X15,46,-0.628354347826087,-4.23863790025523,1.0
ADP,B3,1,SB2_TP1R,80,-0.7313312500000001,-4.238662383351823,1.0
VERBALI,B1,-1,SB1_X5,69,-0.7492318840579713,-4.240256135488668,1.0
FIDUCIA,B2,1,SB1_X15,103,-0.6452796116504855,-4.243422255781024,1.0
RETAIL,B6,-1,SB2_X15,44,-1.412968181818182,-4.245723813506827,1.0
ISM_M,A5,-1,E15,105,-0.9037847619047619,-4.24641341152168,1.0
PIL,B2,1,SB1_X60,77,-0.606516883116883,-4.246641366408136,1.0
RETAIL,B5,-1,SB2_TP2R,49,-0.7889285714285716,-4.247457594977992,1.0
RETAIL,B3,-1,SB3_X60,64,-0.8902921875000002,-4.257380385543828,1.0
PIL,A8,-1,E1,88,-0.6703886363636364,-4.259511232654571,1.0
ADP,B6,1,SB3_X5,41,-0.6075829268292683,-4.263403597223361,1.0
ADP,B2,1,SB2_X60,97,-0.9950072164948454,-4.272061806425201,1.0
ISM_S,B2,1,SB3_X60,101,-0.9079683168316831,-4.272543757855784,1.0
RETAIL,B3,1,SB3_TP1R,64,-0.6675546874999999,-4.281299001808456,1.0
FOMC,B6,1,SB3_X5,33,-0.8714575757575761,-4.282469860300879,1.0
PIL,B4,-1,SB2_X60,19,-1.7295894736842106,-4.282495506764877,
ADP,A5,-1,E5,97,-0.7541556701030926,-4.286571846942123,1.0
MICHIGAN,B5,1,SB1_TP1R,41,-0.653158536585366,-4.289667564595633,1.0
PIL,B5,-1,SB2_X5,44,-0.6789454545454546,-4.294417753893952,1.0
ISM_S,B4,1,SB2_X5,26,-1.4993000000000003,-4.294556970076882,
PIL,B4,1,SB1_TP2R,19,-0.8057263157894737,-4.2961711541707155,
ISM_S,A4,1,E5,103,-0.8575514563106803,-4.298200852028439,1.0
ADP,B4,-1,SB1_TP2R,17,-1.182570588235294,-4.2995564389488825,
PIL,B4,-1,SB3_X60,19,-1.0076789473684211,-4.301871794419896,
ADP,B2,1,SB1_X5,97,-0.43664020618556704,-4.302102899379719,1.0
ISM_S,A9,-1,E5,103,-0.8494495145631067,-4.303325552319092,1.0
RETAIL,B6,1,SB2_TP1R,44,-1.316381818181818,-4.306527256084757,1.0
ISM_M,B2,1,SB1_TP1R,105,-0.4594314285714285,-4.309103460259408,1.0
RETAIL,B2,1,SB1_X15,82,-0.506119512195122,-4.313013501883549,1.0
ADP,B6,1,SB1_X5,41,-0.5576219512195123,-4.315195324088376,1.0
MICHIGAN,A7,-1,E1,15,-1.0131133333333333,-4.3162945430681745,
FOMC,B1,1,SB3_X60,72,-1.059641666666667,-4.317712567471919,1.0
RETAIL,A6,1,E1,93,-0.8020774193548387,-4.323870796399268,1.0
ISM_S,B3,1,SB3_TP2R,75,-0.7738813333333334,-4.329740128342905,1.0
RETAIL,B6,1,SB1_TP2R,44,-0.7059431818181816,-4.330553880945878,1.0
ISM_S,B6,1,SB3_TP1R,50,-0.7126479999999998,-4.331574387184297,1.0
RETAIL,A1,1,E1,93,-0.802483870967742,-4.33900517531454,1.0
FIDUCIA,B2,1,SB1_TP2R,103,-0.5648485436893206,-4.34047646081588,1.0
MICHIGAN,B4,-1,SB1_TP1R,26,-0.9283769230769232,-4.347717875119017,
ISM_M,B5,1,SB2_TP1R,60,-0.6173666666666667,-4.351439746004142,1.0
RETAIL,A7,-1,E1,29,-1.0582482758620688,-4.356049105786906,
PIL,B4,1,SB1_X5,19,-0.6217315789473685,-4.359376462674971,
ADP,A2,-1,E5,98,-0.7284295918367347,-4.361324659130003,1.0
RETAIL,B6,1,SB2_X15,44,-1.3864295454545457,-4.361922275420509,1.0
ISM_S,B4,-1,SB1_TP2R,26,-1.0787192307692308,-4.3696698404129295,
ISM_M,A7,-1,E1,36,-1.0251194444444447,-4.370655543295988,1.0
RETAIL,B6,1,SB3_X5,44,-0.6358590909090908,-4.376537285690397,1.0
RETAIL,B6,1,SB2_TP2R,44,-1.3743181818181818,-4.37664777398228,1.0
PIL,B3,-1,SB2_X60,58,-0.821994827586207,-4.381419236682205,1.0
RETAIL,B4,-1,SB2_X15,18,-2.258438888888888,-4.385458279496238,
PIL,B6,1,SB3_TP2R,46,-0.7370260869565215,-4.389713071556694,1.0
FOMC,B5,1,SB3_X15,39,-1.4180102564102564,-4.400860120541548,1.0
PIL,B4,-1,SB1_TP1R,19,-0.995073684210526,-4.4026655856767665,
ADP,A8,1,E1,96,-0.7078552083333332,-4.405317923045309,1.0
ADP,A9,-1,E1,98,-0.6849836734693876,-4.406470409679934,1.0
PIL,B2,1,SB2_X5,77,-0.8179012987012988,-4.408067218309719,1.0
PIL,B2,-1,SB3_TP2R,77,-0.6917675324675324,-4.408721220319206,1.0
RETAIL,B4,-1,SB3_TP2R,18,-1.2272833333333333,-4.417974116904336,
ADP,B3,1,SB1_X5,80,-0.34499625,-4.4207326692512225,1.0
ISM_S,A5,-1,E15,101,-0.776832673267327,-4.4245944188442925,1.0
ADP,A2,-1,E15,98,-0.7979061224489796,-4.42480701454758,1.0
RETAIL,B6,-1,SB3_X5,44,-0.7009409090909092,-4.425819825882036,1.0
ISM_S,B6,1,SB3_X5,50,-0.7306879999999996,-4.4361554621122306,1.0
ISM_M,B6,1,SB2_X60,47,-1.706557446808511,-4.436856191668772,1.0
ISM_M,A1,-1,E5,107,-0.7917130841121495,-4.437795866759838,1.0
TUTTE,B4,-1,SB1_X60,231,-0.8563095238095239,-4.44000480257743,1.0
PPI,B2,-1,SB3_TP2R,60,-0.8131533333333333,-4.442129563577466,1.0
PPI,B1,-1,SB3_X60,73,-0.8432671232876713,-4.44460223015253,1.0
MICHIGAN,B3,1,SB1_X15,50,-0.5734800000000001,-4.445640880752981,1.0
ISM_M,B3,1,SB2_X60,84,-0.9092357142857146,-4.448451882163932,1.0
RETAIL,B6,-1,SB3_X60,44,-0.8685818181818186,-4.448539767408155,1.0
MICHIGAN,B5,-1,SB1_X60,41,-1.1314926829268295,-4.455261644213696,1.0
ISM_S,B4,-1,SB3_TP1R,26,-0.9665384615384617,-4.4572973432463465,
PIL,B5,1,SB3_TP1R,44,-0.7769522727272729,-4.464359052080967,1.0
RETAIL,B1,1,SB2_TP1R,93,-0.7883634408602151,-4.466635739133619,1.0
RETAIL,B2,1,SB2_TP1R,82,-0.8454292682926831,-4.467007086758255,1.0
FOMC,A4,-1,E5,72,-1.183383333333333,-4.467378420027059,1.0
RETAIL,A6,-1,E5,93,-0.7915247311827959,-4.469031322996294,1.0
ADP,B1,1,SB1_X60,98,-0.5377765306122448,-4.484523803870529,1.0
PIL,B2,1,SB3_TP2R,77,-0.6825129870129869,-4.48578961046292,1.0
RETAIL,B2,1,SB1_X5,82,-0.4053670731707316,-4.486380211688979,1.0
ISM_S,B4,-1,SB1_TP1R,26,-0.9735499999999999,-4.489723590429216,
ISM_S,A2,1,E5,103,-0.7800883495145631,-4.493532253111465,1.0
RETAIL,B6,-1,SB1_TP2R,44,-0.8654818181818182,-4.496919429345073,1.0
ISM_S,B2,1,SB1_TP1R,101,-0.5810514851485149,-4.500366747400376,1.0
MICHIGAN,B5,-1,SB1_TP1R,41,-0.7952634146341464,-4.501332415791667,1.0
ADP,B3,1,SB3_TP1R,80,-0.6450912499999999,-4.503887425621472,1.0
PIL,B5,-1,SB1_X15,44,-0.8490954545454545,-4.507276642534821,1.0
FOMC,A6,-1,E15,70,-1.2829771428571421,-4.507414448135476,1.0
ADP,A7,1,E1,31,-0.864225806451613,-4.509486003420717,1.0
PIL,B3,1,SB3_TP1R,58,-0.674108620689655,-4.510955020675188,1.0
ISM_S,B5,1,SB3_TP2R,53,-0.9859000000000002,-4.514896826012668,1.0
PPI,B3,-1,SB3_X15,45,-0.8400733333333333,-4.519412455082138,1.0
PIL,A2,-1,E15,90,-0.8911522222222223,-4.520053753784895,1.0
FOMC,A3,-1,E1,72,-1.005698611111111,-4.52039036569499,1.0
ISM_S,A6,-1,E5,103,-0.8977029126213593,-4.526566211865767,1.0
VERBALI,A4,-1,E15,69,-0.9296449275362321,-4.534101633182201,1.0
PPI,B5,1,SB1_X5,38,-0.5236605263157895,-4.535947934897476,1.0
CLAIMS,B4,-1,SB1_X60,58,-0.9919086206896556,-4.538315576635164,1.0
FOMC,B6,1,SB3_X15,33,-0.9765757575757574,-4.567206493247891,1.0
ADP,A3,-1,E15,98,-0.8178826530612247,-4.571702491313912,1.0
RETAIL,B5,-1,SB1_X15,49,-0.8018734693877552,-4.575584578145658,1.0
VERBALI,B5,-1,SB3_TP2R,40,-1.0622075,-4.5789601577315775,1.0
RETAIL,B1,1,SB2_X15,93,-0.8408354838709681,-4.58190867534174,1.0
RETAIL,B3,-1,SB1_TP2R,64,-0.7576281249999998,-4.584375562647341,1.0
ISM_M,A8,1,E15,105,-1.0311342857142858,-4.596584675046224,1.0
ADP,A4,-1,E1,98,-0.7325408163265305,-4.600195268721895,1.0
ISM_M,B2,1,SB1_X60,105,-0.637897142857143,-4.601949369931212,1.0
FIDUCIA,B5,1,SB1_X15,54,-0.4937944444444444,-4.602129915549832,1.0
ADP,B4,1,SB2_TP1R,17,-1.3465058823529414,-4.604712495152262,
RETAIL,B1,-1,SB1_X60,93,-0.8229602150537638,-4.6114123594698535,1.0
ADP,A2,-1,E1,98,-0.7287,-4.615565115873464,1.0
ISM_M,A2,-1,E5,107,-0.8582149532710283,-4.627228303005346,1.0
ADP,B4,1,SB1_X5,17,-0.7661235294117648,-4.627439335747538,
PIL,A7,-1,E5,35,-0.8509714285714284,-4.630542179617667,1.0
RETAIL,B5,-1,SB3_X60,49,-1.109961224489796,-4.632112314815599,1.0
PPI,A7,1,E15,28,-1.1369428571428573,-4.637563757091121,
ADP,B4,-1,SB2_TP1R,17,-1.3261117647058824,-4.6377857847784485,
ADP,A8,-1,E15,96,-1.0052427083333333,-4.637841430647233,1.0
PIL,B6,-1,SB3_X5,46,-0.6076673913043479,-4.6412958113427205,1.0
PIL,A3,-1,E15,90,-0.9036466666666668,-4.646055467663118,1.0
ISM_S,B5,1,SB2_X15,53,-0.7903830188679245,-4.651610915066528,1.0
ADP,B6,-1,SB3_TP1R,41,-0.8105804878048781,-4.666317546732613,1.0
VERBALI,A6,1,E15,66,-0.9754439393939394,-4.666397377164335,1.0
RETAIL,B3,-1,SB2_X15,64,-0.8461031250000003,-4.672412737219569,1.0
ADP,A1,1,E5,98,-0.79465306122449,-4.688305459376866,1.0
ISM_M,B2,1,SB1_TP2R,105,-0.5723295238095237,-4.6930139881518995,1.0
ISM_M,B5,-1,SB3_X60,60,-1.05831,-4.696018058639176,1.0
ADP,B5,1,SB2_TP2R,57,-0.8251333333333333,-4.699777319527351,1.0
VERBALI,A9,1,E1,69,-0.8288434782608696,-4.702041391076324,1.0
PIL,A9,-1,E1,90,-0.726011111111111,-4.707311852271539,1.0
PIL,A4,-1,E15,90,-0.8944944444444447,-4.7095934336814445,1.0
ISM_S,B6,-1,SB1_X15,50,-1.021808,-4.711062142552581,1.0
FOMC,A8,-1,E5,71,-1.2615352112676057,-4.711862219051809,1.0
PPI,B5,-1,SB1_X15,38,-0.8927026315789476,-4.71213988336466,1.0
ISM_S,B3,1,SB1_X5,75,-0.3686493333333332,-4.71215333757336,1.0
ADP,B5,1,SB3_TP1R,57,-0.8081859649122806,-4.712656466759498,1.0
RETAIL,B6,-1,SB1_X15,44,-0.8673840909090909,-4.714011323152711,1.0
ISM_M,B3,1,SB3_X60,84,-0.9159107142857146,-4.717953175048731,1.0
ADP,A6,1,E5,98,-0.8486755102040814,-4.722408706329946,1.0
MICHIGAN,B3,1,SB1_X5,50,-0.5159100000000002,-4.7226852231484475,1.0
PPI,B2,-1,SB3_TP1R,60,-0.7280066666666668,-4.725421822060821,1.0
RETAIL,B2,-1,SB3_X60,82,-0.8958756097560977,-4.732797089367459,1.0
VERBALI,B5,-1,SB3_X60,40,-1.1751725,-4.743179703767335,1.0
VERBALI,A1,1,E1,69,-0.8650115942028987,-4.758672206404739,1.0
CLAIMS,B5,-1,SB1_X60,145,-0.7634337931034486,-4.759612122335336,1.0
RETAIL,B6,1,SB2_X5,44,-1.3764318181818183,-4.760797775997403,1.0
VERBALI,A8,-1,E1,68,-0.8571897058823532,-4.770196279243415,1.0
ISM_S,B5,1,SB2_X5,53,-0.6891320754716981,-4.777393229461502,1.0
VERBALI,B1,-1,SB3_X60,69,-0.9459927536231881,-4.792782396808433,1.0
ADP,B3,1,SB2_X15,80,-0.8633987499999998,-4.794542829847865,1.0
FIDUCIA,B1,1,SB1_TP2R,103,-0.5675271844660192,-4.80396235742832,1.0
ADP,B6,1,SB2_TP1R,41,-1.2776634146341468,-4.806581503530083,1.0
ADP,B2,1,SB3_TP1R,97,-0.6178505154639176,-4.806803126810493,1.0
ADP,B2,1,SB2_X15,97,-0.8730690721649482,-4.808001840986859,1.0
RETAIL,B6,-1,SB2_TP2R,44,-1.4573000000000003,-4.812937688473957,1.0
ISM_M,B5,1,SB3_X5,60,-0.8831066666666666,-4.813844630152463,1.0
FOMC,B1,-1,SB2_X60,72,-1.361241666666666,-4.821508199544946,1.0
PIL,B6,-1,SB1_TP2R,46,-0.9668956521739129,-4.82622212863587,1.0
ADP,A3,1,E5,98,-0.8727132653061227,-4.82667739770014,1.0
MICHIGAN,B1,1,SB1_TP2R,76,-0.6673486842105266,-4.829298040880614,1.0
PIL,B6,1,SB3_TP1R,46,-0.7295478260869565,-4.8334511322922005,1.0
ISM_M,B4,-1,SB2_X15,21,-1.6275476190476188,-4.836611309979809,
ADP,B4,1,SB1_TP2R,17,-1.040770588235294,-4.8373031382526985,
ADP,B2,1,SB3_X15,97,-0.6998092783505157,-4.8409131100827265,1.0
MICHIGAN,B1,1,SB1_X60,76,-0.7362368421052633,-4.8413816099647855,1.0
MICHIGAN,B5,1,SB1_X5,41,-0.5689243902439025,-4.845154513790011,1.0
PIL,B2,1,SB2_X15,77,-0.8934103896103897,-4.850168910975008,1.0
MICHIGAN,B5,-1,SB2_TP1R,41,-0.9364707317073167,-4.85128701452584,1.0
FIDUCIA,B3,1,SB1_X5,72,-0.4521569444444445,-4.85314026833861,1.0
RETAIL,B2,1,SB3_X15,82,-0.74485,-4.853721577573233,1.0
PIL,B5,-1,SB1_X5,44,-0.7966136363636362,-4.863407228178287,1.0
FIDUCIA,B1,1,SB1_X60,103,-0.6636834951456307,-4.864715916430658,1.0
PIL,B2,-1,SB2_TP2R,77,-0.9043064935064934,-4.872529385163894,1.0
ISM_M,B3,1,SB3_TP2R,84,-0.7498833333333335,-4.8770505509111075,1.0
ADP,A5,-1,E1,97,-0.8053731958762885,-4.881322676508531,1.0
PIL,B6,-1,SB1_X15,46,-0.9785913043478263,-4.8821539114387065,1.0
ISM_M,A6,-1,E15,107,-0.8612355140186917,-4.888055645882456,1.0
PPI,B4,-1,SB2_X60,15,-1.6082600000000002,-4.889946419092409,
FOMC,B1,-1,SB1_TP2R,72,-0.8832736111111107,-4.896283801785967,1.0
ADP,B6,-1,SB3_X60,41,-0.9828146341463412,-4.896942579172603,1.0
PIL,B3,-1,SB2_X15,58,-0.7927275862068967,-4.8994871217490665,1.0
RETAIL,B5,1,SB3_X5,49,-0.9014102040816326,-4.900528955123049,1.0
PIL,B5,-1,SB3_X60,44,-0.9984863636363636,-4.904953049330143,1.0
ADP,B5,-1,SB2_X5,57,-0.7398315789473685,-4.910873664231886,1.0
PPI,B2,-1,SB1_TP2R,60,-0.8273383333333334,-4.918181665279104,1.0
PIL,B3,1,SB2_TP2R,58,-0.8416051724137932,-4.9233276751243995,1.0
RETAIL,A9,-1,E5,93,-0.9477462365591396,-4.9236243944524825,1.0
FOMC,A9,1,E1,72,-1.2144944444444443,-4.931033969504877,1.0
PPI,B3,-1,SB2_X60,45,-1.3397155555555558,-4.938468268503863,1.0
RETAIL,B2,-1,SB2_X15,82,-1.039309756097561,-4.949225593802653,1.0
FOMC,A2,-1,E5,72,-1.212618055555556,-4.9495261707857905,1.0
ISM_S,A5,-1,E1,101,-0.7840930693069308,-4.9512626718535575,1.0
ISM_M,A8,1,E5,105,-0.9991542857142856,-4.9536110849146215,1.0
ISM_M,B4,1,SB2_X5,21,-1.5877761904761905,-4.959106745260801,
ADP,B6,-1,SB3_X5,41,-0.7827682926829266,-4.960630452430394,1.0
RETAIL,A2,1,E1,93,-0.7968806451612901,-4.969781158610631,1.0
RETAIL,A4,1,E1,93,-0.8957892473118279,-4.971365723354182,1.0
PPI,B1,1,SB1_TP1R,73,-0.5998835616438355,-4.97400606567425,1.0
FOMC,A2,1,E15,72,-1.295426388888889,-4.9763144582326895,1.0
FOMC,B1,-1,SB2_TP1R,72,-1.2440027777777773,-4.979283435024594,1.0
PPI,A7,1,E1,28,-1.0513750000000002,-4.994707858017056,
FIDUCIA,B4,1,SB1_X5,31,-0.7013354838709678,-4.9978677094770765,1.0
FOMC,B5,-1,SB3_TP1R,39,-1.442589743589744,-5.001433911089019,1.0
FOMC,B1,-1,SB3_TP1R,72,-1.0132874999999992,-5.01040991084467,1.0
PPI,B5,1,SB2_X5,38,-0.8914894736842103,-5.013429797763916,1.0
ISM_M,A5,1,E1,105,-0.8022323809523813,-5.013702981205221,1.0
ISM_S,B6,1,SB1_X5,50,-0.5783640000000001,-5.014176944263983,1.0
ADP,A1,-1,E15,98,-0.9883479591836738,-5.020869669696595,1.0
PIL,A3,1,E5,90,-0.8400444444444447,-5.022512080028809,1.0
PIL,B4,1,SB3_X5,19,-0.9843315789473683,-5.028826389509349,
ADP,B2,1,SB3_TP2R,97,-0.7382144329896907,-5.037410975559822,1.0
ADP,B5,1,SB3_X15,57,-0.9501561403508769,-5.0385131730699175,1.0
ADP,B2,-1,SB3_X60,97,-0.9954814432989693,-5.038800613634122,1.0
FOMC,A1,1,E5,72,-1.149011111111111,-5.039251144073217,1.0
ADP,B5,-1,SB1_X5,57,-0.8203245614035088,-5.043333285537878,1.0
VERBALI,B6,-1,SB1_TP1R,29,-0.9885068965517244,-5.047930820323304,
ISM_M,B2,1,SB3_X60,105,-0.8845571428571427,-5.049310334708546,1.0
RETAIL,A2,-1,E1,93,-0.891004301075269,-5.0496963626996045,1.0
ISM_M,B6,1,SB2_TP2R,47,-1.6972446808510635,-5.054272541538369,1.0
RETAIL,B5,-1,SB1_TP1R,49,-0.758389795918367,-5.05673380363131,1.0
PPI,B4,-1,SB2_X5,15,-1.5298666666666667,-5.057990809057304,
ADP,A6,-1,E15,98,-0.893383673469388,-5.061109207761354,1.0
ISM_M,B4,1,SB2_X15,21,-1.6101714285714284,-5.063510229642335,
VERBALI,B1,1,SB3_TP1R,69,-0.7814420289855071,-5.064163298600037,1.0
MICHIGAN,B6,-1,SB1_X15,35,-1.1530257142857145,-5.0673377566533615,1.0
ADP,B3,-1,SB1_X60,80,-0.9497287499999996,-5.068764045340685,1.0
PPI,B1,-1,SB3_TP2R,73,-0.8354452054794519,-5.068905332249333,1.0
PPI,B6,1,SB3_X5,35,-0.8050971428571428,-5.069163309333123,1.0
RETAIL,B6,1,SB1_X5,44,-0.5915500000000001,-5.069683050683132,1.0
VERBALI,B5,1,SB3_TP1R,40,-1.0372225000000002,-5.073455742363389,1.0
RETAIL,A4,-1,E1,93,-0.7920956989247312,-5.074458939410649,1.0
ADP,B6,-1,SB1_X15,41,-1.0519634146341466,-5.078261508947018,1.0
PIL,B6,1,SB1_TP2R,46,-0.7517478260869567,-5.0801487585736025,1.0
RETAIL,B2,1,SB2_X5,82,-0.8969926829268292,-5.082586253853068,1.0
ISM_M,B1,1,SB2_X60,107,-1.1312560747663554,-5.083822896077364,1.0
ISM_M,A3,-1,E1,107,-0.8527065420560751,-5.084030099236523,1.0
FOMC,A4,-1,E1,72,-1.2261388888888887,-5.08676120401855,1.0
PPI,B4,1,SB3_X15,15,-1.1837066666666667,-5.087449777186486,
MICHIGAN,B4,1,SB1_TP1R,26,-0.9072615384615383,-5.088914029269742,
ISM_M,B6,1,SB2_X5,47,-1.698838297872341,-5.093415624620654,1.0
RETAIL,B2,1,SB3_X5,82,-0.6955024390243904,-5.099466308313046,1.0
ADP,B5,-1,SB2_TP2R,57,-0.8584684210526318,-5.099745754037946,1.0
FOMC,A8,-1,E1,71,-1.3121957746478872,-5.102895910529258,1.0
PPI,B5,-1,SB1_X5,38,-0.8264763157894738,-5.103090082287488,1.0
FOMC,B1,1,SB3_TP2R,72,-1.0932833333333338,-5.108859280447024,1.0
MICHIGAN,B2,1,SB1_TP1R,76,-0.6311263157894738,-5.1107971031700385,1.0
FOMC,A6,1,E15,70,-1.2540971428571428,-5.112860318893118,1.0
ISM_S,A7,1,E1,35,-1.011874285714286,-5.11432470043665,1.0
PPI,B6,1,SB3_X15,35,-0.8802828571428571,-5.1159240280845895,1.0
ISM_M,A4,-1,E1,107,-0.8556327102803741,-5.116037160730425,1.0
RETAIL,B5,1,SB3_TP1R,49,-0.9302897959183672,-5.1160462310918335,1.0
RETAIL,B6,-1,SB2_X60,44,-1.5284431818181823,-5.116445965453997,1.0
ADP,B4,-1,SB1_TP1R,17,-1.173964705882353,-5.123415689258032,
VERBALI,A9,-1,E5,69,-0.9304913043478259,-5.12630368001155,1.0
PPI,B5,-1,SB3_TP2R,38,-1.0904842105263157,-5.131842099512028,1.0
FOMC,B1,-1,SB2_X15,72,-1.308459722222222,-5.134804623926319,1.0
ADP,B4,1,SB1_X15,17,-0.9204235294117646,-5.136038088665645,
VERBALI,A8,1,E1,68,-0.8218926470588233,-5.143729024543172,1.0
ISM_M,A2,-1,E15,107,-0.9747299065420563,-5.150689061561663,1.0
CLAIMS,B4,-1,SB1_X15,58,-0.8960534482758624,-5.154637065296783,1.0
PIL,A4,1,E5,90,-0.832497777777778,-5.15464542942924,1.0
FIDUCIA,B3,1,SB1_X15,72,-0.530125,-5.155337059548877,1.0
RETAIL,B5,-1,SB2_X15,49,-0.795214285714286,-5.162999357931048,1.0
ADP,B4,-1,SB1_X15,17,-1.2458882352941179,-5.164004319785763,
MICHIGAN,B5,1,SB1_TP2R,41,-0.8138585365853661,-5.164230770673362,1.0
RETAIL,B1,1,SB3_X15,93,-0.7214032258064517,-5.166557887580882,1.0
RETAIL,B3,-1,SB2_TP2R,64,-0.8840734375000003,-5.173522095143362,1.0
FOMC,B5,1,SB3_X5,39,-1.4950384615384613,-5.1740831516911125,1.0
FOMC,B5,-1,SB2_TP1R,39,-0.9635307692307694,-5.184196433922136,1.0
RETAIL,B2,-1,SB1_TP2R,82,-0.7368317073170733,-5.185863131724899,1.0
ISM_M,B4,1,SB2_TP1R,21,-1.6091761904761899,-5.1877823288491,
ISM_S,B2,1,SB1_X5,101,-0.4824217821782179,-5.190113958463589,1.0
FOMC,B1,-1,SB2_X5,72,-1.263958333333333,-5.1929235687658295,1.0
FOMC,B1,-1,SB2_TP2R,72,-1.3215986111111109,-5.197893526444577,1.0
ADP,B3,1,SB3_TP2R,80,-0.8215725000000003,-5.199113485997812,1.0
PPI,B5,1,SB1_X15,38,-0.6302078947368419,-5.209501931781516,1.0
CLAIMS,B6,1,SB1_TP1R,139,-0.5091669064748201,-5.211003823672047,1.0
RETAIL,B6,1,SB1_X15,44,-0.723081818181818,-5.216766506099369,1.0
PPI,B6,1,SB1_TP1R,35,-0.8490285714285712,-5.224316452178893,1.0
ISM_M,B4,1,SB3_TP2R,21,-1.2396619047619049,-5.225609053696631,
RETAIL,B3,-1,SB1_X15,64,-0.7916015624999999,-5.229112198310204,1.0
FIDUCIA,B5,1,SB2_TP2R,54,-0.9044722222222222,-5.22965616937041,1.0
VERBALI,B1,-1,SB3_X5,69,-0.9217869565217394,-5.233680798070151,1.0
RETAIL,B2,1,SB2_X15,82,-0.9708829268292684,-5.235080211862577,1.0
ISM_S,B1,1,SB3_TP2R,103,-0.7953932038834953,-5.2353409919857725,1.0
MICHIGAN,B6,1,SB1_X5,35,-0.6507942857142858,-5.237490035192163,1.0
ISM_M,B5,-1,SB2_TP1R,60,-0.7318516666666665,-5.245250563263916,1.0
FOMC,A1,-1,E15,72,-1.4083361111111108,-5.2477439101808585,1.0
ADP,B3,1,SB2_TP2R,80,-0.9454724999999998,-5.2480399638339605,1.0
ISM_M,B6,-1,SB3_TP2R,47,-0.934010638297872,-5.250329739138514,1.0
CLAIMS,B6,1,SB1_TP2R,139,-0.5970187050359711,-5.257068862130904,1.0
FOMC,A6,-1,E1,70,-1.3505571428571426,-5.269701309256731,1.0
FOMC,A6,-1,E5,70,-1.3763585714285713,-5.271412454311285,1.0
ISM_S,B4,1,SB2_X15,26,-1.617515384615385,-5.277605209164596,
PIL,B4,1,SB2_X60,19,-1.9326894736842108,-5.279673718066006,
ISM_M,B2,1,SB2_X60,105,-1.0036600000000002,-5.282260240664034,1.0
PIL,B3,-1,SB2_TP1R,58,-0.7922896551724137,-5.2990727225579235,1.0
PIL,B1,-1,SB2_TP2R,90,-0.9037144444444447,-5.300262026247427,1.0
PPI,B1,-1,SB3_TP1R,73,-0.7364232876712328,-5.302109682228618,1.0
FOMC,B5,-1,SB1_TP1R,39,-0.9213794871794871,-5.304479024447404,1.0
FOMC,B5,-1,SB2_X5,39,-0.9064384615384617,-5.306070777884965,1.0
ISM_M,B3,1,SB2_X5,84,-0.7724238095238098,-5.313424461356125,1.0
ISM_S,A8,1,E5,102,-1.009684313725491,-5.3148870800744525,1.0
ISM_S,B2,1,SB3_X15,101,-0.8864128712871286,-5.31965772635186,1.0
ISM_M,B3,1,SB3_TP1R,84,-0.6760333333333334,-5.326670217438909,1.0
ADP,B4,1,SB3_X5,17,-0.966541176470588,-5.3275501409663395,
PIL,B5,-1,SB1_TP2R,44,-0.9037181818181819,-5.33581096812247,1.0
ISM_S,A1,-1,E1,103,-0.8515252427184465,-5.337243690817269,1.0
FOMC,A2,-1,E1,72,-1.2145208333333335,-5.339046041564363,1.0
ADP,B5,-1,SB3_X5,57,-0.9418947368421055,-5.340563294078419,1.0
ISM_M,A7,-1,E5,36,-1.122958333333333,-5.342451428496759,1.0
MICHIGAN,B1,1,SB1_TP1R,76,-0.6239026315789475,-5.346270980269047,1.0
PIL,B1,1,SB3_TP2R,90,-0.7294222222222222,-5.351097364692236,1.0
RETAIL,A5,1,E15,82,-0.9589731707317077,-5.353181041122624,1.0
PIL,A1,1,E1,90,-0.7803055555555558,-5.353975094999233,1.0
FOMC,B5,-1,SB1_TP2R,39,-0.9827846153846155,-5.358944807646636,1.0
ISM_M,A9,1,E1,107,-0.8300785046728976,-5.360616692899849,1.0
ISM_S,B4,1,SB2_X60,26,-1.7042269230769231,-5.361582068591755,
ADP,B3,1,SB3_X15,80,-0.79594625,-5.363491354459748,1.0
PIL,B6,-1,SB2_TP2R,46,-1.3489260869565214,-5.373215557315677,1.0
RETAIL,B3,-1,SB3_X15,64,-0.8569453125000001,-5.383256704195196,1.0
ISM_M,B4,-1,SB2_TP1R,21,-1.6325619047619044,-5.39333087239148,
RETAIL,B1,1,SB1_X5,93,-0.39640322580645143,-5.396312463387616,1.0
PPI,B2,1,SB1_TP1R,60,-0.7187233333333333,-5.399719939147148,1.0
PIL,A4,-1,E1,90,-0.8455200000000002,-5.402012521995828,1.0
RETAIL,B4,1,SB3_X5,18,-1.237922222222222,-5.405690762831745,
PIL,A2,1,E5,90,-0.8305755555555557,-5.408557538424544,1.0
FOMC,A4,1,E15,72,-1.2999430555555558,-5.410448084875044,1.0
PPI,B6,1,SB1_X5,35,-0.7150085714285715,-5.41081935021591,1.0
RETAIL,B5,-1,SB2_TP1R,49,-0.7993285714285713,-5.419348650953135,1.0
CLAIMS,B4,1,SB1_TP1R,58,-0.6861189655172416,-5.4295389553375495,1.0
ADP,A5,1,E15,97,-0.9984835051546391,-5.429577682646793,1.0
PIL,A2,1,E1,90,-0.7980600000000002,-5.433338575421251,1.0
ISM_M,B1,1,SB3_X60,107,-0.949711214953271,-5.438908679154894,1.0
PIL,B2,1,SB2_TP2R,77,-0.9609948051948052,-5.440127514843296,1.0
ADP,B5,1,SB3_TP2R,57,-0.9973105263157893,-5.441923162377685,1.0
RETAIL,B1,1,SB2_X5,93,-0.8834365591397848,-5.447232020042441,1.0
ADP,B4,1,SB3_X60,17,-1.2159647058823528,-5.447795591473955,
ISM_S,B3,1,SB3_X60,75,-1.0967213333333339,-5.449392407340785,1.0
ISM_M,A5,-1,E5,105,-0.9202638095238096,-5.4510719286025795,1.0
CLAIMS,B5,1,SB1_X60,145,-0.60352,-5.451094148429339,1.0
PIL,B2,1,SB2_X60,77,-1.0828961038961038,-5.451757653003484,1.0
ISM_M,B5,-1,SB2_TP2R,60,-0.8586016666666667,-5.4558196738804785,1.0
ADP,B3,1,SB3_X60,80,-0.86642625,-5.457861642317915,1.0
ISM_S,B4,1,SB2_TP2R,26,-1.5733576923076922,-5.459615556429643,
FOMC,A8,1,E15,71,-1.3015676056338024,-5.45993069942068,1.0
MICHIGAN,B3,-1,SB2_X5,50,-1.2078479999999996,-5.460750905156014,1.0
PIL,A3,1,E1,90,-0.8577111111111111,-5.461512285811651,1.0
MICHIGAN,B1,-1,SB1_X15,76,-0.9968368421052635,-5.462732135326914,1.0
FOMC,B1,-1,SB1_TP1R,72,-0.8752986111111111,-5.464244164998924,1.0
RETAIL,B6,-1,SB2_TP1R,44,-1.521145454545455,-5.467286249622094,1.0
ISM_S,B2,1,SB3_TP2R,101,-0.8189811881188124,-5.474490566014597,1.0
RETAIL,A5,1,E5,82,-0.9300963414634145,-5.475468930379176,1.0
PPI,A7,-1,E15,28,-1.1869785714285714,-5.475751523381424,
VERBALI,A1,-1,E1,69,-0.8381246376811594,-5.479290278677022,1.0
CLAIMS,B4,1,SB1_TP2R,58,-0.7564017241379313,-5.480419325653451,1.0
FOMC,A1,-1,E5,72,-1.4127027777777774,-5.480899152398418,1.0
FOMC,A1,-1,E1,72,-1.3617500000000005,-5.485918554733324,1.0
VERBALI,A9,-1,E1,69,-0.8742927536231883,-5.490360967518534,1.0
RETAIL,B6,-1,SB3_TP1R,44,-0.8764499999999998,-5.492478270412588,1.0
ADP,B2,1,SB2_TP1R,97,-0.8355711340206183,-5.4946635149110445,1.0
RETAIL,B2,-1,SB2_TP2R,82,-1.0811585365853655,-5.498948573854065,1.0
PIL,B6,1,SB1_X5,46,-0.587008695652174,-5.499245209412889,1.0
RETAIL,B5,-1,SB3_X5,49,-0.9942775510204082,-5.501742419287366,1.0
PIL,B5,-1,SB3_X15,44,-0.9875409090909092,-5.508229817589956,1.0
PPI,B5,1,SB3_X5,38,-1.1058394736842105,-5.515963041904752,1.0
PIL,A4,1,E15,90,-0.909167777777778,-5.517425223180541,1.0
ISM_S,B1,1,SB1_X5,103,-0.41134854368932056,-5.518533565155104,1.0
ADP,B5,1,SB2_X60,57,-0.8937456140350877,-5.523769156605332,1.0
ADP,A3,-1,E5,98,-0.8762959183673472,-5.527415538544419,1.0
ADP,B4,1,SB3_TP1R,17,-1.1454176470588233,-5.527459704715276,
ISM_M,B3,1,SB2_TP2R,84,-0.8328988095238097,-5.527736892064905,1.0
PIL,A6,-1,E5,84,-0.9679166666666665,-5.5372043253047565,1.0
PIL,A6,1,E1,84,-0.780847619047619,-5.537997145695379,1.0
ISM_S,A9,-1,E1,103,-0.9566310679611649,-5.539290526425065,1.0
ISM_M,B4,-1,SB1_TP2R,21,-1.214604761904762,-5.543459185071572,
PPI,B5,-1,SB3_X15,38,-1.1002605263157894,-5.5463852602262005,1.0
FIDUCIA,B3,1,SB3_X60,72,-1.1875416666666663,-5.555152843687909,1.0
RETAIL,B1,-1,SB2_X60,93,-1.1248720430107522,-5.5551915758776005,1.0
RETAIL,B1,-1,SB1_TP2R,93,-0.7649935483870971,-5.5602778109613435,1.0
RETAIL,A3,1,E5,93,-1.0082118279569892,-5.563799308637235,1.0
ISM_S,A8,-1,E15,102,-1.0435862745098032,-5.564981754147324,1.0
FOMC,A2,1,E5,72,-1.349095833333333,-5.565479024078355,1.0
RETAIL,B4,-1,SB3_TP1R,18,-1.305311111111111,-5.570471269259591,
FOMC,B1,-1,SB1_X60,72,-1.071669444444444,-5.572622442120113,1.0
ISM_S,B1,1,SB2_X60,103,-1.237483495145631,-5.572708654384852,1.0
FIDUCIA,B4,-1,SB1_TP2R,31,-1.140064516129032,-5.573489119344023,1.0
VERBALI,B1,-1,SB1_TP1R,69,-0.7713927536231884,-5.573906670328116,1.0
ISM_S,A6,1,E15,103,-1.0594242718446603,-5.580090310011146,1.0
PPI,B5,-1,SB3_X5,38,-1.0592421052631578,-5.583972235216702,1.0
ISM_S,B3,1,SB3_X15,75,-0.9633120000000003,-5.586211836937237,1.0
FOMC,B1,1,SB3_TP1R,72,-1.093923611111111,-5.587894254860912,1.0
ISM_M,A2,1,E1,107,-0.8198766355140189,-5.588374928092235,1.0
MICHIGAN,B2,1,SB1_X5,76,-0.6257828947368421,-5.590801984436613,1.0
PPI,B4,-1,SB2_TP1R,15,-1.56648,-5.591664209201401,
ADP,B1,1,SB2_TP1R,98,-0.8454632653061225,-5.5947034504234825,1.0
ISM_M,B5,1,SB3_X60,60,-1.173091666666667,-5.5957234850903355,1.0
ISM_M,B6,1,SB2_TP1R,47,-1.7705,-5.599601062941647,1.0
PPI,B6,1,SB1_X15,35,-0.8426828571428573,-5.599777917412944,1.0
ADP,A1,-1,E5,98,-0.9543561224489797,-5.6075038396333525,1.0
ADP,B6,1,SB2_TP2R,41,-1.46389756097561,-5.610932898314327,1.0
PPI,B2,-1,SB1_X60,60,-0.9385916666666667,-5.612649155745884,1.0
VERBALI,B1,-1,SB3_TP2R,69,-0.9478159420289854,-5.6137613729021805,1.0
ADP,A3,1,E1,98,-0.9344367346938773,-5.6299225352815565,1.0
PIL,B3,-1,SB3_TP1R,58,-0.8070775862068968,-5.630960573160287,1.0
ADP,B5,1,SB3_X60,57,-1.0374666666666665,-5.631291325168035,1.0
ADP,A6,-1,E5,98,-0.900333673469388,-5.636351845082606,1.0
RETAIL,B3,-1,SB3_TP2R,64,-0.9492015625000003,-5.641414596766879,1.0
PPI,B3,-1,SB2_TP1R,45,-1.2227777777777777,-5.647015125835673,1.0
PIL,A3,1,E15,90,-0.9000155555555559,-5.6474038254103505,1.0
ISM_S,A6,-1,E15,103,-1.004017475728155,-5.660426969118352,1.0
PIL,B6,1,SB3_X5,46,-0.7077739130434783,-5.66071630630373,1.0
PIL,B1,-1,SB3_X60,90,-0.79484,-5.673755815776747,1.0
RETAIL,B6,-1,SB2_X5,44,-1.5501772727272731,-5.680184059506419,1.0
MICHIGAN,B4,-1,SB2_X5,26,-2.079530769230769,-5.68233908496285,
MICHIGAN,B5,1,SB1_X15,41,-0.7348048780487806,-5.687327379925156,1.0
ADP,B6,-1,SB2_X5,41,-1.4924146341463416,-5.68931456557856,1.0
RETAIL,A8,-1,E1,91,-0.8622978021978022,-5.689774536875332,1.0
ISM_M,B6,-1,SB3_TP1R,47,-0.9124531914893618,-5.692770003666946,1.0
RETAIL,B5,-1,SB3_TP2R,49,-1.107022448979592,-5.710310256796179,1.0
MICHIGAN,B4,1,SB1_X60,26,-1.0903538461538462,-5.713181310167893,
CLAIMS,B4,-1,SB1_TP1R,58,-0.8034086206896555,-5.71353212570279,1.0
PPI,B5,-1,SB2_TP2R,38,-1.0824000000000005,-5.720346892361893,1.0
ADP,B1,1,SB3_TP1R,98,-0.7144836734693881,-5.725643358225624,1.0
ISM_M,A6,-1,E1,107,-0.834883177570094,-5.7312981098549844,1.0
FOMC,A8,1,E5,71,-1.288807042253521,-5.732456667631674,1.0
ADP,B1,-1,SB2_X15,98,-1.0364897959183672,-5.735274376392546,1.0
FIDUCIA,B6,1,SB1_TP1R,49,-0.8076795918367344,-5.736394125583057,1.0
PPI,B2,1,SB3_X5,60,-0.8810683333333332,-5.738449590154175,1.0
RETAIL,B4,-1,SB1_X15,18,-1.2256944444444444,-5.740090805889118,
PIL,B5,-1,SB1_TP1R,44,-0.8529727272727271,-5.740554347073337,1.0
VERBALI,A3,-1,E15,69,-1.06256231884058,-5.74898375479001,1.0
PIL,B6,-1,SB2_X5,46,-1.3066999999999995,-5.749296188884709,1.0
ISM_M,B2,1,SB3_TP2R,105,-0.7853114285714284,-5.752330975271131,1.0
CLAIMS,B5,-1,SB2_X60,145,-0.8380510344827589,-5.756382385847545,1.0
PIL,A8,1,E5,88,-0.9541761363636367,-5.757513220726978,1.0
PPI,B4,-1,SB2_TP2R,15,-1.6551333333333333,-5.761854050904611,
FIDUCIA,B6,-1,SB3_TP2R,49,-1.0576387755102044,-5.770417070133564,1.0
MICHIGAN,B6,1,SB3_TP1R,35,-1.1211,-5.770534405895628,1.0
ISM_S,A8,1,E15,102,-1.0447117647058828,-5.773706425897566,1.0
PPI,B5,-1,SB1_TP2R,38,-1.035913157894737,-5.7775676029646075,1.0
PIL,A3,-1,E1,90,-0.8564133333333334,-5.784995421947079,1.0
ADP,B6,1,SB2_X5,41,-1.4042463414634143,-5.785056803819672,1.0
VERBALI,A1,-1,E5,69,-0.9430217391304346,-5.787261567048927,1.0
ADP,A1,1,E1,98,-0.8633183673469389,-5.792000946079954,1.0
FOMC,A6,1,E5,70,-1.2899057142857142,-5.792930452851538,1.0
PIL,A2,-1,E1,90,-0.9160644444444445,-5.80217766475026,1.0
FIDUCIA,B1,1,SB1_TP1R,103,-0.585081553398058,-5.802991574916004,1.0
ISM_M,B6,-1,SB3_X60,47,-0.980551063829787,-5.805550461235,1.0
PIL,A1,-1,E5,90,-0.9604311111111108,-5.808335966503599,1.0
PPI,B6,-1,SB1_X60,35,-1.0808857142857147,-5.809787756203228,1.0
FIDUCIA,B5,1,SB2_TP1R,54,-0.8808999999999999,-5.814476632865275,1.0
ADP,B5,-1,SB3_X15,57,-1.0775929824561403,-5.823745249742435,1.0
ADP,B3,-1,SB2_X15,80,-1.056765,-5.825201548945651,1.0
ADP,B1,1,SB1_X5,98,-0.41625408163265293,-5.827874260941493,1.0
PIL,B2,-1,SB2_X15,77,-0.9816896103896103,-5.828282597169773,1.0
FOMC,A9,-1,E15,72,-1.3784833333333335,-5.831624674333854,1.0
PIL,B2,1,SB3_TP1R,77,-0.7356428571428572,-5.844475707084651,1.0
ISM_M,A1,-1,E1,107,-0.8833476635514022,-5.845307173194094,1.0
PIL,A4,1,E1,90,-0.8686044444444444,-5.8457441953197025,1.0
PIL,A2,1,E15,90,-0.9125100000000005,-5.847163546099311,1.0
FOMC,B1,-1,SB3_TP2R,72,-1.190965277777777,-5.852584038872264,1.0
MICHIGAN,B3,-1,SB3_TP2R,50,-1.1254459999999995,-5.854933081191406,1.0
PIL,B6,-1,SB2_TP1R,46,-1.3452173913043475,-5.856278214992724,1.0
ISM_S,A3,1,E1,103,-0.9030825242718443,-5.857101502206465,1.0
FIDUCIA,B2,1,SB3_X60,103,-1.188305825242718,-5.857120274907025,1.0
CLAIMS,B6,1,SB1_X5,139,-0.5070064748201438,-5.864978780425518,1.0
PIL,B3,1,SB2_TP1R,58,-0.8509327586206898,-5.868442153261276,1.0
VERBALI,B5,-1,SB3_TP1R,40,-1.1225425000000002,-5.873404154238242,1.0
FOMC,A1,1,E1,72,-1.2205638888888886,-5.874455397034715,1.0
RETAIL,B2,-1,SB1_X15,82,-0.7651060975609758,-5.87938548506433,1.0
PPI,B6,-1,SB1_TP1R,35,-1.0087885714285714,-5.87951495815464,1.0
PIL,A1,-1,E1,90,-0.9338188888888888,-5.881795244949871,1.0
RETAIL,A1,-1,E1,93,-0.885401075268817,-5.88312983732694,1.0
ADP,A6,1,E1,98,-0.9493755102040812,-5.8859261458448175,1.0
ISM_M,B5,-1,SB3_X5,60,-1.03496,-5.893261912282889,1.0
PPI,B3,-1,SB3_X5,45,-0.926451111111111,-5.895135294782603,1.0
PPI,B5,-1,SB2_X5,38,-0.9365473684210528,-5.898377965262662,1.0
RETAIL,B1,1,SB3_TP1R,93,-0.7629946236559142,-5.901596008959204,1.0
ISM_S,B1,-1,SB1_X60,103,-1.031504854368932,-5.9048913080421155,1.0
RETAIL,A6,-1,E1,93,-0.8858075268817207,-5.912743718970666,1.0
ADP,B5,-1,SB2_X15,57,-0.8925052631578946,-5.916206000011363,1.0
ISM_M,B1,1,SB2_TP2R,107,-1.0838551401869159,-5.916224908047338,1.0
PIL,B6,-1,SB2_X15,46,-1.398473913043478,-5.916267427842981,1.0
PIL,B2,1,SB2_TP1R,77,-0.9441506493506492,-5.920192049212328,1.0
ADP,B1,1,SB3_TP2R,98,-0.8310510204081637,-5.923725090851847,1.0
FIDUCIA,A7,-1,E15,36,-1.1425861111111106,-5.9255074654559055,1.0
ISM_M,B4,-1,SB1_X15,21,-1.2981619047619049,-5.930375518921119,
PPI,A8,-1,E15,72,-1.0277152777777776,-5.934392128390904,1.0
ISM_M,B1,1,SB2_X5,107,-1.0591112149532707,-5.937010433253916,1.0
FOMC,A2,1,E1,72,-1.3677930555555555,-5.940473881493688,1.0
ADP,A2,1,E5,98,-1.020579591836735,-5.943003161053577,1.0
MICHIGAN,B5,-1,SB3_X5,41,-1.313653658536585,-5.943095289111672,1.0
PPI,A7,-1,E5,28,-1.1985249999999998,-5.9464379156603515,
ADP,A6,-1,E1,98,-0.8950142857142857,-5.959458960687139,1.0
ISM_M,B4,1,SB3_TP1R,21,-1.2311523809523812,-5.971075648568899,
ISM_S,A4,1,E1,103,-0.9910922330097087,-5.975902187070609,1.0
PIL,B6,-1,SB1_X60,46,-1.119195652173913,-5.983269788307479,1.0
PIL,B4,-1,SB1_X60,19,-1.1937526315789473,-5.98373492958341,
CLAIMS,B4,-1,SB1_X5,58,-0.8548086206896556,-5.984895490640513,1.0
ISM_S,B6,-1,SB1_X5,50,-0.9647940000000002,-5.985660377968795,1.0
MICHIGAN,B4,1,SB1_TP2R,26,-1.0321615384615384,-5.986297353801915,
ISM_S,B3,1,SB2_TP1R,75,-0.8876293333333336,-5.986395674091635,1.0
FIDUCIA,B6,-1,SB1_TP2R,49,-1.0083040816326532,-5.987595775379892,1.0
RETAIL,B2,1,SB3_TP1R,82,-0.8075500000000003,-5.994437065623941,1.0
ISM_S,B2,1,SB2_X60,101,-1.2997772277227724,-5.997331358618192,1.0
ISM_M,B2,1,SB2_X5,105,-0.8794676190476189,-5.9999481524602345,1.0
MICHIGAN,B5,-1,SB3_TP2R,41,-1.2943536585365851,-6.003301683751512,1.0
PPI,B5,-1,SB1_TP1R,38,-0.9653789473684211,-6.010007541376824,1.0
ADP,B6,1,SB2_X15,41,-1.470829268292683,-6.016678123126661,1.0
VERBALI,A6,1,E1,66,-0.9200242424242423,-6.019974469562303,1.0
MICHIGAN,B3,-1,SB2_TP2R,50,-1.285952,-6.031078485585585,1.0
ISM_M,A1,1,E1,107,-0.9209121495327106,-6.032561063836046,1.0
PPI,B5,1,SB2_TP1R,38,-0.9754499999999999,-6.040318942086193,1.0
MICHIGAN,B3,-1,SB1_X5,50,-1.0348880000000003,-6.045947063709289,1.0
ADP,A1,-1,E1,98,-0.9810714285714284,-6.049737906652857,1.0
PIL,B6,-1,SB2_X60,46,-1.4436173913043475,-6.055898744219438,1.0
FOMC,B1,1,SB3_X15,72,-1.2156861111111115,-6.061466243085025,1.0
PPI,B2,-1,SB3_X5,60,-0.9096733333333333,-6.0644438295406955,1.0
ADP,A4,1,E15,98,-1.078873469387755,-6.0648770731246175,1.0
FIDUCIA,B1,-1,SB1_X15,103,-0.9589815533980584,-6.065114929040814,1.0
RETAIL,B3,-1,SB2_X60,64,-1.0081359375000005,-6.065638108317564,1.0
PPI,B5,-1,SB1_X60,38,-1.1265105263157893,-6.067209050411956,1.0
ISM_S,B5,1,SB2_X60,53,-1.039645283018868,-6.069501546267142,1.0
FOMC,B5,-1,SB3_X5,39,-1.5902282051282055,-6.0711562996087745,1.0
PIL,A6,-1,E15,84,-1.0653416666666666,-6.073326934869843,1.0
RETAIL,B1,-1,SB2_X15,93,-1.087484946236559,-6.074808755243573,1.0
RETAIL,B6,-1,SB1_X5,44,-0.9085931818181817,-6.076232987225119,1.0
RETAIL,B3,-1,SB1_X5,64,-0.7940625000000002,-6.078095271684072,1.0
MICHIGAN,B6,1,SB3_X60,35,-1.3165057142857144,-6.0784855444874495,1.0
PIL,B1,-1,SB2_X15,90,-0.9762088888888889,-6.09090385930278,1.0
PPI,A1,-1,E5,73,-0.9589958904109587,-6.092399318852598,1.0
ADP,B3,-1,SB2_X60,80,-1.1549087499999995,-6.093595348831538,1.0
MICHIGAN,A5,1,E5,76,-1.196255263157895,-6.0954762485084,1.0
MICHIGAN,B4,1,SB1_X5,26,-0.7810846153846153,-6.095869847395985,
PIL,A6,-1,E1,84,-0.9840833333333334,-6.101686879910188,1.0
PPI,B3,1,SB1_X5,45,-0.6766266666666668,-6.1087579775338385,1.0
FOMC,B1,-1,SB1_X15,72,-1.0135694444444436,-6.1105507576673626,1.0
RETAIL,B6,-1,SB1_X60,44,-1.046909090909091,-6.114569871974207,1.0
FIDUCIA,B5,1,SB2_X5,54,-0.9113500000000001,-6.114591656110699,1.0
PPI,B2,-1,SB3_X15,60,-0.9259816666666665,-6.117415129134533,1.0
PIL,B3,-1,SB3_X15,58,-0.8519103448275862,-6.1270376324339475,1.0
ADP,B6,-1,SB1_TP2R,41,-1.1210658536585367,-6.130463084613415,1.0
RETAIL,A9,-1,E1,93,-1.0370494623655915,-6.1305620094217375,1.0
PPI,B3,1,SB3_X5,45,-0.9525266666666667,-6.144126611789954,1.0
FIDUCIA,B2,1,SB1_TP1R,103,-0.6477126213592233,-6.146378784097699,1.0
PIL,B5,-1,SB3_TP1R,44,-0.9691568181818186,-6.148292230216816,1.0
ISM_M,A6,1,E1,107,-0.9693766355140191,-6.150222119120481,1.0
PPI,B1,-1,SB3_X15,73,-0.899716438356164,-6.151206653353604,1.0
PPI,B3,-1,SB1_X60,45,-1.0434733333333333,-6.1569610431255875,1.0
RETAIL,B6,-1,SB1_TP1R,44,-0.9248227272727271,-6.159389155315052,1.0
PIL,B2,-1,SB2_TP1R,77,-0.9849935064935066,-6.1600076116605385,1.0
VERBALI,A4,-1,E1,69,-0.9267550724637683,-6.160309742281194,1.0
ADP,A8,-1,E5,96,-1.072366666666667,-6.163061791127845,1.0
FOMC,A8,1,E1,71,-1.25903661971831,-6.165067096070524,1.0
ISM_S,B3,1,SB3_TP1R,75,-0.8874386666666667,-6.175963932036247,1.0
MICHIGAN,B5,1,SB1_X60,41,-0.9310073170731707,-6.176349731669185,1.0
PPI,B4,-1,SB2_X15,15,-1.6754133333333336,-6.210361033358809,
FOMC,B1,-1,SB3_X15,72,-1.1890055555555548,-6.211069093637285,1.0
ISM_S,A2,1,E1,103,-0.9066359223300972,-6.2190895375237485,1.0
ISM_M,B4,-1,SB1_TP1R,21,-1.1975809523809526,-6.222234369526644,
ISM_S,B5,1,SB3_TP1R,53,-1.0681641509433963,-6.226769536322877,1.0
ISM_M,B2,1,SB3_TP1R,105,-0.7116180952380952,-6.229182581106097,1.0
FOMC,B1,-1,SB3_X5,72,-1.1447208333333334,-6.232725592680975,1.0
ADP,B2,1,SB2_TP2R,97,-0.994874226804124,-6.239420212754262,1.0
MICHIGAN,A6,1,E5,76,-1.1786894736842104,-6.241106292389598,1.0
PIL,B1,1,SB2_X5,90,-1.0019066666666667,-6.246842889699159,1.0
ISM_M,B5,1,SB3_TP2R,60,-1.0276183333333335,-6.252102448018883,1.0
PIL,B2,-1,SB2_X60,77,-1.0960623376623368,-6.252257880533767,1.0
MICHIGAN,B6,1,SB3_TP2R,35,-1.264905714285714,-6.252388020602994,1.0
FOMC,A4,1,E5,72,-1.3783305555555556,-6.260111505525009,1.0
PPI,B5,-1,SB2_X15,38,-1.0589289473684211,-6.268018339712793,1.0
ADP,B5,-1,SB1_TP2R,57,-0.9742947368421052,-6.269395841675261,1.0
ADP,A3,-1,E1,98,-0.9099530612244896,-6.273992090390648,1.0
FOMC,A4,1,E1,72,-1.3561750000000001,-6.27527401838173,1.0
PIL,A9,1,E5,90,-0.9995033333333336,-6.276227110214393,1.0
ADP,B1,-1,SB3_X15,98,-0.9199602040816326,-6.2774773956450485,1.0
ISM_S,B3,1,SB2_TP2R,75,-1.0071333333333334,-6.2783459655375875,1.0
RETAIL,B1,-1,SB2_TP2R,93,-1.1051473118279564,-6.280088216964921,1.0
FOMC,A6,1,E1,70,-1.2975900000000005,-6.282957976500137,1.0
ISM_M,A2,-1,E1,107,-0.9843831775700941,-6.289443440612576,1.0
CLAIMS,B6,1,SB3_TP2R,139,-0.790380575539568,-6.291492638183942,1.0
PIL,B2,-1,SB3_X60,77,-0.9018493506493506,-6.302274190051043,1.0
PPI,B6,-1,SB1_X15,35,-1.093097142857143,-6.30297614800124,1.0
ISM_M,B5,-1,SB1_X5,60,-1.0641133333333332,-6.306102591920563,1.0
ADP,B5,-1,SB3_TP2R,57,-1.0775842105263158,-6.306129966691402,1.0
PPI,B3,-1,SB1_X15,45,-0.9820377777777779,-6.308383414198345,1.0
MICHIGAN,B4,1,SB1_X15,26,-0.9439153846153844,-6.3114469899467425,
ADP,B2,1,SB3_X5,97,-0.7620371134020619,-6.3123858385774625,1.0
FIDUCIA,A6,1,E15,95,-1.0675336842105263,-6.315896933254305,1.0
FOMC,B5,-1,SB3_TP2R,39,-1.6880948717948723,-6.323538874721883,1.0
ISM_M,B5,-1,SB2_X15,60,-0.8662233333333333,-6.325492941382455,1.0
ISM_M,B6,-1,SB3_X15,47,-0.9714936170212763,-6.331505300372621,1.0
PPI,B2,-1,SB2_TP1R,60,-1.1808900000000002,-6.332337966817592,1.0
PPI,B3,1,SB3_TP1R,45,-0.9882866666666665,-6.335383538962187,1.0
ADP,B3,1,SB2_X5,80,-0.9269262499999998,-6.338884815917991,1.0
MICHIGAN,B3,-1,SB3_X5,50,-1.1523819999999998,-6.343352724465118,1.0
ISM_S,B1,1,SB3_X60,103,-1.0942533980582523,-6.356060607588688,1.0
PIL,B1,-1,SB3_X15,90,-0.7926188888888884,-6.359678441578782,1.0
ISM_S,B4,1,SB2_TP1R,26,-1.5945,-6.360737392454658,
FIDUCIA,A6,1,E5,95,-1.0359852631578947,-6.361101434533597,1.0
RETAIL,A5,1,E1,82,-0.9982121951219514,-6.366901559357302,1.0
PPI,B3,-1,SB2_TP2R,45,-1.4179444444444447,-6.367242621024698,1.0
ADP,A9,1,E15,98,-1.1238438775510207,-6.370848689436903,1.0
PPI,B2,-1,SB2_TP2R,60,-1.3012866666666667,-6.371315256320491,1.0
FOMC,B5,-1,SB2_X15,39,-1.0597589743589744,-6.374227505602515,1.0
CLAIMS,B5,-1,SB3_X60,145,-0.9902351724137931,-6.3743590828176275,1.0
RETAIL,B1,-1,SB3_X60,93,-0.9957602150537636,-6.378323002159377,1.0
FIDUCIA,B6,-1,SB1_TP1R,49,-0.9597918367346939,-6.382647838528786,1.0
PPI,A5,-1,E5,60,-1.132558333333333,-6.386467207468778,1.0
ADP,B2,1,SB2_X5,97,-0.9407164948453607,-6.391527854850577,1.0
ADP,B5,-1,SB1_TP1R,57,-0.9004140350877191,-6.393398169214348,1.0
ADP,B1,1,SB3_X15,98,-0.8199571428571432,-6.403385103345931,1.0
MICHIGAN,A6,1,E15,76,-1.2786013157894738,-6.404985046801401,1.0
FIDUCIA,B4,1,SB2_TP2R,31,-1.8133129032258066,-6.40656644273807,1.0
CLAIMS,B4,-1,SB1_TP2R,58,-1.0025344827586211,-6.4093480839304755,1.0
ADP,B2,-1,SB1_X60,97,-0.9994474226804121,-6.412326257243086,1.0
RETAIL,B2,-1,SB2_X5,82,-1.1059878048780487,-6.413615789763956,1.0
PPI,B3,1,SB1_X15,45,-0.7682800000000002,-6.4137960386182575,1.0
PIL,B3,-1,SB2_X5,58,-0.8560724137931035,-6.41500442802714,1.0
ISM_S,B6,-1,SB1_TP2R,50,-1.0896379999999999,-6.429712442258983,1.0
PPI,B2,1,SB3_X15,60,-0.9712666666666666,-6.435886370077318,1.0
ISM_S,B5,1,SB3_X60,53,-1.3824000000000003,-6.444657763145338,1.0
RETAIL,B4,-1,SB3_X60,18,-1.4191888888888886,-6.454514826934648,
VERBALI,A4,-1,E5,69,-1.0026637681159418,-6.4555265614255015,1.0
ISM_S,A5,1,E15,101,-1.259788118811881,-6.458874329550356,1.0
ADP,B1,1,SB3_X60,98,-0.897348979591837,-6.462482304683459,1.0
MICHIGAN,B3,-1,SB1_TP2R,50,-1.0912580000000005,-6.4665388177652705,1.0
MICHIGAN,B6,-1,SB1_TP2R,35,-1.1964971428571431,-6.470434467532619,1.0
ADP,B6,-1,SB2_TP2R,41,-1.5596317073170733,-6.47319512170303,1.0
RETAIL,B2,-1,SB2_TP1R,82,-1.1460426829268289,-6.47616878020332,1.0
CLAIMS,B3,1,SB1_X5,220,-0.3903513636363638,-6.478656308180397,1.0
ADP,A5,1,E5,97,-1.0304443298969075,-6.4796277028763365,1.0
RETAIL,B3,-1,SB2_X5,64,-0.8722609375000002,-6.482009521794784,1.0
ISM_S,A8,-1,E5,102,-1.092225490196078,-6.483934344994502,1.0
PIL,B1,1,SB2_X15,90,-1.03364,-6.484780247926963,1.0
PIL,B1,-1,SB2_X60,90,-1.0683555555555553,-6.497887105466382,1.0
VERBALI,A8,1,E5,68,-0.9927529411764704,-6.499636863853065,1.0
FIDUCIA,B4,1,SB2_X5,31,-1.8287741935483874,-6.500944130431602,1.0
PPI,B6,-1,SB1_X5,35,-1.0329142857142855,-6.511730270823644,1.0
FOMC,A9,-1,E1,72,-1.3678194444444445,-6.513441390037288,1.0
RETAIL,B1,1,SB3_X5,93,-0.7757731182795697,-6.5193856125159195,1.0
PPI,B1,-1,SB1_TP2R,73,-0.9537109589041096,-6.529976943987747,1.0
ISM_S,B1,1,SB3_X15,103,-0.9585864077669902,-6.532660226011292,1.0
FIDUCIA,A7,-1,E1,36,-1.1045138888888888,-6.536593218916267,1.0
ADP,B5,1,SB2_X5,57,-0.7809912280701754,-6.542572766731454,1.0
FOMC,B1,1,SB3_X5,72,-1.2092305555555551,-6.546594393584802,1.0
MICHIGAN,B3,-1,SB2_TP1R,50,-1.270734,-6.547788743354788,1.0
FOMC,A3,1,E15,72,-1.608022222222222,-6.54796797247171,1.0
MICHIGAN,B6,1,SB3_X5,35,-1.1259942857142855,-6.5528501008287074,1.0
RETAIL,B1,-1,SB2_X5,93,-1.0243591397849463,-6.5562953394029355,1.0
ISM_M,A9,-1,E1,107,-0.9741813084112155,-6.5571230184747265,1.0
PIL,B2,-1,SB3_TP1R,77,-0.8062727272727274,-6.579216035013785,1.0
PIL,B1,1,SB3_TP1R,90,-0.7527233333333331,-6.589672822966666,1.0
PIL,B2,-1,SB3_X15,77,-0.8424402597402596,-6.591578599914072,1.0
RETAIL,B1,-1,SB1_X15,93,-0.8328677419354843,-6.596544891945392,1.0
PIL,A9,1,E1,90,-0.9881133333333333,-6.601140444404132,1.0
PIL,B6,-1,SB1_TP1R,46,-1.0449652173913042,-6.608653698202568,1.0
ISM_M,B1,1,SB3_TP2R,107,-0.8743532710280373,-6.608848388409719,1.0
RETAIL,B2,-1,SB3_TP2R,82,-0.9794292682926831,-6.610526978949009,1.0
ADP,B3,1,SB2_X60,80,-1.13349375,-6.615862221013846,1.0
CLAIMS,B6,1,SB3_X5,139,-0.7186798561151077,-6.61604675849088,1.0
PIL,B1,1,SB2_TP2R,90,-1.0596088888888886,-6.616566489892304,1.0
PIL,B1,-1,SB2_TP1R,90,-0.9729766666666669,-6.622300470596972,1.0
ISM_M,B3,1,SB2_TP1R,84,-0.8495809523809522,-6.624791150032742,1.0
PIL,A8,1,E1,88,-1.0025840909090908,-6.630646963606066,1.0
FOMC,B1,-1,SB1_X5,72,-0.9852027777777779,-6.6320749908671015,1.0
RETAIL,B2,-1,SB3_X15,82,-0.913708536585366,-6.632560244498486,1.0
ADP,B1,1,SB2_X15,98,-1.014034693877551,-6.639370226877102,1.0
CLAIMS,B4,1,SB1_X5,58,-0.6696982758620689,-6.641521829280071,1.0
RETAIL,B1,-1,SB1_X5,93,-0.7469064516129037,-6.6428678573543225,1.0
FIDUCIA,B6,1,SB1_X15,49,-0.8306693877551017,-6.646773500847515,1.0
ISM_M,B5,1,SB3_TP1R,60,-0.9569466666666665,-6.65862104659996,1.0
ISM_M,B1,1,SB2_TP1R,107,-1.1238831775700937,-6.6656315029913795,1.0
RETAIL,B1,-1,SB3_TP2R,93,-0.9389182795698924,-6.666645760596697,1.0
CLAIMS,B4,1,SB3_TP2R,58,-1.0575344827586208,-6.67082419872044,1.0
PIL,B1,-1,SB1_X15,90,-0.9152822222222221,-6.673172629029407,1.0
MICHIGAN,A1,1,E15,76,-1.3099671052631578,-6.676977272536445,1.0
ADP,A4,1,E5,98,-1.0635265306122454,-6.677124597107813,1.0
PPI,B5,1,SB2_X15,38,-1.0822394736842105,-6.679791236529001,1.0
RETAIL,B5,-1,SB3_X15,49,-1.1507020408163264,-6.684153865233881,1.0
ADP,B6,-1,SB2_X60,41,-1.6200926829268292,-6.691077254583813,1.0
RETAIL,B3,-1,SB3_X5,64,-0.9092453124999998,-6.696475081651808,1.0
ISM_S,B1,-1,SB3_X60,103,-1.157166019417475,-6.703345818599841,1.0
FOMC,B1,-1,SB3_X60,72,-1.3019236111111103,-6.705644149175869,1.0
PIL,B5,-1,SB1_X60,44,-1.0439772727272727,-6.709931046022708,1.0
FIDUCIA,B4,1,SB1_TP1R,31,-0.9889677419354835,-6.7105373608044205,1.0
PPI,B2,1,SB1_X5,60,-0.7439816666666664,-6.7129577288958835,1.0
PPI,B3,1,SB3_X15,45,-1.0254088888888893,-6.736955145022231,1.0
CLAIMS,B3,1,SB1_X60,220,-0.6235172727272728,-6.745330805443009,1.0
FIDUCIA,B1,1,SB1_X5,103,-0.5271524271844661,-6.7523613822436594,1.0
ISM_M,B2,1,SB2_TP2R,105,-0.9629142857142856,-6.75324737415302,1.0
MICHIGAN,B4,-1,SB2_TP2R,26,-2.2001423076923077,-6.75784337957229,
PPI,B2,1,SB3_TP1R,60,-0.9511299999999999,-6.765717463605287,1.0
ADP,B5,-1,SB2_TP1R,57,-0.937478947368421,-6.767469520145713,1.0
ISM_M,A5,-1,E1,105,-0.9857780952380953,-6.769273408809179,1.0
CLAIMS,B3,1,SB1_TP2R,220,-0.5604395454545452,-6.769363203273036,1.0
ADP,A9,1,E5,98,-1.1131112244897965,-6.772928241693518,1.0
PIL,A8,1,E15,88,-1.0815886363636364,-6.777539988843469,1.0
FOMC,B5,-1,SB3_X15,39,-1.7126205128205128,-6.784753970597973,1.0
PPI,B1,-1,SB3_X5,73,-0.8941164383561644,-6.792164485663599,1.0
ISM_M,B5,-1,SB3_TP2R,60,-1.1218700000000004,-6.8105573820209795,1.0
FOMC,B5,-1,SB1_X5,39,-1.0069717948717947,-6.8168024623235155,1.0
VERBALI,B1,-1,SB3_TP1R,69,-0.9648014492753625,-6.828752219376331,1.0
ISM_M,B1,-1,SB2_X60,107,-1.311709345794393,-6.830511324835176,1.0
ISM_S,B6,-1,SB3_X5,50,-0.930876,-6.839585079619084,1.0
FOMC,A3,1,E1,72,-1.576615277777778,-6.839728030603963,1.0
MICHIGAN,B4,-1,SB2_TP1R,26,-2.1779961538461543,-6.845234334836237,
PIL,B3,-1,SB1_TP2R,58,-1.0323517241379312,-6.847896752357859,1.0
ISM_S,B6,-1,SB1_TP1R,50,-1.0027139999999999,-6.851768984115412,1.0
MICHIGAN,B3,-1,SB2_X15,50,-1.372604,-6.851820714281935,1.0
MICHIGAN,A3,-1,E15,76,-1.3287552631578954,-6.859912672472444,1.0
FIDUCIA,B4,-1,SB3_TP2R,31,-1.424583870967742,-6.861917276947965,1.0
MICHIGAN,B3,-1,SB1_X15,50,-1.1914880000000003,-6.863969370583631,1.0
MICHIGAN,A6,1,E1,76,-1.1687578947368424,-6.867510556608384,1.0
FIDUCIA,B6,1,SB1_X5,49,-0.7799795918367344,-6.869582205710701,1.0
MICHIGAN,B1,-1,SB1_X5,76,-0.9672157894736844,-6.873593635898612,1.0
VERBALI,A6,1,E5,66,-1.066751515151515,-6.875970113466171,1.0
FIDUCIA,B6,-1,SB3_X15,49,-1.0898510204081635,-6.879598202858883,1.0
CLAIMS,B5,1,SB1_TP2R,145,-0.5980337931034484,-6.8924549868236245,1.0
MICHIGAN,A8,1,E15,75,-1.3145706666666666,-6.895100953859278,1.0
PPI,A4,-1,E15,73,-1.1100630136986303,-6.904177870009255,1.0
ISM_M,B6,-1,SB2_TP2R,47,-2.004304255319149,-6.90890992344383,1.0
MICHIGAN,A2,1,E15,76,-1.3495789473684212,-6.916915306271718,1.0
RETAIL,B3,-1,SB2_TP1R,64,-0.9510125000000004,-6.938831142140876,1.0
FOMC,A9,-1,E5,72,-1.4567638888888887,-6.954868815988063,1.0
MICHIGAN,B1,1,SB1_X15,76,-0.7002078947368423,-6.962182032472431,1.0
PIL,B1,1,SB2_X60,90,-1.2017777777777774,-6.964663165728326,1.0
PPI,B5,1,SB3_TP1R,38,-1.1561052631578945,-6.9653165722544035,1.0
PPI,B2,-1,SB1_X15,60,-0.9130983333333333,-6.9659809567777,1.0
ADP,B3,-1,SB2_TP2R,80,-1.1324199999999993,-6.973302548770312,1.0
PIL,B6,1,SB2_TP2R,46,-1.5471434782608697,-6.980340352485915,1.0
FIDUCIA,B6,-1,SB3_TP1R,49,-1.0784653061224492,-6.98181477701017,1.0
CLAIMS,B5,1,SB2_X60,145,-1.092487586206897,-6.98536154815284,1.0
PPI,B3,1,SB2_TP2R,45,-1.4747511111111113,-6.985912797677306,1.0
FOMC,B5,-1,SB2_TP2R,39,-1.1639564102564104,-6.989521801999171,1.0
MICHIGAN,A1,1,E5,76,-1.2444618421052631,-6.98957471491417,1.0
MICHIGAN,A5,1,E15,76,-1.3491618421052636,-6.994413160218364,1.0
TUTTE,B4,-1,SB3_X60,231,-1.0017454545454547,-6.999337927905845,1.0
CLAIMS,B6,1,SB1_X15,139,-0.6312086330935252,-7.005204222768052,1.0
PIL,B1,-1,SB2_X5,90,-0.9997977777777781,-7.006890347329385,1.0
RETAIL,B1,-1,SB3_X15,93,-0.9206903225806445,-7.008096465901251,1.0
PIL,B1,-1,SB3_TP1R,90,-0.803521111111111,-7.0095938143693735,1.0
ADP,B3,-1,SB3_X15,80,-1.0567162500000002,-7.01207725689622,1.0
ISM_M,B1,-1,SB3_X60,107,-1.024154205607477,-7.016787233626676,1.0
MICHIGAN,B1,-1,SB1_TP2R,76,-1.0088539473684213,-7.031161836090215,1.0
ISM_S,B6,-1,SB3_TP2R,50,-1.0856799999999998,-7.034510924173642,1.0
PPI,B1,1,SB1_X5,73,-0.6154027397260272,-7.038000171491158,1.0
RETAIL,B1,-1,SB3_X5,93,-0.8554946236559138,-7.042177500728957,1.0
PPI,B2,-1,SB1_TP1R,60,-0.92195,-7.043143043591582,1.0
ISM_M,A4,1,E1,107,-0.9486271028037389,-7.0439828882952025,1.0
CLAIMS,B5,1,SB1_X5,145,-0.40859724137931047,-7.045982905626366,1.0
CLAIMS,B3,1,SB1_TP1R,220,-0.5028218181818181,-7.04689484233254,1.0
ISM_M,B6,-1,SB2_TP1R,47,-2.0195893617021277,-7.061692633711828,1.0
RETAIL,B2,-1,SB1_X5,82,-0.7662902439024392,-7.0621819711539775,1.0
PPI,B3,-1,SB1_X5,45,-0.9665888888888889,-7.0656551424823375,1.0
ISM_S,B5,1,SB3_X15,53,-1.254973584905661,-7.068217353287122,1.0
RETAIL,B3,-1,SB1_TP1R,64,-0.8753640625000001,-7.078958727243051,1.0
ISM_M,B6,-1,SB2_X5,47,-2.0244659574468087,-7.079126259988743,1.0
MICHIGAN,B1,-1,SB2_X15,76,-1.551825,-7.080177312509086,1.0
ADP,B5,-1,SB3_TP1R,57,-1.0578894736842106,-7.088215406803829,1.0
CLAIMS,B4,-1,SB3_TP1R,58,-0.9748844827586206,-7.089362392850762,1.0
ISM_M,A3,1,E1,107,-0.9515532710280379,-7.098110711322237,1.0
PPI,B3,-1,SB1_TP1R,45,-1.0354888888888891,-7.100505820353904,1.0
PIL,B2,-1,SB2_X5,77,-1.056587012987013,-7.1008264033682735,1.0
ISM_S,A8,1,E1,102,-1.1066539215686275,-7.117173456647965,1.0
PIL,B3,-1,SB1_TP1R,58,-0.9699327586206894,-7.12338416180444,1.0
RETAIL,B2,-1,SB1_TP1R,82,-0.8094817073170734,-7.138730394043298,1.0
MICHIGAN,B1,1,SB1_X5,76,-0.6066276315789474,-7.142927378205419,1.0
PPI,B2,-1,SB1_X5,60,-0.8543233333333332,-7.143794510287089,1.0
PIL,B1,-1,SB1_TP2R,90,-0.9360088888888887,-7.145444114769761,1.0
MICHIGAN,A2,-1,E5,76,-1.2276250000000004,-7.158856314818583,1.0
ADP,B1,-1,SB3_TP2R,98,-0.9438510204081633,-7.170756423150068,1.0
PPI,B3,-1,SB2_X15,45,-1.466862222222222,-7.171045016141221,1.0
ADP,B6,1,SB2_X60,41,-1.735380487804878,-7.180545052857252,1.0
ADP,B1,1,SB2_TP2R,98,-1.092371428571429,-7.184555792349599,1.0
PPI,A9,-1,E5,73,-1.0766945205479448,-7.187423335083203,1.0
ADP,B1,-1,SB3_X5,98,-0.8753214285714289,-7.194134996334576,1.0
FIDUCIA,B4,1,SB2_TP1R,31,-1.8424419354838713,-7.209790661550625,1.0
PPI,B2,1,SB1_X15,60,-0.8412750000000001,-7.211077352193204,1.0
CLAIMS,B5,1,SB1_TP1R,145,-0.5571055172413792,-7.219078441420294,1.0
MICHIGAN,B4,1,SB2_X5,26,-2.2656038461538457,-7.223980384053488,
MICHIGAN,A1,1,E1,76,-1.199421052631579,-7.256674279095369,1.0
MICHIGAN,B1,-1,SB2_X60,76,-1.658057894736842,-7.261583594831641,1.0
ISM_S,B3,1,SB2_X15,75,-1.054472,-7.2644592992849955,1.0
ISM_S,A2,-1,E5,103,-1.3051883495145629,-7.26681060877192,1.0
FOMC,B5,-1,SB1_X60,39,-1.1456230769230766,-7.278542210708275,1.0
RETAIL,A3,1,E1,93,-1.1029505376344089,-7.284011668826376,1.0
RETAIL,B1,-1,SB2_TP1R,93,-1.140833333333333,-7.28705460372215,1.0
ISM_M,B1,1,SB3_TP1R,107,-0.8147074766355139,-7.288689261647431,1.0
ISM_S,A1,1,E15,103,-1.274774757281553,-7.291818460963244,1.0
ADP,B1,-1,SB2_X5,98,-1.0546877551020404,-7.293099589476691,1.0
FOMC,A3,1,E5,72,-1.67555,-7.298901846196578,1.0
PPI,B3,1,SB2_X5,45,-1.3986155555555557,-7.305228422597996,1.0
ADP,B3,-1,SB2_X5,80,-1.0605624999999999,-7.3348714741899625,1.0
PIL,B2,-1,SB1_TP1R,77,-0.8634168831168832,-7.340305808450905,1.0
FIDUCIA,A2,1,E5,103,-1.0802155339805821,-7.343555720681565,1.0
FIDUCIA,B5,-1,SB1_X60,54,-1.1444555555555556,-7.347307324029831,1.0
PPI,A5,-1,E15,60,-1.2364050000000004,-7.34816913645849,1.0
MICHIGAN,A9,1,E5,76,-1.2594526315789476,-7.353239003852866,1.0
PPI,A8,-1,E5,72,-1.0781236111111108,-7.359210992202678,1.0
PPI,B5,1,SB3_X15,38,-1.1991815789473683,-7.360814926418458,1.0
ISM_S,B4,-1,SB2_TP1R,26,-1.7581846153846152,-7.370041696344269,
ADP,A2,1,E1,98,-1.1156897959183678,-7.374444647303501,1.0
PIL,A5,-1,E5,77,-1.1698311688311689,-7.389453149732802,1.0
ISM_S,A6,1,E1,103,-1.1341184466019416,-7.410908999164821,1.0
CLAIMS,B4,-1,SB3_X60,58,-1.1996517241379308,-7.413642158680873,1.0
ADP,A4,1,E1,98,-1.111848979591837,-7.414407914915991,1.0
MICHIGAN,A8,1,E5,75,-1.3023693333333333,-7.415436106002514,1.0
PIL,B1,1,SB2_TP1R,90,-1.0649,-7.418185440798195,1.0
ISM_M,B1,-1,SB2_X5,107,-1.2684056074766357,-7.420654611935234,1.0
PPI,B1,1,SB3_X5,73,-0.9616479452054798,-7.424553033450909,1.0
PIL,B6,-1,SB1_X5,46,-1.057078260869565,-7.437258002700645,1.0
CLAIMS,B3,-1,SB1_X60,220,-0.9471322727272729,-7.446249685105207,1.0
FIDUCIA,B4,1,SB1_X15,31,-0.9418935483870966,-7.448842012745417,1.0
MICHIGAN,B3,-1,SB1_TP1R,50,-1.0483620000000002,-7.4495567015928446,1.0
ISM_M,B6,-1,SB2_X60,47,-2.073336170212766,-7.450693165067804,1.0
ISM_M,B3,-1,SB2_X60,84,-1.1433464285714285,-7.455125069814012,1.0
FOMC,B5,-1,SB3_X60,39,-1.7975820512820513,-7.461882282697662,1.0
FIDUCIA,B4,-1,SB1_TP1R,31,-1.197064516129032,-7.463781970385199,1.0
ADP,A5,1,E1,97,-1.0662731958762885,-7.463810410904117,1.0
ISM_M,B6,-1,SB2_X15,47,-2.0754702127659574,-7.470112552776896,1.0
MICHIGAN,A3,-1,E5,76,-1.3266434210526323,-7.4710644961451615,1.0
ISM_S,B1,1,SB3_TP1R,103,-0.895583495145631,-7.478435639848865,1.0
ISM_S,A6,-1,E1,103,-1.096350485436893,-7.489271997991505,1.0
ADP,A8,-1,E1,96,-1.139944791666667,-7.490416667351571,1.0
ADP,B3,-1,SB1_TP2R,80,-0.9852712500000003,-7.50465297043277,1.0
PPI,B1,-1,SB2_TP1R,73,-1.216527397260274,-7.53167536551525,1.0
PPI,B1,1,SB3_TP1R,73,-0.945264383561644,-7.535873602209928,1.0
ISM_S,A3,-1,E15,103,-1.2566320388349508,-7.54226555810074,1.0
MICHIGAN,B6,-1,SB3_TP2R,35,-1.3428942857142852,-7.542269207285594,1.0
PPI,A4,1,E5,73,-1.1423438356164384,-7.5428776266357795,1.0
MICHIGAN,A8,-1,E5,75,-1.2767133333333334,-7.547951744988274,1.0
PPI,A1,-1,E15,73,-1.1024328767123288,-7.549414850721379,1.0
ISM_M,B2,-1,SB2_X60,105,-1.1963019047619043,-7.554505233792824,1.0
PPI,A2,1,E5,72,-1.1476472222222218,-7.555419435945791,1.0
CLAIMS,B3,1,SB1_X15,220,-0.5211736363636363,-7.561792040211993,1.0
TUTTE,B5,1,SB1_X60,620,-0.40835983870967735,-7.564581470540868,1.0
PIL,A5,-1,E15,77,-1.2514064935064937,-7.565438395711507,1.0
ISM_S,B2,1,SB3_TP1R,101,-0.9078009900990095,-7.569219084869566,1.0
FIDUCIA,A4,1,E5,103,-1.139082524271844,-7.5738825091662765,1.0
FIDUCIA,B4,1,SB2_X15,31,-1.9323774193548386,-7.574773043380112,1.0
PPI,A3,-1,E15,73,-1.1354767123287672,-7.574988843543883,1.0
MICHIGAN,A4,1,E5,76,-1.1964026315789469,-7.592884686647533,1.0
ADP,B2,-1,SB2_X15,97,-1.1689319587628868,-7.594745495608028,1.0
ADP,A9,1,E1,98,-1.1594061224489796,-7.6017192521576735,1.0
CLAIMS,B5,-1,SB1_TP2R,145,-0.8277255172413795,-7.603464983933414,1.0
ISM_M,B2,-1,SB3_X60,105,-1.0836723809523814,-7.608220545892668,1.0
FIDUCIA,A5,-1,E5,103,-1.1320689320388346,-7.609184242520917,1.0
PIL,A9,1,E15,90,-1.141716666666667,-7.6095136655770235,1.0
ADP,B6,-1,SB1_X60,41,-1.233951219512195,-7.621869572748087,1.0
MICHIGAN,A5,1,E1,76,-1.2601815789473685,-7.629674306250233,1.0
ADP,B3,1,SB3_X5,80,-0.8707200000000002,-7.63283873738657,1.0
PPI,B1,1,SB1_X15,73,-0.7320794520547945,-7.633107745141604,1.0
PPI,A6,-1,E15,72,-1.1868944444444447,-7.636711448087831,1.0
VERBALI,A7,-1,E1,24,-1.0625125,-7.63972548766577,
CLAIMS,B5,1,SB1_X15,145,-0.5526524137931034,-7.654178270279843,1.0
ADP,B6,-1,SB2_TP1R,41,-1.6424170731707315,-7.660327464412647,1.0
ISM_S,A6,1,E5,103,-1.1875737864077673,-7.664668925478625,1.0
MICHIGAN,B1,-1,SB2_X5,76,-1.5060552631578945,-7.667457458261135,1.0
ISM_S,A5,1,E5,101,-1.3240039603960396,-7.679823759320081,1.0
VERBALI,A7,-1,E5,24,-1.1585208333333334,-7.685353709007793,
PPI,B1,-1,SB1_X15,73,-0.9887821917808222,-7.686129461719352,1.0
CLAIMS,B4,-1,SB3_TP2R,58,-1.1283275862068964,-7.686378288821367,1.0
PPI,A9,-1,E15,73,-1.1279356164383558,-7.690544550943739,1.0
MICHIGAN,B4,1,SB2_TP1R,26,-2.3305230769230767,-7.692828684388322,
CLAIMS,B6,1,SB1_X60,139,-0.7811402877697841,-7.692838319881352,1.0
MICHIGAN,A4,-1,E5,76,-1.3973210526315798,-7.70222620157646,1.0
CLAIMS,B5,1,SB3_X60,145,-1.211311724137931,-7.706060963337283,1.0
PIL,B3,-1,SB3_X5,58,-0.8675724137931033,-7.706986207236173,1.0
CLAIMS,B5,-1,SB2_TP2R,145,-0.8349068965517245,-7.7083452934479055,1.0
PPI,A5,1,E15,60,-1.1949850000000002,-7.72880416458078,1.0
ADP,B3,-1,SB1_X15,80,-1.018965,-7.73577375697227,1.0
RETAIL,B3,-1,SB3_TP1R,64,-1.0236640625,-7.741919173599905,1.0
VERBALI,A7,-1,E15,24,-1.2179958333333334,-7.744939119710201,
ISM_M,B3,-1,SB3_X60,84,-1.1147107142857149,-7.7639482134332125,1.0
RETAIL,B5,-1,SB3_TP1R,49,-1.1845163265306125,-7.782616158640043,1.0
ISM_S,B5,1,SB3_X5,53,-1.2325735849056607,-7.786509507485305,1.0
ADP,B3,-1,SB3_TP2R,80,-1.0650425000000001,-7.787018462364348,1.0
ISM_S,B2,-1,SB1_TP2R,101,-0.9649811881188116,-7.789196830594827,1.0
ISM_S,A8,-1,E1,102,-1.1359019607843135,-7.789905404032859,1.0
MICHIGAN,A3,1,E5,76,-1.2670802631578946,-7.790311228497506,1.0
ISM_S,B3,-1,SB1_X60,75,-1.1460133333333333,-7.796022261513067,1.0
TUTTE,B5,1,SB1_TP2R,620,-0.37344935483870967,-7.799605523026276,1.0
PPI,B2,-1,SB2_X15,60,-1.4145866666666664,-7.799957105107695,1.0
ISM_M,B5,-1,SB1_X60,60,-1.2827616666666668,-7.806695315641587,1.0
PPI,B3,1,SB2_TP1R,45,-1.4716466666666668,-7.8203226012631655,1.0
MICHIGAN,B2,-1,SB1_X5,76,-0.9480605263157894,-7.830362429816634,1.0
MICHIGAN,B6,1,SB3_X15,35,-1.271637142857143,-7.843158404031753,1.0
CLAIMS,B4,-1,SB2_X5,58,-1.5173327586206895,-7.850016309814598,1.0
FIDUCIA,B1,1,SB1_X15,103,-0.6540553398058251,-7.86807372542685,1.0
MICHIGAN,B3,1,SB3_TP2R,50,-1.3056940000000006,-7.8715338521577,1.0
ISM_S,B2,-1,SB1_X60,101,-1.0220920792079204,-7.876762038737269,1.0
VERBALI,A3,-1,E5,69,-1.1580550724637688,-7.878257848170791,1.0
ADP,B2,-1,SB3_X15,97,-1.0333845360824745,-7.878432709973881,1.0
MICHIGAN,A9,-1,E5,76,-1.3342710526315789,-7.884773352666749,1.0
RETAIL,B1,-1,SB1_TP1R,93,-0.8371322580645165,-7.8948275569193935,1.0
ADP,B2,-1,SB2_X60,97,-1.2613298969072162,-7.900798853939146,1.0
ADP,B5,-1,SB1_X15,57,-1.0516438596491229,-7.918888474028255,1.0
ADP,B4,1,SB2_X5,17,-1.557541176470588,-7.932041787175821,
PPI,A3,-1,E5,73,-1.108839726027397,-7.932598040561187,1.0
CLAIMS,B4,1,SB3_TP1R,58,-1.0585689655172414,-7.93778679598912,1.0
MICHIGAN,A4,1,E1,76,-1.1669394736842105,-7.944943414349043,1.0
MICHIGAN,B4,1,SB2_TP2R,26,-2.3747346153846154,-7.948632385915272,
FIDUCIA,B4,-1,SB2_TP2R,31,-1.9334483870967745,-7.950110318404895,1.0
PIL,B2,-1,SB1_TP2R,77,-0.9764311688311688,-7.967104312488498,1.0
ISM_S,A9,1,E5,103,-1.23582718446602,-7.968448460152781,1.0
FIDUCIA,B1,-1,SB3_X60,103,-1.286808737864078,-7.9730054307875085,1.0
CLAIMS,B6,1,SB3_X15,139,-0.8700697841726616,-7.9769499161670065,1.0
PPI,B1,-1,SB2_X60,73,-1.4485315068493156,-7.977866027293326,1.0
FIDUCIA,B3,-1,SB1_X15,72,-0.9788930555555555,-7.9841679568490544,1.0
ADP,B1,-1,SB2_TP2R,98,-1.1518122448979589,-7.993392356979163,1.0
PPI,A2,1,E15,72,-1.2050986111111113,-7.994981741773214,1.0
PPI,B6,-1,SB2_X60,35,-1.923757142857143,-8.007766943248392,1.0
ISM_M,B2,-1,SB1_X60,105,-1.0237104761904763,-8.021319809838229,1.0
MICHIGAN,B4,1,SB3_TP1R,26,-1.5799615384615382,-8.025286563177794,
ISM_M,B5,-1,SB3_TP1R,60,-1.1133616666666668,-8.043762804551957,1.0
ISM_S,A4,-1,E5,103,-1.2277252427184462,-8.048027136793358,1.0
MICHIGAN,A9,1,E15,76,-1.3398973684210533,-8.049183836988888,1.0
ISM_M,B6,-1,SB1_X60,47,-1.1805744680851062,-8.05424533359185,1.0
FIDUCIA,B6,-1,SB1_X5,49,-1.0221897959183672,-8.082737284126479,1.0
PIL,A5,-1,E1,77,-1.1736246753246755,-8.09490389794875,1.0
MICHIGAN,A2,1,E5,76,-1.366098684210526,-8.09560453052676,1.0
PPI,A3,1,E5,73,-1.1764917808219182,-8.097749731578782,1.0
CLAIMS,B5,-1,SB1_X15,145,-0.8777889655172412,-8.099124279217344,1.0
CLAIMS,B4,-1,SB3_X5,58,-1.1088431034482757,-8.111646361522544,1.0
FIDUCIA,B3,-1,SB1_TP1R,72,-0.9483152777777776,-8.116600226489805,1.0
ISM_M,B1,-1,SB2_TP1R,107,-1.2974934579439261,-8.121965643964499,1.0
CLAIMS,B6,-1,SB1_X60,139,-1.1640151079136694,-8.124798074682541,1.0
PPI,A5,1,E5,60,-1.1531733333333334,-8.143832340651473,1.0
PIL,B3,-1,SB1_X5,58,-1.0040758620689656,-8.146536770067758,1.0
CLAIMS,B2,1,SB1_X60,279,-0.7026053763440859,-8.15158444310124,1.0
PPI,B1,-1,SB1_X5,73,-0.9254534246575342,-8.160495854050435,1.0
MICHIGAN,B3,1,SB3_TP1R,50,-1.2449700000000006,-8.161694242662428,1.0
FIDUCIA,A2,1,E15,103,-1.1805766990291262,-8.16354326373491,1.0
PIL,B6,1,SB2_TP1R,46,-1.6203195652173916,-8.171006263035522,1.0
ISM_S,B1,1,SB2_TP1R,103,-1.0712970873786403,-8.179762921766534,1.0
ISM_S,A3,-1,E5,103,-1.2809621359223298,-8.183261242250978,1.0
MICHIGAN,A4,-1,E15,76,-1.490823684210527,-8.184178019611565,1.0
ISM_S,B3,1,SB3_X5,75,-1.0219413333333336,-8.189735196010782,1.0
MICHIGAN,B2,1,SB2_X60,76,-1.7944710526315792,-8.190951468100444,1.0
ISM_S,A4,-1,E15,103,-1.2228825242718442,-8.196101729872337,1.0
MICHIGAN,B4,1,SB3_X5,26,-1.5201999999999993,-8.198224193301852,
ISM_M,B2,1,SB2_TP1R,105,-1.0061771428571433,-8.22430180956098,1.0
FIDUCIA,B2,1,SB1_X5,103,-0.6847864077669904,-8.22647140276296,1.0
PPI,A7,-1,E1,28,-1.2598642857142857,-8.235840268413398,
PPI,A6,1,E5,72,-1.160425,-8.24957919252275,1.0
PPI,A2,-1,E5,72,-1.128788888888889,-8.25253310300934,1.0
FIDUCIA,B4,-1,SB2_TP1R,31,-1.9217677419354842,-8.254171825406933,1.0
ADP,B1,1,SB2_X5,98,-1.0417408163265305,-8.255194527022537,1.0
ISM_S,B5,-1,SB1_X60,53,-1.2277584905660375,-8.265332619139619,1.0
FIDUCIA,A4,1,E15,103,-1.228489320388349,-8.272074257874609,1.0
ISM_S,B5,-1,SB2_TP2R,53,-1.1962132075471696,-8.278392250445801,1.0
FIDUCIA,B6,1,SB3_TP2R,49,-1.255683673469388,-8.295030988522553,1.0
ISM_S,A2,-1,E15,103,-1.37235922330097,-8.311462673400523,1.0
ISM_M,B1,-1,SB2_TP2R,107,-1.3618542056074772,-8.31533126974214,1.0
MICHIGAN,B2,-1,SB2_X5,76,-1.569711842105263,-8.319151703091546,1.0
MICHIGAN,A1,-1,E5,76,-1.3492618421052633,-8.330028481299538,1.0
ADP,B5,1,SB3_X5,57,-1.0767877192982456,-8.337882939751244,1.0
PPI,B3,-1,SB2_X5,45,-1.5092622222222225,-8.341362640120327,1.0
RETAIL,B2,-1,SB3_X5,82,-0.9813939024390246,-8.343265640280261,1.0
FIDUCIA,A1,-1,E5,103,-1.180591262135922,-8.344643679793364,1.0
ISM_S,B6,-1,SB3_TP1R,50,-1.066524,-8.355605567034493,1.0
ISM_S,B1,1,SB2_TP2R,103,-1.1752660194174755,-8.374611720770421,1.0
PIL,B5,-1,SB3_X5,44,-1.0742318181818182,-8.393493544318012,1.0
PIL,A1,-1,E15,90,-1.1724955555555554,-8.418402686788745,1.0
PPI,A8,1,E5,72,-1.196648611111111,-8.41852912839614,1.0
CLAIMS,B1,1,SB1_TP2R,284,-0.5975369718309859,-8.42195774675934,1.0
MICHIGAN,A4,1,E15,76,-1.300231578947368,-8.422090734166336,1.0
ADP,B1,-1,SB3_TP1R,98,-0.9544234693877551,-8.42325211623813,1.0
FIDUCIA,B5,-1,SB1_X15,54,-1.1088407407407408,-8.428431841224032,1.0
ISM_M,B3,-1,SB3_TP2R,84,-1.0754880952380956,-8.442240932624062,1.0
MICHIGAN,A9,-1,E15,76,-1.4511578947368418,-8.453883084487643,1.0
PIL,B2,-1,SB1_X60,77,-1.0436129870129869,-8.453901095529107,1.0
PPI,B1,-1,SB1_X60,73,-1.1046356164383564,-8.455816182494843,1.0
PPI,B1,1,SB2_TP2R,73,-1.392567123287672,-8.460597803130742,1.0
PPI,A6,-1,E5,72,-1.1638083333333333,-8.46150477758346,1.0
FIDUCIA,B3,-1,SB1_TP2R,72,-1.0341138888888888,-8.462722082622735,1.0
PPI,B1,-1,SB1_TP1R,73,-0.9861917808219178,-8.464720734647441,1.0
MICHIGAN,A9,1,E1,76,-1.2661736842105262,-8.466076222487104,1.0
ISM_S,B2,1,SB2_TP1R,101,-1.111732673267327,-8.478784685618741,1.0
PPI,B2,-1,SB2_X5,60,-1.4383599999999999,-8.490037212136155,1.0
FIDUCIA,B3,-1,SB1_X60,72,-1.0946722222222223,-8.499890367776787,1.0
VERBALI,A2,1,E15,69,-1.2243333333333335,-8.501315010334592,1.0
ISM_S,B1,1,SB3_X5,103,-0.9889398058252427,-8.506130165523315,1.0
CLAIMS,B5,-1,SB1_X5,145,-0.8014765517241382,-8.507470600463323,1.0
FIDUCIA,A5,-1,E15,103,-1.2259592233009708,-8.540288264981823,1.0
ISM_M,B2,-1,SB3_X5,105,-1.0253971428571431,-8.5570434362633,1.0
MICHIGAN,B2,-1,SB1_TP2R,76,-1.0710407894736842,-8.56388601838457,1.0
ADP,B3,-1,SB2_TP1R,80,-1.2101562499999998,-8.56956789895055,1.0
PIL,B1,-1,SB1_X5,90,-0.9297399999999998,-8.57771701778782,1.0
FIDUCIA,A6,1,E1,95,-1.1501768421052632,-8.577788274454557,1.0
PIL,B6,1,SB2_X15,46,-1.6470608695652178,-8.578345517027845,1.0
PPI,A4,-1,E5,73,-1.1429876712328768,-8.580811202892846,1.0
CLAIMS,B2,1,SB1_X5,279,-0.49024587813620074,-8.584698976492678,1.0
FIDUCIA,A8,-1,E15,102,-1.2718107843137256,-8.587327782773531,1.0
FIDUCIA,A8,1,E5,102,-1.0960107843137252,-8.587833749349919,1.0
MICHIGAN,B1,-1,SB1_TP1R,76,-1.0073144736842103,-8.588797013951805,1.0
FIDUCIA,B5,-1,SB1_TP2R,54,-1.1183574074074074,-8.592947731325195,1.0
ISM_S,A9,1,E15,103,-1.264066019417476,-8.602351819848902,1.0
ADP,B3,-1,SB3_TP1R,80,-1.0474537499999999,-8.606486959014624,1.0
ISM_M,B1,-1,SB3_TP2R,107,-1.0393523364485986,-8.606600419567407,1.0
FOMC,B5,-1,SB1_X15,39,-1.1596666666666666,-8.61171713373405,1.0
ISM_S,B3,1,SB2_X5,75,-1.050296,-8.611743763367762,1.0
CLAIMS,B4,-1,SB3_X15,58,-1.1655862068965515,-8.611793585255272,1.0
MICHIGAN,A8,1,E1,75,-1.3130693333333332,-8.613511262293843,1.0
FIDUCIA,A9,1,E5,103,-1.210969902912621,-8.615998914713044,1.0
PPI,A5,1,E1,60,-1.0846716666666671,-8.624200754723734,1.0
CLAIMS,B1,1,SB1_TP1R,284,-0.5336426056338027,-8.625346124539835,1.0
CLAIMS,B4,-1,SB2_TP1R,58,-1.5366120689655172,-8.628216552916582,1.0
PIL,B3,-1,SB1_X60,58,-1.157277586206897,-8.62909729713333,1.0
PPI,A2,-1,E15,72,-1.2169652777777775,-8.63232564625819,1.0
ADP,B2,-1,SB3_TP2R,97,-1.0589061855670105,-8.637455999831191,1.0
MICHIGAN,B1,-1,SB2_TP2R,76,-1.5987013157894736,-8.652844837534689,1.0
ADP,B3,-1,SB3_X5,80,-1.0013562500000006,-8.662162425743446,1.0
FIDUCIA,B4,-1,SB3_X15,31,-1.507658064516129,-8.666956427435574,1.0
CLAIMS,B3,1,SB3_X60,220,-1.0568759090909083,-8.670148172089975,1.0
ADP,B1,1,SB2_X60,98,-1.245858163265306,-8.670965638165221,1.0
VERBALI,A2,1,E1,69,-1.1190231884057968,-8.677641727000507,1.0
MICHIGAN,A3,1,E1,76,-1.2554500000000004,-8.68030246495144,1.0
TUTTE,B5,1,SB1_TP1R,620,-0.34869403225806456,-8.69752078127463,1.0
PPI,B3,1,SB2_X15,45,-1.572764444444445,-8.701292076229791,1.0
ADP,B2,-1,SB1_TP2R,97,-0.9949979381443298,-8.708257636902319,1.0
FIDUCIA,B3,-1,SB3_X15,72,-1.2097472222222225,-8.735088194468762,1.0
CLAIMS,B5,-1,SB2_X5,145,-0.7963827586206899,-8.742067389277263,1.0
PIL,B1,-1,SB1_TP1R,90,-0.9511022222222221,-8.763150764123486,1.0
TUTTE,B4,-1,SB1_X15,231,-0.9483207792207792,-8.766368108814898,1.0
MICHIGAN,B5,-1,SB3_TP1R,41,-1.4413365853658533,-8.76716702203356,1.0
ADP,B1,-1,SB1_TP2R,98,-1.0356989795918368,-8.774329052786939,1.0
ISM_S,A2,-1,E1,103,-1.3238330097087376,-8.77685923007822,1.0
PPI,B2,1,SB2_TP2R,60,-1.5198466666666672,-8.785903495447783,1.0
ISM_M,B6,-1,SB3_X5,47,-1.0079085106382975,-8.792431278901866,1.0
PPI,B1,1,SB3_X15,73,-1.0462849315068494,-8.793975830370453,1.0
ISM_S,B2,1,SB3_X5,101,-0.9772881188118807,-8.795820693781103,1.0
CLAIMS,B5,-1,SB2_X15,145,-0.8952731034482759,-8.79973008925002,1.0
MICHIGAN,B4,1,SB2_X15,26,-2.421546153846154,-8.80071969756027,
ADP,B1,-1,SB1_X5,98,-0.958580612244898,-8.830418826689055,1.0
MICHIGAN,A2,-1,E1,76,-1.2976934210526316,-8.833161282002814,1.0
PPI,B6,-1,SB2_TP1R,35,-1.8892714285714285,-8.833778606599333,1.0
MICHIGAN,B2,-1,SB1_X15,76,-1.106792105263158,-8.837088418108781,1.0
PPI,B6,1,SB2_TP1R,35,-1.88598,-8.839947043736005,1.0
TUTTE,A7,1,E15,374,-0.76289064171123,-8.840337299265354,1.0
RETAIL,B2,-1,SB3_TP1R,82,-1.0543756097560975,-8.842890607515013,1.0
FIDUCIA,A3,-1,E5,103,-1.1487271844660192,-8.843898558128501,1.0
CLAIMS,B1,1,SB1_X5,284,-0.4567623239436621,-8.846710501948845,1.0
ISM_S,B6,1,SB2_X15,50,-1.677212,-8.848303138781905,1.0
PIL,B1,-1,SB3_X5,90,-0.8357655555555554,-8.854103970314593,1.0
ADP,B3,-1,SB1_TP1R,80,-0.9735212500000001,-8.857451374914596,1.0
CLAIMS,B1,-1,SB1_X60,284,-0.9594929577464784,-8.86134691879795,1.0
MICHIGAN,B3,1,SB3_X60,50,-1.4125080000000003,-8.862287626473218,1.0
ISM_S,B5,-1,SB2_X5,53,-1.0894132075471699,-8.863538503199008,1.0
FIDUCIA,B1,1,SB3_X60,103,-1.3583485436893203,-8.867642773260819,1.0
PPI,B6,-1,SB2_X15,35,-1.9477657142857143,-8.875229061785816,1.0
ADP,B2,-1,SB1_X15,97,-1.0016948453608243,-8.878693865133448,1.0
PPI,B2,1,SB2_X5,60,-1.4314283333333337,-8.880144056542056,1.0
TUTTE,B3,1,SB1_TP2R,748,-0.42116711229946513,-8.88165336266945,1.0
TUTTE,B3,1,SB1_X60,748,-0.47671965240641717,-8.890800994167735,1.0
FIDUCIA,B6,-1,SB3_X5,49,-1.160536734693878,-8.895202919272148,1.0
CLAIMS,B2,1,SB1_TP2R,279,-0.6550756272401433,-8.896325034839407,1.0
FIDUCIA,B5,1,SB2_X15,54,-1.0983333333333336,-8.901364756697786,1.0
PIL,B1,-1,SB1_X60,90,-1.082422222222222,-8.904700080908233,1.0
CLAIMS,B2,1,SB1_TP1R,279,-0.568246953405018,-8.911270092499048,1.0
MICHIGAN,B6,-1,SB1_X5,35,-1.2191114285714288,-8.919976871060737,1.0
MICHIGAN,B3,1,SB3_X5,50,-1.2945000000000004,-8.92705521183594,1.0
MICHIGAN,A8,-1,E1,75,-1.3038199999999998,-8.934181109099105,1.0
CLAIMS,B5,-1,SB2_TP1R,145,-0.8042544827586211,-8.950785971088287,1.0
ADP,B1,1,SB3_X5,98,-0.8804877551020409,-8.960134843060134,1.0
FIDUCIA,A3,-1,E15,103,-1.1869339805825243,-8.973800976963123,1.0
PIL,B3,-1,SB1_X15,58,-1.0961275862068967,-8.975064492110317,1.0
FIDUCIA,B5,-1,SB1_TP1R,54,-1.0807018518518519,-8.976241387726411,1.0
PPI,A9,1,E5,73,-1.2086369863013702,-8.979420466834329,1.0
CLAIMS,B5,-1,SB1_TP1R,145,-0.8037455172413798,-8.98269406608752,1.0
PIL,B6,1,SB2_X5,46,-1.672430434782609,-8.986284824185368,1.0
ISM_S,B5,-1,SB1_TP2R,53,-1.2409396226415093,-8.987737004872491,1.0
PPI,B6,1,SB2_TP2R,35,-1.9584714285714289,-8.989567969658042,1.0
MICHIGAN,B6,-1,SB1_TP1R,35,-1.255717142857143,-8.991152339264385,1.0
ISM_S,B5,-1,SB2_X60,53,-1.247722641509434,-8.99926139225109,1.0
ADP,B2,-1,SB2_TP2R,97,-1.242782474226804,-9.004808218681642,1.0
ISM_S,A1,1,E5,103,-1.3450786407766988,-9.011617999955321,1.0
MICHIGAN,A2,1,E1,76,-1.3333394736842106,-9.014084673635441,1.0
CLAIMS,B6,1,SB3_TP1R,139,-0.816405755395683,-9.01498077401076,1.0
ISM_M,B1,-1,SB2_X15,107,-1.3973878504672905,-9.026605381084893,1.0
PIL,B2,-1,SB1_X5,77,-0.9097311688311689,-9.039563528599938,1.0
MICHIGAN,B2,-1,SB1_TP1R,76,-1.0000907894736843,-9.05561882053326,1.0
MICHIGAN,B1,-1,SB1_X60,76,-1.2976302631578946,-9.057395886620855,1.0
MICHIGAN,B2,-1,SB2_TP2R,76,-1.6584302631578947,-9.091265808872299,1.0
MICHIGAN,B1,-1,SB2_TP1R,76,-1.581113157894737,-9.097782170530936,1.0
MICHIGAN,B3,-1,SB3_TP1R,50,-1.2906499999999996,-9.09894053840904,1.0
ADP,B1,-1,SB1_X15,98,-1.051777551020408,-9.111427387953233,1.0
FOMC,B5,-1,SB2_X60,39,-1.2618564102564103,-9.123179545092407,1.0
PPI,B6,-1,SB2_TP2R,35,-1.9667142857142859,-9.12324485449183,1.0
PPI,A2,1,E1,72,-1.1467305555555558,-9.124235970045373,1.0
CLAIMS,B5,-1,SB3_TP2R,145,-0.999194482758621,-9.12447545153788,1.0
ISM_M,B6,-1,SB1_TP2R,47,-1.1769148936170213,-9.126814742272407,1.0
ADP,B6,-1,SB1_TP1R,41,-1.1972829268292682,-9.130449849453212,1.0
ISM_S,B1,1,SB2_X15,103,-1.2208825242718446,-9.1307722177917,1.0
CLAIMS,B2,1,SB1_X15,279,-0.6019774193548388,-9.14962360704022,1.0
ADP,B2,-1,SB2_X5,97,-1.147661855670103,-9.163001940720218,1.0
ISM_M,B5,-1,SB3_X15,60,-1.2380400000000005,-9.163685685531453,1.0
TUTTE,B4,1,SB1_X60,231,-0.7929601731601732,-9.165650975372614,1.0
CLAIMS,B1,1,SB1_X60,284,-0.6904538732394367,-9.166902870052164,1.0
PPI,A1,-1,E1,73,-1.0954178082191781,-9.173311699714398,1.0
MICHIGAN,A3,-1,E1,76,-1.3755828947368418,-9.179456736949025,1.0
TUTTE,A7,1,E5,374,-0.7170082887700534,-9.184257477539102,1.0
FIDUCIA,A1,-1,E15,103,-1.2780203883495143,-9.200117230223231,1.0
ISM_S,B6,1,SB2_X5,50,-1.7168019999999993,-9.216253777914277,1.0
PIL,B2,-1,SB3_X5,77,-0.8963831168831168,-9.23016127549772,1.0
PIL,B2,-1,SB1_X15,77,-0.9835974025974027,-9.230627877335838,1.0
ISM_M,B2,-1,SB3_X15,105,-1.0912714285714284,-9.231381738598703,1.0
TUTTE,B2,1,SB1_X60,980,-0.5670573469387755,-9.246088300275721,1.0
FIDUCIA,A9,1,E15,103,-1.284101941747573,-9.247242481014291,1.0
FIDUCIA,B4,-1,SB2_X5,31,-1.967058064516129,-9.253811323446785,1.0
FIDUCIA,A3,1,E5,103,-1.2322990291262137,-9.25681712919594,1.0
PPI,A9,1,E15,73,-1.3010287671232879,-9.261494722348354,1.0
ISM_M,A8,1,E1,105,-1.2437304761904768,-9.27753483418698,1.0
PPI,A5,-1,E1,60,-1.274501666666667,-9.282031230784424,1.0
ISM_M,B1,-1,SB3_X5,107,-1.023077570093458,-9.288172519611336,1.0
MICHIGAN,B2,1,SB2_X15,76,-1.791005263157895,-9.295337186433862,1.0
ISM_M,B3,-1,SB2_TP1R,84,-1.0624369047619047,-9.298056034385441,1.0
FIDUCIA,A8,-1,E5,102,-1.276207843137255,-9.3016971848053,1.0
CLAIMS,B6,1,SB3_X60,139,-1.033786330935252,-9.309720274644837,1.0
MICHIGAN,B1,-1,SB3_TP2R,76,-1.3167078947368427,-9.310249436309546,1.0
MICHIGAN,B2,-1,SB3_TP2R,76,-1.3243197368421056,-9.311867114340723,1.0
PIL,B6,1,SB2_X60,46,-1.7109130434782611,-9.31952573021571,1.0
ISM_S,B4,-1,SB2_X5,26,-1.8673538461538461,-9.319606232150017,
ADP,B6,-1,SB1_X5,41,-1.150790243902439,-9.327208648899948,1.0
CLAIMS,B2,-1,SB1_X60,279,-0.9542458781362009,-9.33015841901296,1.0
ISM_S,A3,-1,E1,103,-1.3273864077669906,-9.339377103829264,1.0
ISM_S,B1,1,SB2_X5,103,-1.188000970873786,-9.352085357281927,1.0
CLAIMS,B4,1,SB1_X15,58,-0.8518448275862072,-9.359060989004167,1.0
MICHIGAN,B6,-1,SB2_TP1R,35,-2.336265714285714,-9.36547963941039,1.0
CLAIMS,B4,1,SB3_X5,58,-1.1059189655172412,-9.369027991747425,1.0
CLAIMS,B3,-1,SB3_X60,220,-1.0420354545454549,-9.377449943721455,1.0
RETAIL,B1,-1,SB3_TP1R,93,-1.0387645161290324,-9.383084014431,1.0
FIDUCIA,B3,1,SB3_TP2R,72,-1.2253736111111106,-9.387107510273914,1.0
MICHIGAN,B2,-1,SB3_X5,76,-1.278214473684211,-9.394424742002936,1.0
MICHIGAN,A9,-1,E1,76,-1.3648592105263155,-9.409836455108778,1.0
FIDUCIA,A5,-1,E1,103,-1.1618320388349515,-9.419080124817683,1.0
MICHIGAN,B2,-1,SB2_TP1R,76,-1.6332934210526318,-9.425899576202166,1.0
PPI,A3,1,E15,73,-1.2934876712328767,-9.431279691557,1.0
PPI,A1,1,E15,73,-1.3265315068493149,-9.432155839060144,1.0
PPI,A6,1,E15,72,-1.2535805555555557,-9.44635454634471,1.0
TUTTE,B6,1,SB1_X60,548,-0.6384554744525548,-9.461933722119053,1.0
ISM_S,B1,-1,SB1_X15,103,-1.131706796116505,-9.47266026807538,1.0
PPI,B1,1,SB2_X5,73,-1.3934315068493155,-9.487666082862036,1.0
ISM_S,A4,-1,E1,103,-1.2393766990291262,-9.492088855443523,1.0
FIDUCIA,B4,-1,SB1_X5,31,-1.2250870967741931,-9.496032677718885,1.0
FIDUCIA,B6,-1,SB2_TP2R,49,-2.0653734693877555,-9.497429905344895,1.0
ISM_M,B5,-1,SB1_TP2R,60,-1.249125,-9.522549271833789,1.0
PPI,A4,1,E1,73,-1.17773698630137,-9.535264624969107,1.0
MICHIGAN,A6,-1,E5,76,-1.4150342105263163,-9.546806395670187,1.0
FIDUCIA,A2,1,E1,103,-1.1645582524271842,-9.548750286467095,1.0
PPI,B2,1,SB2_TP1R,60,-1.4953550000000007,-9.555167260219033,1.0
ISM_S,B2,1,SB2_TP2R,101,-1.2700168316831681,-9.557284162621292,1.0
PPI,B6,1,SB2_X5,35,-1.938397142857143,-9.557770873254299,1.0
CLAIMS,B5,-1,SB3_X15,145,-1.0566200000000003,-9.559286068589605,1.0
ISM_M,B3,-1,SB2_X5,84,-1.106614285714286,-9.581830314414818,1.0
ISM_M,B2,-1,SB1_TP2R,105,-1.0407647619047622,-9.594933781163588,1.0
FIDUCIA,A9,-1,E5,103,-1.170056310679612,-9.59673096004841,1.0
PPI,A9,-1,E1,73,-1.1393753424657536,-9.611930295183042,1.0
ISM_M,B3,-1,SB3_TP1R,84,-1.0639035714285714,-9.630320063533329,1.0
FIDUCIA,B4,-1,SB3_TP1R,31,-1.52441935483871,-9.63381508238395,1.0
PPI,B6,1,SB2_X15,35,-1.986845714285715,-9.645585549365107,1.0
TUTTE,B5,1,SB1_X15,620,-0.3735108064516129,-9.658946618063519,1.0
FIDUCIA,A1,-1,E1,103,-1.1945213592233004,-9.662113531634711,1.0
FIDUCIA,B6,1,SB3_TP1R,49,-1.267971428571429,-9.667763052323847,1.0
ISM_S,B6,1,SB2_TP2R,50,-1.7030599999999996,-9.67048414499735,1.0
FIDUCIA,A4,1,E1,103,-1.1904456310679608,-9.684895189258375,1.0
CLAIMS,B4,-1,SB2_TP2R,58,-1.6695482758620692,-9.68772801630175,1.0
CLAIMS,A7,-1,E5,81,-1.1519925925925927,-9.693133372733538,1.0
ISM_M,B6,-1,SB1_TP1R,47,-1.1450872340425533,-9.710514076859928,1.0
ISM_S,B3,-1,SB1_TP2R,75,-1.1915826666666667,-9.715770191772517,1.0
PPI,A3,1,E1,73,-1.1888780821917813,-9.732009897338804,1.0
ADP,B2,-1,SB2_TP1R,97,-1.2340525773195876,-9.737776660920462,1.0
ADP,B2,-1,SB1_TP1R,97,-0.9629597938144329,-9.749393100876427,1.0
ISM_S,B5,-1,SB1_TP1R,53,-1.1574905660377357,-9.764790682138326,1.0
ISM_M,B1,-1,SB3_TP1R,107,-1.0251121495327105,-9.787218993559136,1.0
MICHIGAN,A8,-1,E15,75,-1.4644746666666666,-9.823348897219777,1.0
ISM_M,B3,-1,SB3_X5,84,-1.0682452380952383,-9.839230280570723,1.0
ISM_M,B5,-1,SB1_TP1R,60,-1.20194,-9.851412468748006,1.0
ADP,B1,-1,SB2_TP1R,98,-1.2324020408163263,-9.860429976070044,1.0
FIDUCIA,B5,-1,SB3_X15,54,-1.489564814814815,-9.88531921757819,1.0
ISM_M,B2,-1,SB3_TP2R,105,-1.1083228571428576,-9.886419742710832,1.0
ISM_S,B1,-1,SB3_X15,103,-1.2477766990291255,-9.916028593317556,1.0
MICHIGAN,B6,1,SB2_TP2R,35,-2.483385714285714,-9.92802263969132,1.0
FIDUCIA,A1,1,E5,103,-1.2004349514563109,-9.93178507961908,1.0
ADP,B2,-1,SB3_X5,97,-0.9952546391752578,-9.936134550717332,1.0
MICHIGAN,B4,1,SB2_X60,26,-2.4966384615384616,-9.936609644090817,
FIDUCIA,B5,-1,SB2_X15,54,-1.287285185185185,-9.937263517002398,1.0
PPI,A8,1,E1,72,-1.1926805555555557,-9.94550589387754,1.0
PPI,B1,1,SB2_TP1R,73,-1.4120054794520556,-9.945798359080072,1.0
PPI,A8,-1,E1,72,-1.1658208333333338,-9.952843769132762,1.0
ISM_M,B6,-1,SB1_X15,47,-1.1708170212765956,-9.96882405791552,1.0
PPI,B1,-1,SB2_TP2R,73,-1.506386301369864,-9.974128205091121,1.0
CLAIMS,B4,1,SB1_X60,58,-0.9653603448275864,-9.975746136671528,1.0
MICHIGAN,B4,1,SB3_TP2R,26,-1.7067692307692306,-9.98741387101949,
ADP,B2,-1,SB3_TP1R,97,-1.064622680412371,-10.005539690397551,1.0
CLAIMS,B3,-1,SB2_X60,220,-1.2633499999999993,-10.026479021393872,1.0
MICHIGAN,A4,-1,E1,76,-1.464093421052632,-10.029655327836416,1.0
FIDUCIA,B5,-1,SB2_X60,54,-1.3408185185185186,-10.0420980174924,1.0
FIDUCIA,B4,-1,SB2_X15,31,-2.048109677419355,-10.043878792851158,1.0
MICHIGAN,A5,-1,E5,76,-1.3974684210526316,-10.078964354840036,1.0
MICHIGAN,B4,-1,SB3_TP2R,26,-1.6845192307692305,-10.085009997193891,
PPI,A6,1,E1,72,-1.1586333333333338,-10.096126423977081,1.0
FIDUCIA,B3,1,SB2_TP2R,72,-1.4727055555555557,-10.110429936953327,1.0
MICHIGAN,B2,-1,SB2_X15,76,-1.7314526315789471,-10.135232837852772,1.0
FIDUCIA,B3,1,SB2_TP1R,72,-1.4424847222222221,-10.157969687946688,1.0
FIDUCIA,A9,-1,E15,103,-1.2287922330097087,-10.165067169546212,1.0
FIDUCIA,B1,-1,SB1_TP2R,103,-1.066001941747573,-10.167372580942114,1.0
FIDUCIA,B6,1,SB3_X5,49,-1.217510204081633,-10.171179071697427,1.0
PPI,B1,-1,SB2_X15,73,-1.485083561643837,-10.180901090154192,1.0
MICHIGAN,A5,-1,E15,76,-1.4418934210526313,-10.197252897996943,1.0
ISM_S,B5,-1,SB2_TP1R,53,-1.179854716981132,-10.209747933622502,1.0
ADP,B3,-1,SB1_X5,80,-0.9804612500000001,-10.217300518666947,1.0
FIDUCIA,A1,1,E15,103,-1.2348737864077672,-10.21820555360626,1.0
ISM_M,B3,-1,SB2_TP2R,84,-1.1818166666666667,-10.218612098520262,1.0
ISM_S,A5,1,E1,101,-1.4228623762376238,-10.220461479343804,1.0
TUTTE,B6,1,SB1_TP2R,548,-0.5929828467153284,-10.252524048839211,1.0
ISM_S,B5,-1,SB3_X60,53,-1.5116075471698105,-10.260178910034401,1.0
ISM_S,A1,1,E1,103,-1.3789436893203886,-10.267123712943,1.0
FIDUCIA,B5,1,SB3_TP2R,54,-1.4368888888888889,-10.27406858121746,1.0
CLAIMS,B1,1,SB1_X15,284,-0.5911007042253522,-10.293587486358291,1.0
ISM_S,B2,-1,SB1_TP1R,101,-0.984949504950495,-10.305212306166647,1.0
MICHIGAN,B3,-1,SB2_X60,50,-1.568932,-10.315076032691131,1.0
ADP,B1,-1,SB1_TP1R,98,-1.0246142857142855,-10.324994551442591,1.0
CLAIMS,B3,1,SB3_TP2R,220,-0.9457445454545449,-10.343432966171807,1.0
FIDUCIA,B2,-1,SB1_X15,103,-0.9677572815533985,-10.356203762119035,1.0
FIDUCIA,B2,-1,SB1_TP1R,103,-0.9605504854368933,-10.377075673817107,1.0
FIDUCIA,A3,1,E15,103,-1.3259601941747576,-10.378816511461102,1.0
ISM_S,B5,-1,SB2_X15,53,-1.220266037735849,-10.384229456572996,1.0
TUTTE,B3,1,SB1_TP1R,748,-0.40932540106951865,-10.393870189611654,1.0
PPI,A3,-1,E1,73,-1.1609383561643838,-10.404589240724505,1.0
FIDUCIA,B3,-1,SB3_TP2R,72,-1.2699305555555558,-10.410547330700295,1.0
MICHIGAN,A2,-1,E15,76,-1.4414763157894739,-10.421131772836894,1.0
MICHIGAN,B5,1,SB3_TP2R,41,-1.5948536585365856,-10.42468717910148,1.0
MICHIGAN,B5,1,SB2_X5,41,-1.3637682926829267,-10.428333317577508,1.0
MICHIGAN,B1,-1,SB3_X5,76,-1.3574368421052638,-10.43140593229631,1.0
MICHIGAN,A3,1,E15,76,-1.4623,-10.439572658264826,1.0
ISM_M,B2,-1,SB2_TP1R,105,-1.1717847619047614,-10.482250685049678,1.0
TUTTE,B4,1,SB1_TP2R,231,-0.7577861471861471,-10.486050361057375,1.0
ISM_M,B1,-1,SB1_X5,107,-1.0746177570093456,-10.4950278268159,1.0
PPI,A9,1,E1,73,-1.2104410958904115,-10.498769900642936,1.0
ISM_M,B5,-1,SB1_X15,60,-1.2664083333333336,-10.508958147874031,1.0
PIL,B4,1,SB3_X60,19,-1.3115526315789474,-10.515785027744446,
FIDUCIA,B5,-1,SB3_X60,54,-1.5026351851851856,-10.517834537379912,1.0
ISM_S,B2,-1,SB3_X60,101,-1.308686138613861,-10.51966116537662,1.0
MICHIGAN,B6,-1,SB2_X15,35,-2.436417142857143,-10.525109973575855,1.0
ISM_M,B2,-1,SB2_TP2R,105,-1.2398438095238096,-10.527586368967645,1.0
VERBALI,A3,-1,E1,69,-1.2048304347826089,-10.540555988468924,1.0
CLAIMS,A7,-1,E1,81,-1.1253814814814818,-10.542096554709335,1.0
TUTTE,B4,-1,SB1_X5,231,-0.8814047619047618,-10.561640726462121,1.0
ISM_S,A9,1,E1,103,-1.2738378640776704,-10.564844882531622,1.0
MICHIGAN,B6,-1,SB2_X5,35,-2.3980485714285718,-10.576379338674112,1.0
ISM_S,B2,1,SB2_X15,101,-1.2981336633663372,-10.615525712832131,1.0
MICHIGAN,B5,1,SB3_TP1R,41,-1.563146341463415,-10.622470115166253,1.0
ISM_M,B2,-1,SB2_X5,105,-1.2028466666666664,-10.625614763448047,1.0
PPI,B2,1,SB2_X15,60,-1.5984266666666673,-10.62683443513318,1.0
PPI,A6,-1,E1,72,-1.2173833333333337,-10.634765518957696,1.0
PPI,A4,-1,E1,73,-1.172079452054795,-10.645168736823518,1.0
MICHIGAN,B6,-1,SB2_TP2R,35,-2.4406142857142865,-10.645538687210337,1.0
PPI,A4,1,E15,73,-1.3189013698630139,-10.663003557139639,1.0
MICHIGAN,B6,1,SB2_X15,35,-2.511974285714285,-10.66463347727336,1.0
ADP,B4,1,SB2_X15,17,-1.6967764705882353,-10.686639224642645,
CLAIMS,B2,1,SB3_X60,279,-1.0880193548387094,-10.689365069456242,1.0
MICHIGAN,B5,1,SB3_X5,41,-1.5814731707317078,-10.721155055182177,1.0
FIDUCIA,A3,-1,E1,103,-1.197,-10.735880259814525,1.0
MICHIGAN,B3,1,SB3_X15,50,-1.3797400000000004,-10.742369119543822,1.0
FIDUCIA,B1,-1,SB1_TP1R,103,-1.0231815533980584,-10.757344338597257,1.0
CLAIMS,B3,1,SB3_X5,220,-0.8873427272727271,-10.764818680796779,1.0
ISM_S,B1,-1,SB1_TP2R,103,-1.1674922330097088,-10.768485508101229,1.0
MICHIGAN,B3,-1,SB3_X15,50,-1.394748,-10.778994677230495,1.0
FIDUCIA,B3,-1,SB2_X15,72,-1.5669708333333334,-10.789124719273016,1.0
FIDUCIA,B4,1,SB2_X60,31,-2.0837032258064516,-10.792044426417407,1.0
MICHIGAN,A5,-1,E1,76,-1.3708513157894737,-10.800889759613414,1.0
TUTTE,B3,1,SB1_X15,748,-0.42529572192513365,-10.80488067565936,1.0
ISM_M,B2,-1,SB1_X5,105,-0.9923457142857143,-10.8097762835912,1.0
ISM_S,B6,1,SB2_TP1R,50,-1.7223459999999997,-10.838488503082274,1.0
PPI,A1,1,E5,73,-1.3263356164383562,-10.842306871324064,1.0
FIDUCIA,A8,-1,E1,102,-1.3025490196078435,-10.843424536664381,1.0
MICHIGAN,B5,1,SB2_TP2R,41,-1.4296731707317072,-10.844644582506264,1.0
TUTTE,B4,1,SB1_TP1R,231,-0.7028285714285714,-10.85104116786083,1.0
PPI,B1,1,SB2_X15,73,-1.5159547945205485,-10.865775631283773,1.0
MICHIGAN,A1,-1,E15,76,-1.4810881578947372,-10.868036932084072,1.0
MICHIGAN,B6,-1,SB3_TP1R,35,-1.433491428571428,-10.874963204506889,1.0
PPI,B1,-1,SB2_X5,73,-1.461032876712329,-10.89640467562812,1.0
FIDUCIA,B4,-1,SB3_X5,31,-1.5409709677419354,-10.91830662549743,1.0
MICHIGAN,B6,1,SB2_TP1R,35,-2.5225257142857136,-10.928655373685809,1.0
CLAIMS,B4,-1,SB2_X15,58,-1.7284103448275865,-10.9293125338204,1.0
MICHIGAN,B3,1,SB2_TP2R,50,-1.6758399999999998,-10.934130391536069,1.0
FIDUCIA,A9,1,E1,103,-1.2716174757281549,-10.93978651765455,1.0
TUTTE,B5,1,SB1_X5,620,-0.32422290322580644,-10.961507118480538,1.0
TUTTE,B5,1,SB3_X60,620,-1.0683703225806453,-10.975279640581007,1.0
FIDUCIA,A8,1,E15,102,-1.2335686274509807,-10.984620023187793,1.0
MICHIGAN,B6,-1,SB3_X15,35,-1.4421399999999995,-10.986943340167146,1.0
FIDUCIA,B3,-1,SB3_X60,72,-1.328455555555556,-11.009926398145206,1.0
ISM_M,B1,-1,SB3_X15,107,-1.1209588785046731,-11.018516572707206,1.0
PPI,A1,1,E1,73,-1.2543986301369867,-11.025688595547189,1.0
CLAIMS,B3,1,SB2_X60,220,-1.4291295454545463,-11.031142905709544,1.0
ISM_S,B5,-1,SB1_X5,53,-1.2044679245283019,-11.03995306257616,1.0
ISM_M,B1,-1,SB1_X60,107,-1.237875700934579,-11.051275981022917,1.0
FIDUCIA,B5,1,SB2_X60,54,-1.2056685185185188,-11.056411845970336,1.0
CLAIMS,B5,-1,SB3_X5,145,-1.0565324137931036,-11.063945112026653,1.0
PPI,A2,-1,E1,72,-1.2151138888888893,-11.072695546861373,1.0
FIDUCIA,B3,-1,SB1_X5,72,-1.0527125000000002,-11.131171719464026,1.0
MICHIGAN,B6,1,SB2_X60,35,-2.5319799999999995,-11.158157435754742,1.0
FIDUCIA,A5,1,E15,103,-1.2869349514563109,-11.16500426083869,1.0
ISM_M,B2,-1,SB1_TP1R,105,-1.0444238095238096,-11.167877412942529,1.0
ISM_M,B2,-1,SB1_X15,105,-1.0603047619047616,-11.174239049430515,1.0
ADP,B2,-1,SB1_X5,97,-0.9428969072164949,-11.17473794761124,1.0
MICHIGAN,B6,1,SB2_X5,35,-2.5241285714285704,-11.175313460239462,1.0
VERBALI,A2,1,E5,69,-1.2578797101449277,-11.188383394541905,1.0
MICHIGAN,B1,1,SB3_TP1R,76,-1.3595723684210523,-11.19160015034853,1.0
ISM_S,B5,-1,SB1_X15,53,-1.2353849056603772,-11.201082748502317,1.0
FIDUCIA,A5,1,E5,103,-1.2489572815533982,-11.204306581591577,1.0
FIDUCIA,B3,1,SB2_X5,72,-1.4616763888888886,-11.217135059168596,1.0
FIDUCIA,B4,1,SB3_TP2R,31,-1.6417290322580642,-11.236140978305436,1.0
FIDUCIA,B6,-1,SB2_TP1R,49,-2.14335918367347,-11.24559473322036,1.0
ISM_S,B3,-1,SB1_TP1R,75,-1.1418640000000002,-11.251526769292552,1.0
FIDUCIA,B3,1,SB3_TP1R,72,-1.2435138888888884,-11.260273952862773,1.0
ISM_S,B1,-1,SB1_X5,103,-1.0881213592233008,-11.270115264018557,1.0
ISM_M,B2,-1,SB3_TP1R,105,-1.0973533333333334,-11.27625003030856,1.0
CLAIMS,B4,1,SB2_TP2R,58,-1.7233051724137938,-11.283888516243845,1.0
FIDUCIA,B6,1,SB3_X15,49,-1.3058653061224492,-11.291937540065613,1.0
TUTTE,B5,1,SB2_X60,620,-0.841019677419355,-11.29579176156308,1.0
ADP,B4,1,SB1_X60,17,-1.2334176470588236,-11.344876923845199,
FIDUCIA,A8,1,E1,102,-1.1689598039215685,-11.35266530291219,1.0
FIDUCIA,A4,-1,E5,103,-1.2419436893203886,-11.357979556733886,1.0
MICHIGAN,B4,1,SB3_X15,26,-1.6836692307692307,-11.371561383552905,
FIDUCIA,B4,1,SB3_TP1R,31,-1.6042419354838708,-11.376883252523427,1.0
MICHIGAN,A1,-1,E1,76,-1.4316118421052635,-11.392035208816676,1.0
TUTTE,B4,1,SB1_X5,231,-0.6206298701298701,-11.417341447241075,1.0
FIDUCIA,A6,-1,E5,95,-1.2953273684210518,-11.428121530223006,1.0
ISM_S,B3,-1,SB2_TP2R,75,-1.3738213333333333,-11.439440772449238,1.0
FIDUCIA,A9,-1,E1,103,-1.207734951456311,-11.446472479523115,1.0
CLAIMS,B5,1,SB2_TP2R,145,-1.0427731034482763,-11.446643026733055,1.0
CLAIMS,B5,-1,SB3_TP1R,145,-1.0132944827586206,-11.46697101980178,1.0
PPI,B6,-1,SB2_X5,35,-2.0304742857142855,-11.477143177248982,1.0
ISM_S,B5,-1,SB3_X5,53,-1.4574981132075469,-11.48910067927361,1.0
ISM_S,B2,1,SB2_X5,101,-1.260627722772277,-11.491886433690137,1.0
ISM_S,B2,-1,SB3_X5,101,-1.1928485148514854,-11.49312561713466,1.0
FIDUCIA,A2,-1,E5,103,-1.3008106796116508,-11.519630106978148,1.0
FIDUCIA,B4,1,SB3_X5,31,-1.5417096774193546,-11.522750423226244,1.0
ISM_S,B2,-1,SB1_X5,101,-1.0050009900990096,-11.522873827653418,1.0
MICHIGAN,B1,1,SB3_TP2R,76,-1.4429039473684206,-11.53788032587939,1.0
MICHIGAN,B2,1,SB3_TP2R,76,-1.4352921052631575,-11.551417255408897,1.0
ISM_M,B3,-1,SB3_X15,84,-1.1601416666666668,-11.558975352684305,1.0
ISM_S,B1,-1,SB1_TP1R,103,-1.082356310679612,-11.578182449923188,1.0
TUTTE,B6,-1,SB1_X60,548,-1.0212968978102193,-11.584674816023563,1.0
MICHIGAN,A6,-1,E15,76,-1.5124539473684215,-11.585244519085785,1.0
FIDUCIA,B6,-1,SB2_X15,49,-2.1795897959183677,-11.600012269212021,1.0
CLAIMS,B1,1,SB3_X60,284,-1.124424295774647,-11.603836594063182,1.0
FIDUCIA,A3,1,E1,103,-1.2823524271844657,-11.611289924539067,1.0
CLAIMS,B4,1,SB2_TP1R,58,-1.6965758620689662,-11.613478087781969,1.0
FIDUCIA,B2,1,SB3_TP2R,103,-1.2853300970873784,-11.642294845569422,1.0
CLAIMS,A7,-1,E15,81,-1.3078999999999996,-11.66621339147875,1.0
FIDUCIA,A7,1,E5,36,-1.3728388888888892,-11.692756486753042,1.0
FIDUCIA,B3,1,SB3_X5,72,-1.2166152777777777,-11.701537049847223,1.0
FIDUCIA,B5,1,SB3_TP1R,54,-1.4284055555555555,-11.716747411171209,1.0
FIDUCIA,A2,-1,E15,103,-1.3323174757281557,-11.73753875333607,1.0
CLAIMS,B1,-1,SB3_X60,284,-1.0844109154929584,-11.755679577742077,1.0
FIDUCIA,B1,-1,SB3_X15,103,-1.2994097087378644,-11.766984442751841,1.0
FIDUCIA,A4,-1,E15,103,-1.2844048543689324,-11.80380703039775,1.0
CLAIMS,B3,1,SB3_X15,220,-1.0149468181818178,-11.808416917310467,1.0
FIDUCIA,B3,-1,SB2_X60,72,-1.6429680555555555,-11.812338461213287,1.0
CLAIMS,B5,1,SB2_X5,145,-0.9509634482758627,-11.835319340938467,1.0
TUTTE,B6,1,SB1_X15,548,-0.6181625912408759,-11.83751798557257,1.0
ISM_S,B3,-1,SB2_X60,75,-1.4038573333333335,-11.854871137851966,1.0
FIDUCIA,B1,1,SB2_TP2R,103,-1.575218446601942,-11.855219547713476,1.0
FIDUCIA,B2,-1,SB1_X60,103,-1.111012621359224,-11.862867166976082,1.0
FIDUCIA,B2,-1,SB1_X5,103,-0.9469582524271847,-11.883668361218833,1.0
ISM_M,B6,-1,SB1_X5,47,-1.0880276595744682,-11.891583130723571,1.0
FIDUCIA,B3,-1,SB3_TP1R,72,-1.268904166666667,-11.904190370574756,1.0
ISM_S,B2,-1,SB3_TP2R,101,-1.2661841584158413,-11.911441491780431,1.0
FIDUCIA,B5,1,SB3_X5,54,-1.4024314814814813,-11.919596070670302,1.0
MICHIGAN,B2,1,SB2_X5,76,-1.8344881578947367,-11.949650721719662,1.0
FIDUCIA,B2,-1,SB1_TP2R,103,-1.0686805825242722,-11.957559853394141,1.0
ISM_M,B3,-1,SB2_X15,84,-1.190936904761905,-11.959097066964645,1.0
TUTTE,B6,1,SB3_X60,548,-0.8502731751824818,-11.96870390272166,1.0
MICHIGAN,B1,1,SB3_X5,76,-1.3717131578947361,-11.97921122583938,1.0
MICHIGAN,B2,-1,SB3_TP1R,76,-1.3896250000000008,-12.040854218218236,1.0
TUTTE,B1,1,SB1_X60,1168,-0.5163156678082192,-12.059333576034408,1.0
TUTTE,B6,1,SB1_TP1R,548,-0.580751094890511,-12.060341315751636,1.0
MICHIGAN,B6,-1,SB3_X5,35,-1.4087257142857141,-12.064615271778004,1.0
FIDUCIA,B6,-1,SB2_X5,49,-2.1818979591836736,-12.137975209440627,1.0
MICHIGAN,B5,-1,SB3_X15,41,-1.6178097560975608,-12.195561826290163,1.0
ISM_S,B2,-1,SB2_X5,101,-1.404118811881188,-12.229334942865705,1.0
MICHIGAN,B2,1,SB2_TP2R,76,-1.8552065789473688,-12.230484045537242,1.0
FIDUCIA,B3,1,SB3_X15,72,-1.2816874999999992,-12.237818277374092,1.0
MICHIGAN,B5,1,SB2_TP1R,41,-1.4267926829268294,-12.240554772616722,1.0
FIDUCIA,B3,-1,SB2_TP2R,72,-1.6154583333333337,-12.240939107020903,1.0
TUTTE,A7,1,E1,374,-0.8012096256684493,-12.251810831490584,1.0
CLAIMS,A7,1,E1,81,-1.1696333333333333,-12.265830300855388,1.0
CLAIMS,B6,-1,SB1_X15,139,-1.170279856115108,-12.266998385654068,1.0
MICHIGAN,B6,-1,SB2_X60,35,-2.502645714285715,-12.281809620575695,1.0
FIDUCIA,A7,1,E15,36,-1.39985,-12.293210503514514,1.0
CLAIMS,B6,-1,SB3_X60,139,-1.182651798561151,-12.298089571780954,1.0
ISM_S,B2,-1,SB2_TP2R,101,-1.4251871287128715,-12.336519237019745,1.0
CLAIMS,B2,-1,SB3_X60,279,-1.1128172043010756,-12.342427174860406,1.0
ISM_S,B2,-1,SB2_X60,101,-1.4811801980198016,-12.35149807347974,1.0
CLAIMS,B5,1,SB2_X15,145,-1.0677848275862072,-12.363699831205025,1.0
TUTTE,B4,1,SB2_X60,231,-1.7532173160173161,-12.377996949546983,1.0
MICHIGAN,B4,-1,SB3_TP1R,26,-1.720557692307692,-12.383665021526612,
FIDUCIA,B1,1,SB2_TP1R,103,-1.562860194174757,-12.385391152029113,1.0
MICHIGAN,A6,-1,E1,76,-1.4622749999999998,-12.388066034124629,1.0
TUTTE,B4,-1,SB3_X15,231,-1.1014857142857142,-12.39889314198771,1.0
MICHIGAN,B2,1,SB3_TP1R,76,-1.4076710526315785,-12.40290798956191,1.0
CLAIMS,B5,1,SB3_TP2R,145,-1.1494117241379314,-12.42715775524115,1.0
ISM_M,B2,-1,SB2_X15,105,-1.2747838095238102,-12.44577919932052,1.0
ISM_S,B4,-1,SB2_X15,26,-2.001003846153846,-12.446905225757032,
TUTTE,B3,1,SB1_X5,748,-0.37040481283422455,-12.45778256980359,1.0
CLAIMS,B1,1,SB3_TP2R,284,-0.9736887323943656,-12.46382457089223,1.0
FIDUCIA,B1,-1,SB3_TP2R,103,-1.3164766990291266,-12.492567509284187,1.0
ISM_S,B2,-1,SB1_X15,101,-1.0776049504950496,-12.512755677567934,1.0
ISM_S,B1,-1,SB3_X5,103,-1.2018563106796114,-12.516259024269573,1.0
FIDUCIA,B4,-1,SB2_X60,31,-2.154235483870968,-12.527196006716673,1.0
ISM_M,B3,-1,SB1_TP1R,84,-1.1907083333333337,-12.545880034419813,1.0
CLAIMS,B2,1,SB3_TP2R,279,-0.9855616487455193,-12.583375824745106,1.0
MICHIGAN,B3,1,SB2_X5,50,-1.7070659999999998,-12.608544892975969,1.0
FIDUCIA,B1,1,SB2_X5,103,-1.5721621359223301,-12.60955165423777,1.0
FIDUCIA,A6,-1,E1,95,-1.2844126315789473,-12.616280754197644,1.0
ISM_S,B3,-1,SB3_X60,75,-1.410569333333333,-12.634879625742519,1.0
CLAIMS,B3,-1,SB1_TP2R,220,-1.0246018181818186,-12.722006307844966,1.0
ISM_M,B3,-1,SB1_TP2R,84,-1.2494666666666667,-12.729687289121035,1.0
FIDUCIA,B2,1,SB2_TP2R,103,-1.61137572815534,-12.740082614023844,1.0
TUTTE,B4,-1,SB3_TP2R,231,-1.0806268398268397,-12.763268065901974,1.0
TUTTE,B1,1,SB1_TP2R,1168,-0.47644965753424656,-12.77280313741824,1.0
ISM_S,B2,-1,SB3_X15,101,-1.2958613861386135,-12.81150352667519,1.0
ADP,B4,1,SB2_X60,17,-1.7621352941176471,-12.815144304306136,
ADP,B4,1,SB2_TP2R,17,-1.7621352941176471,-12.815144304306136,
TUTTE,B6,1,SB3_TP2R,548,-0.768813503649635,-12.819538047179734,1.0
TUTTE,B4,-1,SB2_X60,231,-1.7476545454545458,-12.88542096787591,1.0
TUTTE,A7,-1,E5,374,-0.9210893048128341,-12.90014937500147,1.0
PPI,A8,1,E15,72,-1.3926847222222223,-12.901884609632432,1.0
FIDUCIA,B2,1,SB2_TP1R,103,-1.5867349514563105,-12.9193606027109,1.0
CLAIMS,B4,1,SB3_X15,58,-1.2699155172413792,-12.932882756718653,1.0
TUTTE,B4,1,SB1_X15,231,-0.7565121212121212,-12.934916174110207,1.0
FIDUCIA,B4,1,SB1_TP2R,31,-1.1489645161290323,-12.969593891156473,1.0
FIDUCIA,B4,1,SB1_X60,31,-1.1489645161290323,-12.969593891156473,1.0
TUTTE,B5,-1,SB2_X60,620,-0.9033751612903227,-12.977685640403028,1.0
MICHIGAN,B1,1,SB2_TP2R,76,-1.91493552631579,-12.98710394843278,1.0
FIDUCIA,B5,-1,SB1_X5,54,-1.1793648148148148,-12.989387223170825,1.0
TUTTE,B4,-1,SB3_X5,231,-1.0491173160173162,-12.99834403901974,1.0
MICHIGAN,B3,-1,SB3_X60,50,-1.479006,-13.04811369907393,1.0
MICHIGAN,B3,1,SB2_TP1R,50,-1.7238660000000001,-13.10381393722891,1.0
FIDUCIA,B3,1,SB2_X60,72,-1.5821847222222223,-13.123954175637785,1.0
FIDUCIA,B2,-1,SB2_X15,103,-1.6769475728155343,-13.134876135027133,1.0
MICHIGAN,B5,-1,SB3_X60,41,-1.6540487804878046,-13.137230544591441,1.0
FIDUCIA,B1,1,SB3_TP2R,103,-1.3506844660194177,-13.15708532848343,1.0
CLAIMS,B2,1,SB3_X5,279,-0.9354594982078851,-13.163910993441332,1.0
ISM_M,B1,-1,SB1_TP2R,107,-1.217406542056075,-13.164140451965824,1.0
CLAIMS,B3,-1,SB3_TP2R,220,-1.0647700000000004,-13.172238040179481,1.0
ISM_S,B4,-1,SB2_X60,26,-2.0283346153846153,-13.177957542623082,
ISM_S,B4,-1,SB2_TP2R,26,-2.0283346153846153,-13.177957542623082,
FIDUCIA,A4,-1,E1,103,-1.2889067961165055,-13.218594774927704,1.0
CLAIMS,B4,-1,SB2_X60,58,-1.8354034482758625,-13.226096413898711,1.0
CLAIMS,B3,-1,SB2_TP2R,220,-1.2890177272727272,-13.237634390856094,1.0
CLAIMS,B3,-1,SB1_X15,220,-1.0643390909090913,-13.261430390774438,1.0
CLAIMS,A9,-1,E5,285,-1.1254789473684204,-13.26919522515002,1.0
TUTTE,B4,-1,SB1_TP2R,231,-1.0373926406926408,-13.284544307780179,1.0
FIDUCIA,A1,1,E1,103,-1.2848310679611654,-13.294715249689643,1.0
FIDUCIA,B2,-1,SB3_X15,103,-1.3663213592233012,-13.297111945103193,1.0
CLAIMS,B6,-1,SB3_TP1R,139,-1.0550223021582736,-13.342821976355465,1.0
FIDUCIA,A2,-1,E1,103,-1.3147941747572818,-13.364023029362327,1.0
FIDUCIA,B2,-1,SB2_TP2R,103,-1.675006796116505,-13.390712392548997,1.0
ISM_S,B3,-1,SB1_X5,75,-1.1962746666666666,-13.399466098441472,1.0
MICHIGAN,B1,1,SB2_X5,76,-1.8981447368421052,-13.411382679973622,1.0
MICHIGAN,B2,1,SB2_TP1R,76,-1.8792263157894742,-13.422286064598904,1.0
MICHIGAN,B2,-1,SB2_X60,76,-1.8863052631578943,-13.43065064205292,1.0
CLAIMS,B2,-1,SB2_X60,279,-1.3874293906810038,-13.433135815044809,1.0
TUTTE,B3,1,SB3_X60,748,-0.9212375668449196,-13.45656236852147,1.0
TUTTE,B5,-1,SB1_X60,620,-0.9488856451612904,-13.457149824585612,1.0
MICHIGAN,B1,-1,SB3_TP1R,76,-1.4377236842105272,-13.46306832991995,1.0
FIDUCIA,B3,-1,SB2_X5,72,-1.6063249999999998,-13.494823006399479,1.0
MICHIGAN,B3,1,SB2_X15,50,-1.736158,-13.52649737786086,1.0
TUTTE,B6,1,SB3_X15,548,-0.7889822992700728,-13.526976907712495,1.0
TUTTE,B4,1,SB3_X60,231,-1.289768831168831,-13.548176654024854,1.0
CLAIMS,B1,-1,SB2_X60,284,-1.3901630281690143,-13.556577637994218,1.0
CLAIMS,B2,-1,SB1_TP2R,279,-0.9590154121863811,-13.59456761939392,1.0
FIDUCIA,B3,-1,SB3_X5,72,-1.3126444444444445,-13.625742255668492,1.0
MICHIGAN,B2,1,SB3_X5,76,-1.4509355263157893,-13.627747403802232,1.0
FIDUCIA,A5,1,E1,103,-1.317520388349515,-13.639926547497343,1.0
FIDUCIA,B5,1,SB3_X60,54,-1.5648351851851854,-13.644323041128864,1.0
CLAIMS,B6,-1,SB1_X5,139,-1.146703597122302,-13.653584306448902,1.0
ISM_S,B5,-1,SB3_TP1R,53,-1.501584905660377,-13.68622401710775,1.0
TUTTE,B2,1,SB1_TP2R,980,-0.5673398979591837,-13.688803514210848,1.0
FIDUCIA,B3,1,SB2_X15,72,-1.5668374999999999,-13.691331166568666,1.0
ISM_S,B5,-1,SB3_X15,53,-1.5411075471698108,-13.710910968962,1.0
ISM_S,B3,-1,SB3_X5,75,-1.3244253333333333,-13.712347262707086,1.0
ISM_S,B2,-1,SB2_X15,101,-1.4674257425742572,-13.723066632503816,1.0
CLAIMS,B1,1,SB3_X5,284,-0.9414408450704222,-13.729545146266036,1.0
TUTTE,B2,1,SB1_X15,980,-0.5494956122448978,-13.731828531424306,1.0
FIDUCIA,B5,1,SB3_X15,54,-1.5170999999999997,-13.751078885184068,1.0
ISM_S,B1,-1,SB3_TP2R,103,-1.3270902912621356,-13.755047782599485,1.0
ISM_M,B1,-1,SB1_TP1R,107,-1.1769672897196262,-13.771369478959349,1.0
CLAIMS,A3,1,E15,285,-1.2509698245614023,-13.813621885603245,1.0
CLAIMS,A9,-1,E15,285,-1.2210445614035073,-13.823528595113016,1.0
MICHIGAN,B1,1,SB3_X60,76,-1.556897368421052,-13.84261218180231,1.0
CLAIMS,A7,1,E15,81,-1.3607506172839507,-13.862251614994284,1.0
MICHIGAN,B2,1,SB3_X60,76,-1.548593421052631,-13.883654032297121,1.0
CLAIMS,B3,-1,SB1_X5,220,-1.0072604545454547,-13.905434353947557,1.0
CLAIMS,B6,-1,SB1_TP2R,139,-1.21533309352518,-13.9345453145511,1.0
ISM_S,B3,-1,SB2_X5,75,-1.371122666666667,-13.95161744951294,1.0
TUTTE,B6,1,SB1_X5,548,-0.5494602189781023,-13.95824503260376,1.0
CLAIMS,B5,1,SB2_TP1R,145,-1.0300634482758626,-13.965223839506026,1.0
MICHIGAN,B1,1,SB2_TP1R,76,-1.931406578947369,-14.008558235434403,1.0
CLAIMS,B1,-1,SB1_X15,284,-1.0209447183098594,-14.02465712660499,1.0
ISM_S,B5,-1,SB3_TP2R,53,-1.5548358490566032,-14.0455119884912,1.0
CLAIMS,B3,-1,SB3_X15,220,-1.1063236363636366,-14.049353392211536,1.0
CLAIMS,B6,-1,SB3_TP2R,139,-1.1795273381294966,-14.07018409206116,1.0
FIDUCIA,B2,-1,SB2_X5,103,-1.6732757281553396,-14.141067017729377,1.0
FIDUCIA,A7,1,E1,36,-1.386513888888889,-14.17857265114443,1.0
FIDUCIA,A6,-1,E15,95,-1.406074736842105,-14.197592813363595,1.0
ISM_S,B3,-1,SB1_X15,75,-1.2542533333333337,-14.200609140762486,1.0
CLAIMS,B5,1,SB3_X5,145,-1.1549841379310344,-14.204483445357825,1.0
CLAIMS,B2,1,SB2_X60,279,-1.5158182795698927,-14.229257442128494,1.0
FIDUCIA,B2,-1,SB3_TP2R,103,-1.3818310679611656,-14.240854424384692,1.0
FIDUCIA,B1,-1,SB2_X15,103,-1.711779611650486,-14.25393715161123,1.0
FIDUCIA,B2,1,SB2_X5,103,-1.6137815533980586,-14.27022175815797,1.0
CLAIMS,B2,1,SB3_X15,279,-1.047875268817204,-14.278909207994172,1.0
CLAIMS,B3,1,SB3_TP1R,220,-0.9684981818181813,-14.309250164621147,1.0
CLAIMS,B4,1,SB3_X60,58,-1.3740862068965518,-14.340361063623952,1.0
CLAIMS,B1,-1,SB1_TP2R,284,-1.0174348591549298,-14.35013913680544,1.0
MICHIGAN,B5,1,SB3_X15,41,-1.664758536585366,-14.358478596241813,1.0
ISM_M,B3,-1,SB1_X5,84,-1.1681321428571427,-14.369869303274262,1.0
FIDUCIA,B1,-1,SB1_X5,103,-1.104592233009709,-14.39689559282403,1.0
ISM_S,B3,-1,SB2_X15,75,-1.4153946666666668,-14.397166999837426,1.0
CLAIMS,B4,1,SB2_X5,58,-1.7851137931034489,-14.40884787695491,1.0
ISM_S,B2,-1,SB3_TP1R,101,-1.2645930693069303,-14.444654872280081,1.0
ISM_M,B1,-1,SB1_X15,107,-1.224419626168224,-14.446815988961141,1.0
MICHIGAN,B4,-1,SB3_X5,26,-1.7517730769230768,-14.47538373645998,
CLAIMS,A3,1,E5,285,-1.1955245614035082,-14.475438454181766,1.0
FIDUCIA,B1,-1,SB2_TP2R,103,-1.711164077669903,-14.504166627657584,1.0
MICHIGAN,B6,-1,SB3_X60,35,-1.520057142857142,-14.548889474249936,1.0
FIDUCIA,B2,1,SB3_TP1R,103,-1.3280582524271844,-14.565638494234301,1.0
TUTTE,B5,1,SB2_TP2R,620,-0.7858595161290324,-14.577052872779927,1.0
CLAIMS,A7,1,E5,81,-1.3209419753086422,-14.614914683941791,1.0
TUTTE,B1,1,SB1_TP1R,1168,-0.4575701198630137,-14.66166022528226,1.0
FIDUCIA,B3,-1,SB2_TP1R,72,-1.6693930555555556,-14.665449397388954,1.0
CLAIMS,B1,1,SB2_X60,284,-1.5208320422535213,-14.665744316295186,1.0
CLAIMS,B3,-1,SB2_X15,220,-1.3575954545454547,-14.683693267805936,1.0
FIDUCIA,B6,-1,SB2_X60,49,-2.2994040816326535,-14.714638613773412,1.0
TUTTE,B4,-1,SB2_X5,231,-1.638985714285714,-14.788005241135592,1.0
FIDUCIA,B5,-1,SB3_TP2R,54,-1.5513481481481486,-14.811832996262684,1.0
TUTTE,B4,1,SB3_TP2R,231,-1.1737714285714287,-14.813020388048788,1.0
TUTTE,A7,-1,E15,374,-1.0094601604278075,-14.829192852244354,1.0
CLAIMS,B5,1,SB3_X15,145,-1.2702896551724137,-14.852708136386818,1.0
TUTTE,B4,-1,SB1_TP1R,231,-0.9862380952380951,-14.854124052752146,1.0
CLAIMS,B2,-1,SB3_TP2R,279,-1.0649376344086021,-14.86410482917376,1.0
CLAIMS,B4,1,SB2_X15,58,-1.8163189655172423,-14.869170741523309,1.0
MICHIGAN,B1,1,SB3_X15,76,-1.4837157894736837,-14.936301961336207,1.0
CLAIMS,A2,-1,E5,285,-1.2141319298245608,-14.947011505584854,1.0
MICHIGAN,B2,-1,SB3_X15,76,-1.493589473684211,-14.975691398589731,1.0
FIDUCIA,B2,1,SB3_X15,103,-1.349698058252427,-14.977113706118061,1.0
ISM_S,B1,-1,SB3_TP1R,103,-1.2903902912621354,-14.979606443726802,1.0
MICHIGAN,B3,1,SB2_X60,50,-1.7762799999999999,-15.0354003453264,1.0
CLAIMS,B6,-1,SB1_TP1R,139,-1.1550000000000002,-15.051445842147688,1.0
FIDUCIA,B1,1,SB2_X15,103,-1.6768543689320385,-15.053130608538911,1.0
MICHIGAN,B1,1,SB2_X15,76,-1.9706328947368421,-15.059114190596963,1.0
FIDUCIA,B5,-1,SB2_X5,54,-1.2911333333333335,-15.112840021668125,1.0
TUTTE,B6,-1,SB3_X60,548,-0.9552627737226276,-15.12358533493828,1.0
CLAIMS,B2,-1,SB1_X5,279,-0.9313197132616496,-15.126752572662445,1.0
TUTTE,B2,1,SB3_X60,980,-0.9407691836734692,-15.131785991479342,1.0
TUTTE,B4,1,SB3_X5,231,-1.1292103896103896,-15.146179511324071,1.0
FIDUCIA,B1,1,SB3_TP1R,103,-1.3520825242718446,-15.152173206798699,1.0
TUTTE,B6,1,SB3_X5,548,-0.7447700729927007,-15.153350205218915,1.0
FIDUCIA,B1,-1,SB3_TP1R,103,-1.3458067961165048,-15.161034042735627,1.0
CLAIMS,B1,-1,SB1_X5,284,-0.9704433098591552,-15.166142149679084,1.0
TUTTE,B1,1,SB1_X15,1168,-0.4882960616438355,-15.188871202780868,1.0
TUTTE,A7,-1,E1,374,-0.946839037433155,-15.273961770072633,1.0
CLAIMS,B5,1,SB3_TP1R,145,-1.1573172413793105,-15.307731020170037,1.0
CLAIMS,A6,1,E15,285,-1.3294764912280692,-15.326015333850362,1.0
CLAIMS,B6,-1,SB3_X5,139,-1.0965856115107915,-15.37691671571212,1.0
CLAIMS,B1,1,SB3_X15,284,-1.0744073943661965,-15.378355264285616,1.0
CLAIMS,B6,-1,SB2_X60,139,-1.9661071942446031,-15.409107207752225,1.0
FIDUCIA,B5,-1,SB2_TP2R,54,-1.3897518518518521,-15.411471902150748,1.0
ISM_S,B6,-1,SB2_X60,50,-1.9328339999999995,-15.417570370257875,1.0
CLAIMS,A1,1,E5,284,-1.1752591549295772,-15.418102923120594,1.0
CLAIMS,B2,-1,SB1_X15,279,-1.0230688172043017,-15.440061563577434,1.0
FIDUCIA,B2,1,SB3_X5,103,-1.3142368932038835,-15.44542353869721,1.0
CLAIMS,A5,-1,E15,279,-1.3608462365591387,-15.471360724144303,1.0
ISM_S,B1,-1,SB2_TP2R,103,-1.5584300970873788,-15.471978557624976,1.0
CLAIMS,A8,-1,E15,281,-1.2957088967971526,-15.478698252423664,1.0
CLAIMS,B3,-1,SB1_TP1R,220,-1.0280554545454548,-15.48235479783351,1.0
FIDUCIA,B2,-1,SB2_X60,103,-1.7756165048543688,-15.505418325971448,1.0
TUTTE,B4,-1,SB3_TP1R,231,-1.0976571428571429,-15.521234222575604,1.0
CLAIMS,A4,1,E15,285,-1.3087361403508768,-15.53260454726251,1.0
CLAIMS,A4,1,E5,285,-1.2226894736842102,-15.545822351591566,1.0
CLAIMS,B3,-1,SB3_X5,220,-1.0621104545454545,-15.58362636906446,1.0
CLAIMS,B4,1,SB2_X60,58,-1.8466275862068973,-15.583855717172113,1.0
CLAIMS,A8,-1,E5,281,-1.1955249110320283,-15.609541945513268,1.0
CLAIMS,A6,-1,E5,285,-1.2115722807017535,-15.615407641926032,1.0
FIDUCIA,B2,-1,SB2_TP1R,103,-1.72147572815534,-15.619157946550008,1.0
CLAIMS,B3,-1,SB3_TP1R,220,-1.0461518181818186,-15.638072695701197,1.0
FIDUCIA,B1,1,SB3_X5,103,-1.3144592233009709,-15.641100176788273,1.0
CLAIMS,A5,-1,E5,279,-1.2824050179211457,-15.653931029599436,1.0
CLAIMS,B1,-1,SB3_TP2R,284,-1.087455985915493,-15.661255502892635,1.0
TUTTE,B4,-1,SB2_X15,231,-1.7575610389610388,-15.681219968043216,1.0
ISM_M,B3,-1,SB1_X15,84,-1.2496845238095236,-15.689879880366219,1.0
TUTTE,B1,1,SB3_X60,1168,-0.9660439212328766,-15.696095902874378,1.0
TUTTE,B2,1,SB1_TP1R,980,-0.5462436734693877,-15.708598813078737,1.0
CLAIMS,B3,1,SB2_X5,220,-1.36647,-15.736595615858267,1.0
FIDUCIA,B6,1,SB2_X5,49,-2.3004040816326534,-15.750265630504275,1.0
CLAIMS,B6,1,SB2_X60,139,-1.9676661870503598,-15.754746274018279,1.0
FIDUCIA,B2,-1,SB3_TP1R,103,-1.3698310679611652,-15.79576688694679,1.0
CLAIMS,B3,-1,SB2_X5,220,-1.3317890909090915,-15.803947674548724,1.0
ISM_M,B3,-1,SB1_X60,84,-1.3223630952380954,-15.8130941772099,1.0
CLAIMS,B3,1,SB2_X15,220,-1.4439590909090914,-15.85130661853904,1.0
CLAIMS,B3,-1,SB2_TP1R,220,-1.333404545454546,-15.86608891056263,1.0
ISM_S,B1,-1,SB2_X60,103,-1.5803009708737863,-15.917007739593462,1.0
TUTTE,B2,1,SB1_X5,980,-0.4918262244897959,-15.962970145849704,1.0
TUTTE,B5,-1,SB3_X60,620,-1.170800322580645,-15.987820434689748,1.0
ISM_S,B6,-1,SB2_TP1R,50,-1.9142999999999994,-15.990564968363138,1.0
CLAIMS,B2,-1,SB1_TP1R,279,-0.9510071684587814,-16.026166823338624,1.0
FIDUCIA,B1,-1,SB2_X60,103,-1.7968446601941752,-16.026565551274437,1.0
TUTTE,B6,-1,SB1_X15,548,-1.0137899635036496,-16.039103740084578,1.0
CLAIMS,B3,1,SB2_TP2R,220,-1.4173009090909092,-16.04103284508795,1.0
FIDUCIA,B6,1,SB2_TP2R,49,-2.314408163265307,-16.06669908734463,1.0
FIDUCIA,B6,1,SB2_TP1R,49,-2.314408163265307,-16.06669908734463,1.0
FIDUCIA,B6,1,SB2_X60,49,-2.314408163265307,-16.06669908734463,1.0
FIDUCIA,B6,1,SB2_X15,49,-2.314408163265307,-16.06669908734463,1.0
CLAIMS,B2,1,SB3_TP1R,279,-0.9716050179211466,-16.07145992939456,1.0
ISM_S,B2,-1,SB2_TP1R,101,-1.477688118811881,-16.089787963694803,1.0
CLAIMS,B6,-1,SB3_X15,139,-1.191989208633094,-16.123399185789737,1.0
TUTTE,B4,1,SB3_X15,231,-1.2103952380952379,-16.124996666502806,1.0
TUTTE,B4,1,SB2_TP2R,231,-1.713794372294373,-16.163371776636634,1.0
ISM_S,B3,-1,SB2_TP1R,75,-1.4371933333333335,-16.165820953460337,1.0
CLAIMS,A5,1,E5,279,-1.2006537634408603,-16.172127463532913,1.0
FIDUCIA,B1,-1,SB2_X5,103,-1.714895145631068,-16.231474906013954,1.0
ISM_S,B3,-1,SB3_TP2R,75,-1.4409279999999998,-16.236513202835294,1.0
MICHIGAN,B2,-1,SB1_X60,76,-1.3222039473684208,-16.246434754983802,1.0
CLAIMS,A1,-1,E15,284,-1.39040704225352,-16.2548768100606,1.0
FIDUCIA,B2,-1,SB3_X60,103,-1.4568514563106796,-16.2645808676449,1.0
CLAIMS,B1,-1,SB1_TP1R,284,-0.9756623239436614,-16.27400053948479,1.0
ISM_S,B6,-1,SB2_TP2R,50,-1.9423799999999993,-16.316081348150302,1.0
TUTTE,B6,1,SB3_TP1R,548,-0.7869569343065693,-16.317366513702513,1.0
TUTTE,B3,1,SB2_X60,748,-1.1789236631016045,-16.371141534100396,1.0
MICHIGAN,B2,1,SB3_X15,76,-1.527035526315789,-16.376737987464026,1.0
TUTTE,B5,1,SB2_X15,620,-0.8328887096774195,-16.378057369064415,1.0
MICHIGAN,B1,-1,SB3_X15,76,-1.5369092105263165,-16.41870632299589,1.0
CLAIMS,B1,-1,SB2_TP2R,284,-1.3761746478873245,-16.43854643263403,1.0
FIDUCIA,B1,-1,SB2_TP1R,103,-1.745350485436893,-16.4664923074784,1.0
CLAIMS,B2,-1,SB2_TP2R,279,-1.3820322580645168,-16.516589172272514,1.0
TUTTE,B5,1,SB2_TP1R,620,-0.7493093548387098,-16.562500827322452,1.0
FIDUCIA,B1,1,SB2_X60,103,-1.7331271844660194,-16.607435205803252,1.0
ISM_S,B1,-1,SB2_X5,103,-1.5158291262135926,-16.612349461751776,1.0
CLAIMS,B1,1,SB3_TP1R,284,-0.9904626760563379,-16.635447312742237,1.0
MICHIGAN,B1,1,SB2_X60,76,-2.0227184210526317,-16.651797284897462,1.0
FIDUCIA,B2,1,SB2_X15,103,-1.7116864077669904,-16.679656873209176,1.0
CLAIMS,A8,1,E5,281,-1.3027960854092515,-16.720093543462117,1.0
CLAIMS,A6,1,E5,285,-1.2789196491228065,-16.730895974080923,1.0
CLAIMS,B1,-1,SB3_X15,284,-1.1228746478873242,-16.748785165615093,1.0
CLAIMS,A4,-1,E5,285,-1.2678024561403503,-16.819659434160226,1.0
TUTTE,B4,1,SB3_TP1R,231,-1.1551432900432899,-16.93005691555663,1.0
CLAIMS,A1,-1,E5,284,-1.3196471830985905,-16.933979351050603,1.0
TUTTE,B4,1,SB2_TP1R,231,-1.701652813852814,-16.973086235721,1.0
TUTTE,B3,1,SB3_TP2R,748,-0.8697564171122993,-16.982354653803373,1.0
ISM_S,B1,-1,SB2_TP1R,103,-1.5363815533980585,-17.001462101083952,1.0
TUTTE,B4,-1,SB2_TP1R,231,-1.6970848484848486,-17.062718553773028,1.0
TUTTE,B5,1,SB2_X5,620,-0.7761953225806452,-17.06538401251762,1.0
TUTTE,B6,-1,SB3_TP2R,548,-0.9232647810218979,-17.07186860832975,1.0
CLAIMS,A2,1,E15,285,-1.346450877192982,-17.089292818078167,1.0
ISM_S,B3,-1,SB3_TP1R,75,-1.4147479999999997,-17.094161461133034,1.0
TUTTE,B6,1,SB2_X60,548,-1.7853790145985404,-17.181799896215857,1.0
TUTTE,B5,1,SB3_X15,620,-1.1093698387096773,-17.207018479635405,1.0
MICHIGAN,B5,1,SB2_X15,41,-1.508512195121951,-17.227691277115486,1.0
CLAIMS,A9,-1,E1,285,-1.1342599999999985,-17.231210315559935,1.0
FIDUCIA,B2,1,SB2_X60,103,-1.754355339805826,-17.23218922387973,1.0
TUTTE,B4,1,SB2_X5,231,-1.7441285714285713,-17.274706958146957,1.0
FIDUCIA,B1,-1,SB3_X5,103,-1.3813640776699028,-17.285230932041426,1.0
ISM_S,B3,-1,SB3_X15,75,-1.4462053333333331,-17.32443615213471,1.0
MICHIGAN,B6,-1,SB1_X60,35,-1.4922485714285716,-17.393462589806262,1.0
CLAIMS,B1,-1,SB3_TP1R,284,-1.033717605633803,-17.417572471796134,1.0
CLAIMS,A3,-1,E1,285,-1.2067989473684206,-17.41931859674167,1.0
TUTTE,B3,1,SB3_X15,748,-0.8998288770053474,-17.422998716156847,1.0
CLAIMS,B2,-1,SB3_TP1R,279,-1.0424340501792115,-17.427467595001655,1.0
CLAIMS,B2,-1,SB3_X15,279,-1.1418548387096772,-17.452491299348896,1.0
TUTTE,B4,-1,SB2_TP2R,231,-1.7634229437229438,-17.50375558962084,1.0
FIDUCIA,B2,-1,SB3_X5,103,-1.3815864077669906,-17.533981082333938,1.0
FIDUCIA,B5,-1,SB2_TP1R,54,-1.3841944444444447,-17.55850731141146,1.0
TUTTE,B1,1,SB1_X5,1168,-0.42989931506849316,-17.58094022987664,1.0
CLAIMS,A2,1,E5,285,-1.2763599999999993,-17.588480589062296,1.0
TUTTE,B1,-1,SB1_X60,1168,-0.9828594178082191,-17.623740880031104,1.0
CLAIMS,B2,1,SB2_X5,279,-1.4002870967741936,-17.64866267547262,1.0
CLAIMS,B6,-1,SB2_TP2R,139,-1.9408064748201432,-17.665412930796165,1.0
FIDUCIA,B1,1,SB3_X15,103,-1.4166097087378637,-17.681462776578627,1.0
TUTTE,B4,1,SB2_X15,231,-1.7856090909090911,-17.688731183721245,1.0
TUTTE,B6,-1,SB3_X15,548,-0.9285458029197081,-17.715125840325967,1.0
FIDUCIA,B5,-1,SB3_X5,54,-1.5817444444444448,-17.83779343246549,1.0
CLAIMS,B3,1,SB2_TP1R,220,-1.406973636363637,-17.84999919189781,1.0
TUTTE,B5,-1,SB2_TP2R,620,-0.906886935483871,-17.906832924430258,1.0
CLAIMS,B6,1,SB2_TP2R,139,-1.9493467625899281,-17.910799968635487,1.0
MICHIGAN,B4,1,SB3_X60,26,-1.8345692307692305,-17.91176617664208,
CLAIMS,B1,-1,SB2_X5,284,-1.3739443661971837,-17.952434689945445,1.0
CLAIMS,B6,1,SB2_X15,139,-2.004259712230216,-17.96666740725049,1.0
TUTTE,B5,-1,SB2_X5,620,-0.8220816129032259,-17.96946964293392,1.0
CLAIMS,B1,-1,SB3_X5,284,-1.076135915492958,-17.975040142143907,1.0
CLAIMS,B2,-1,SB3_X5,279,-1.0657569892473118,-17.98709784990733,1.0
CLAIMS,A8,-1,E1,281,-1.1795249110320276,-17.996909883053885,1.0
CLAIMS,A5,1,E1,279,-1.1465810035842294,-18.090106315425363,1.0
CLAIMS,A2,-1,E15,285,-1.3442442105263157,-18.138262583550652,1.0
ISM_S,B1,-1,SB2_X15,103,-1.5818029126213595,-18.143055691444818,1.0
CLAIMS,B1,-1,SB2_X15,284,-1.4375672535211268,-18.156445708480877,1.0
CLAIMS,A6,-1,E1,285,-1.2004080701754383,-18.25414397056232,1.0
CLAIMS,A3,-1,E5,285,-1.2949673684210523,-18.254207824740302,1.0
CLAIMS,B1,-1,SB2_TP1R,284,-1.3759890845070426,-18.31104820204264,1.0
TUTTE,B5,-1,SB2_X15,620,-0.9114817741935484,-18.384593576893486,1.0
ISM_S,B6,-1,SB2_X15,50,-1.9650319999999997,-18.53734031798629,1.0
TUTTE,A6,1,E15,1149,-1.038923150565709,-18.60507167523035,1.0
CLAIMS,A2,-1,E1,285,-1.2085256140350873,-18.649204959328248,1.0
CLAIMS,B2,-1,SB2_X15,279,-1.4554440860215054,-18.673276871759576,1.0
TUTTE,A5,-1,E15,980,-1.0786815306122444,-18.699347031793238,1.0
CLAIMS,B2,1,SB2_TP2R,279,-1.472012186379929,-18.75943207582481,1.0
CLAIMS,B6,1,SB2_TP1R,139,-1.9351064748201439,-18.794111343974844,1.0
MICHIGAN,B4,-1,SB3_X15,26,-1.8102961538461537,-18.88800589476554,
MICHIGAN,B4,-1,SB3_X60,26,-1.8102961538461537,-18.88800589476554,
TUTTE,A8,-1,E15,1151,-1.0229087749782797,-18.93427164940269,1.0
CLAIMS,B6,1,SB2_X5,139,-1.990458273381295,-18.934968914493915,1.0
MICHIGAN,B2,-1,SB3_X60,76,-1.60064605263158,-18.99863156672291,1.0
CLAIMS,B2,1,SB2_X15,279,-1.5052695340501796,-19.006319206199546,1.0
FIDUCIA,B5,-1,SB3_TP1R,54,-1.5883944444444449,-19.00847554183548,1.0
CLAIMS,A4,1,E1,285,-1.224394035087719,-19.06532618123936,1.0
CLAIMS,A4,-1,E1,285,-1.2231635087719288,-19.08036955760147,1.0
ISM_S,B6,-1,SB2_X5,50,-1.9678299999999993,-19.107040030495586,1.0
CLAIMS,A1,1,E1,284,-1.1695845070422535,-19.115108576543353,1.0
MICHIGAN,B1,-1,SB3_X60,76,-1.5923421052631588,-19.170397203452595,1.0
TUTTE,B3,1,SB3_X5,748,-0.8671159090909091,-19.19338895370416,1.0
CLAIMS,A1,-1,E1,284,-1.284574999999999,-19.23787679404031,1.0
CLAIMS,B2,-1,SB2_TP1R,279,-1.411475985663083,-19.242799972087354,1.0
TUTTE,B5,1,SB3_TP2R,620,-1.0846832258064518,-19.280624350304752,1.0
TUTTE,A9,-1,E15,1169,-1.0157350727117191,-19.28738697033347,1.0
TUTTE,B5,-1,SB1_X5,620,-0.8802498387096774,-19.30410975264133,1.0
TUTTE,B5,-1,SB1_TP2R,620,-0.9432196774193549,-19.326276023511156,1.0
CLAIMS,B6,-1,SB2_X5,139,-1.976436690647482,-19.421515294295645,1.0
TUTTE,B3,-1,SB3_X60,748,-1.0807437165775402,-19.46368455002924,1.0
CLAIMS,A2,1,E1,285,-1.2390319298245602,-19.51092640833468,1.0
CLAIMS,B6,-1,SB2_X15,139,-2.003269784172661,-19.58942732588762,1.0
CLAIMS,B1,1,SB2_TP2R,284,-1.4864834507042253,-19.67378827416235,1.0
CLAIMS,A8,1,E1,281,-1.268573665480427,-19.81227931561377,1.0
CLAIMS,B2,-1,SB2_X5,279,-1.42860788530466,-19.826362505138565,1.0
TUTTE,B5,-1,SB1_X15,620,-0.9693295161290321,-19.853228725659104,1.0
CLAIMS,B2,1,SB2_TP1R,279,-1.4362333333333333,-19.867231207327123,1.0
CLAIMS,A5,-1,E1,279,-1.3034351254480276,-19.86986539895946,1.0
CLAIMS,B6,-1,SB2_TP1R,139,-1.9724028776978413,-19.900727181086385,1.0
TUTTE,A8,-1,E5,1151,-1.0020251954821893,-19.917322462960005,1.0
TUTTE,A3,1,E15,1169,-1.0790196749358425,-19.91747404080233,1.0
FIDUCIA,B4,1,SB3_X15,31,-1.7299774193548387,-19.925433336404687,1.0
CLAIMS,A6,1,E1,285,-1.2471494736842097,-19.95614690450799,1.0
TUTTE,A5,1,E5,980,-1.0330796938775508,-19.961588816225138,1.0
TUTTE,B3,-1,SB1_X60,748,-1.0634308823529413,-19.973493943071226,1.0
CLAIMS,A5,1,E15,279,-1.322166308243728,-19.979294185185356,1.0
TUTTE,B1,1,SB2_X60,1168,-1.284092380136986,-19.991706187760112,1.0
CLAIMS,A1,1,E15,284,-1.3115820422535218,-19.994418161348868,1.0
CLAIMS,B1,1,SB2_X5,284,-1.4597302816901407,-20.110416218365433,1.0
MICHIGAN,B5,1,SB3_X60,41,-1.762109756097561,-20.15691600415636,1.0
CLAIMS,A9,1,E5,285,-1.3650129824561403,-20.179120479739748,1.0
TUTTE,A2,1,E15,1168,-1.0523665239726028,-20.21139073819738,1.0
CLAIMS,B1,1,SB2_X15,284,-1.5261299295774648,-20.245796035892827,1.0
TUTTE,A9,-1,E5,1169,-0.9957587681779296,-20.2736870682658,1.0
TUTTE,A1,1,E15,1168,-1.0518315068493151,-20.2794301255751,1.0
TUTTE,B5,-1,SB2_TP1R,620,-0.875566935483871,-20.356928255286345,1.0
TUTTE,B6,-1,SB1_TP2R,548,-1.0596111313868615,-20.37860432396609,1.0
TUTTE,A4,1,E15,1169,-1.077112232677502,-20.39056650253466,1.0
CLAIMS,A4,-1,E15,285,-1.3819589473684208,-20.39487191643379,1.0
TUTTE,B6,-1,SB3_TP1R,548,-0.9290242700729927,-20.437425923592826,1.0
TUTTE,A5,-1,E5,980,-1.0529716326530607,-20.479741141975854,1.0
TUTTE,B2,1,SB2_X60,980,-1.3138719387755107,-20.521971272348814,1.0
TUTTE,B5,1,SB3_X5,620,-1.1162443548387098,-20.553200702645164,1.0
TUTTE,A2,-1,E5,1168,-1.040986301369863,-20.60272687977408,1.0
MICHIGAN,B3,-1,SB1_X60,50,-1.4427660000000007,-20.65498410726179,1.0
CLAIMS,A8,1,E15,281,-1.4090519572953732,-20.71943311853544,1.0
TUTTE,B2,1,SB3_TP2R,980,-0.9200688775510203,-20.92648608533221,1.0
TUTTE,A1,1,E5,1168,-1.0291222602739727,-20.926667466924098,1.0
CLAIMS,A6,-1,E15,285,-1.3612185964912284,-21.070726091569973,1.0
TUTTE,A4,1,E5,1169,-1.0380679213002568,-21.13406995652212,1.0
TUTTE,A5,1,E15,980,-1.0980329591836735,-21.158577597951762,1.0
TUTTE,B6,1,SB2_X15,548,-1.8216312043795624,-21.176043225807028,1.0
CLAIMS,A3,1,E1,285,-1.240758596491227,-21.178655708815413,1.0
CLAIMS,A9,1,E1,285,-1.3132975438596495,-21.181073908998595,1.0
TUTTE,B2,1,SB3_X15,980,-0.9479388775510202,-21.20601585263589,1.0
TUTTE,A6,1,E5,1149,-1.048512097476066,-21.2402065402995,1.0
TUTTE,A3,1,E5,1169,-1.0524908468776732,-21.37841683375687,1.0
CLAIMS,B1,1,SB2_TP1R,284,-1.4730246478873237,-21.562460934096837,1.0
TUTTE,B3,1,SB3_TP1R,748,-0.8905050802139034,-21.61650474565335,1.0
TUTTE,A4,-1,E15,1169,-1.0855958939264327,-21.633227659597893,1.0
TUTTE,B3,1,SB2_X15,748,-1.1579665775401071,-21.64820723305948,1.0
TUTTE,A2,-1,E15,1168,-1.1096882705479452,-21.741749589113674,1.0
TUTTE,A1,-1,E15,1168,-1.113170719178082,-21.75539536680773,1.0
TUTTE,B1,1,SB3_X15,1168,-0.9590510273972602,-21.77195258304052,1.0
TUTTE,B1,-1,SB3_X60,1168,-1.0696748287671236,-21.84727538702969,1.0
TUTTE,B5,-1,SB1_TP1R,620,-0.909940806451613,-21.882360559909323,1.0
TUTTE,B2,-1,SB1_X60,980,-1.0005047959183675,-21.939365388652952,1.0
TUTTE,A3,-1,E5,1169,-1.0414301967493582,-21.941877634714263,1.0
TUTTE,A6,-1,E5,1149,-1.0555746736292426,-21.96196740698663,1.0
FIDUCIA,B4,1,SB3_X60,31,-1.7550612903225804,-21.992080264015982,1.0
TUTTE,B3,-1,SB2_X60,748,-1.2578663101604275,-22.179446027344802,1.0
TUTTE,A4,-1,E5,1169,-1.0558531223267749,-22.19137152805231,1.0
TUTTE,A3,-1,E15,1169,-1.0836884516680925,-22.242705926678717,1.0
TUTTE,B6,-1,SB2_X15,548,-1.8628423357664226,-22.37406608492649,1.0
TUTTE,A1,-1,E5,1168,-1.0655326198630135,-22.394785894218067,1.0
TUTTE,B3,1,SB2_TP2R,748,-1.1603596256684492,-22.492094127879096,1.0
TUTTE,B6,-1,SB3_X5,548,-0.9295512773722628,-22.548101403954593,1.0
TUTTE,B1,1,SB3_TP2R,1168,-0.9364840753424656,-22.690668036155405,1.0
TUTTE,B5,-1,SB3_TP2R,620,-1.183102741935484,-22.719484179136963,1.0
TUTTE,A8,1,E15,1151,-1.1371823631624673,-22.780274968595464,1.0
TUTTE,A2,1,E5,1168,-1.0522225171232873,-22.7921236795534,1.0
TUTTE,A9,1,E15,1169,-1.1469730538922158,-22.812755546959558,1.0
TUTTE,A8,1,E5,1151,-1.0855255430060815,-22.87298988974824,1.0
TUTTE,B6,-1,SB2_X60,548,-1.9017282846715327,-23.04672101375266,1.0
TUTTE,B2,1,SB3_X5,980,-0.9106262244897958,-23.08647867612917,1.0
TUTTE,A9,1,E5,1169,-1.0981622754491023,-23.101623541433867,1.0
TUTTE,B6,1,SB2_TP2R,548,-1.8295777372262776,-23.231284322089177,1.0
TUTTE,B5,1,SB3_TP1R,620,-1.1007404838709678,-23.350148874810063,1.0
TUTTE,A6,-1,E15,1149,-1.1293063533507397,-23.50931236214144,1.0
TUTTE,B2,-1,SB3_X60,980,-1.1304735714285716,-23.542983153450503,1.0
TUTTE,B5,-1,SB3_X5,620,-1.172241612903226,-23.657515734729518,1.0
TUTTE,B6,1,SB2_TP1R,548,-1.8169934306569344,-23.87481051488947,1.0
CLAIMS,A9,1,E15,285,-1.46965052631579,-23.875406877498317,1.0
TUTTE,B6,-1,SB2_TP2R,548,-1.857516788321168,-23.8876317685317,1.0
TUTTE,B3,-1,SB3_TP2R,748,-1.0651911764705884,-23.89365899234235,1.0
TUTTE,B6,1,SB2_X5,548,-1.8524242700729927,-24.04767761566022,1.0
TUTTE,B5,-1,SB3_X15,620,-1.2384004838709677,-24.115848687025874,1.0
TUTTE,B3,1,SB2_TP1R,748,-1.1278290106951876,-24.152592655652608,1.0
TUTTE,B3,1,SB2_X5,748,-1.1350241978609625,-24.358228868872374,1.0
TUTTE,B6,-1,SB1_X5,548,-1.0610629562043796,-24.395104266667655,1.0
TUTTE,B3,-1,SB1_TP2R,748,-1.0350430481283424,-24.514097962744902,1.0
CLAIMS,A3,-1,E15,285,-1.4397252631578952,-24.560585770464627,1.0
TUTTE,B1,-1,SB2_X60,1168,-1.3717805650684933,-24.740301154176397,1.0
TUTTE,B3,-1,SB2_TP2R,748,-1.226279010695187,-24.768261753580497,1.0
TUTTE,B6,-1,SB1_TP1R,548,-1.0664067518248175,-24.80067339053219,1.0
TUTTE,B2,-1,SB2_X60,980,-1.3754373469387755,-24.988256014228657,1.0
TUTTE,A5,-1,E1,980,-1.0947711224489793,-25.029185485250306,1.0
TUTTE,B1,-1,SB1_X15,1168,-0.9901893835616435,-25.149090107033672,1.0
TUTTE,A8,-1,E1,1151,-1.0576205039096436,-25.222945377540256,1.0
TUTTE,B1,1,SB3_X5,1168,-0.94195676369863,-25.254750101216825,1.0
TUTTE,B6,-1,SB2_TP1R,548,-1.8761058394160584,-25.39131167796547,1.0
TUTTE,B6,-1,SB2_X5,548,-1.8890704379562042,-25.411143392842536,1.0
TUTTE,B1,1,SB2_X15,1168,-1.2967850171232878,-25.60924349765438,1.0
TUTTE,A9,-1,E1,1169,-1.0479547476475617,-25.640768583405,1.0
TUTTE,B1,1,SB2_TP2R,1168,-1.275549229452055,-25.957262400015946,1.0
TUTTE,A5,1,E1,980,-1.0926596938775512,-26.05163732389911,1.0
TUTTE,B3,-1,SB2_X15,748,-1.2526673796791448,-26.061277835513987,1.0
TUTTE,A6,1,E1,1149,-1.0811707571801565,-26.14356038768527,1.0
MICHIGAN,B5,1,SB2_X60,41,-1.5879829268292684,-26.24399301265443,1.0
TUTTE,A2,-1,E1,1168,-1.0891450342465752,-26.253499948857904,1.0
TUTTE,B5,-1,SB3_TP1R,620,-1.1785406451612903,-26.267140925921602,1.0
TUTTE,B2,-1,SB1_TP2R,980,-0.9668800000000004,-26.323841708470155,1.0
TUTTE,B2,1,SB3_TP1R,980,-0.9399198979591835,-26.338533882645088,1.0
TUTTE,B2,1,SB2_X15,980,-1.3002112244897963,-26.383120026084715,1.0
TUTTE,A1,-1,E1,1168,-1.0935410102739724,-26.455572635105977,1.0
TUTTE,A3,-1,E1,1169,-1.0784234388366123,-26.45860685250405,1.0
TUTTE,A4,1,E1,1169,-1.0876603079555174,-26.58399014132426,1.0
TUTTE,A4,-1,E1,1169,-1.0874073567151412,-26.96305899355467,1.0
TUTTE,B3,-1,SB3_X15,748,-1.1132935828877009,-27.00417835109685,1.0
TUTTE,A3,1,E1,1169,-1.0966442258340459,-27.087910685588792,1.0
TUTTE,A1,1,E1,1168,-1.0828986301369865,-27.124191805000827,1.0
TUTTE,A6,-1,E1,1149,-1.101308442123586,-27.186426812193762,1.0
TUTTE,A2,1,E1,1168,-1.0865144691780817,-27.29900084969751,1.0
TUTTE,B1,1,SB2_TP1R,1168,-1.2502433219178082,-27.326138481120914,1.0
TUTTE,B3,-1,SB1_X15,748,-1.0737949197860963,-27.369962075653433,1.0
TUTTE,A8,1,E1,1151,-1.1090629887054735,-27.489040314310486,1.0
TUTTE,B1,-1,SB2_X15,1168,-1.3578392979452056,-27.660952683344593,1.0
TUTTE,B1,1,SB2_X5,1168,-1.2811383561643834,-27.72923980624839,1.0
TUTTE,B2,1,SB2_TP2R,980,-1.3034194897959184,-27.918924201645034,1.0
TUTTE,A9,1,E1,1169,-1.127112917023097,-27.940094502777615,1.0
TUTTE,B1,1,SB3_TP1R,1168,-0.9535201198630135,-28.01788473153442,1.0
TUTTE,B1,-1,SB1_TP2R,1168,-0.9978279965753428,-28.02061002632672,1.0
TUTTE,B2,-1,SB3_TP2R,980,-1.091260612244898,-28.10578602954053,1.0
TUTTE,B2,1,SB2_X5,980,-1.2547502040816327,-28.11220171669618,1.0
TUTTE,B1,-1,SB3_TP2R,1168,-1.0611924657534249,-28.150026915134777,1.0
TUTTE,B3,-1,SB2_X5,748,-1.2340506684491979,-28.504990781849873,1.0
TUTTE,B1,-1,SB2_TP2R,1168,-1.3529016267123288,-28.554777444109007,1.0
TUTTE,B3,-1,SB2_TP1R,748,-1.2470204545454546,-28.904119925258392,1.0
TUTTE,B3,-1,SB1_TP1R,748,-1.0284577540106952,-29.104626646063032,1.0
TUTTE,B2,1,SB2_TP1R,980,-1.2629531632653062,-29.14339182800719,1.0
TUTTE,B1,-1,SB2_X5,1168,-1.322689383561644,-29.230430546297697,1.0
TUTTE,B3,-1,SB3_TP1R,748,-1.0826911764705884,-29.236684950518228,1.0
TUTTE,B2,-1,SB2_TP2R,980,-1.342035306122449,-29.324783667788914,1.0
TUTTE,B3,-1,SB1_X5,748,-1.026698529411765,-29.372238381323644,1.0
TUTTE,B3,-1,SB3_X5,748,-1.0764278074866311,-29.37307120613636,1.0
TUTTE,B1,-1,SB3_X15,1168,-1.0930234589041095,-29.561051103519734,1.0
TUTTE,B2,-1,SB1_X15,980,-0.9998239795918369,-30.075454897995336,1.0
TUTTE,B2,-1,SB1_TP1R,980,-0.9500037755102042,-30.32100860204258,1.0
TUTTE,B1,-1,SB1_X5,1168,-0.9650833904109593,-30.390465130894878,1.0
TUTTE,B1,-1,SB2_TP1R,1168,-1.3449978595890413,-30.575213750437186,1.0
TUTTE,B2,-1,SB1_X5,980,-0.9293208163265309,-30.84072188297045,1.0
TUTTE,B2,-1,SB2_X15,980,-1.3791043877551021,-31.130532243883405,1.0
TUTTE,B2,-1,SB3_X15,980,-1.1366082653061225,-31.478193241375564,1.0
TUTTE,B1,-1,SB3_X5,1168,-1.0583766267123287,-32.24097508014803,1.0
TUTTE,B1,-1,SB1_TP1R,1168,-0.9833511986301369,-32.802205531634584,1.0
TUTTE,B2,-1,SB2_X5,980,-1.3551173469387756,-32.823908266434614,1.0
TUTTE,B2,-1,SB3_X5,980,-1.0873002040816326,-32.88875847726771,1.0
TUTTE,B1,-1,SB3_TP1R,1168,-1.0614730308219178,-33.00213457944904,1.0
TUTTE,B2,-1,SB2_TP1R,980,-1.3550045918367346,-33.066910547553974,1.0
TUTTE,B2,-1,SB3_TP1R,980,-1.0979385714285714,-33.70938812112176,1.0
RETAIL,B4,-1,SB1_X60,18,-1.4749555555555556,-41.27960425679296,
FOMC,A5,1,E1,0,,,
FOMC,A5,1,E5,0,,,
FOMC,A5,1,E15,0,,,
VERBALI,A5,1,E1,0,,,
VERBALI,A5,1,E5,0,,,
VERBALI,A5,1,E15,0,,,
FOMC,A5,-1,E1,0,,,
FOMC,A5,-1,E5,0,,,
FOMC,A5,-1,E15,0,,,
VERBALI,A5,-1,E1,0,,,
VERBALI,A5,-1,E5,0,,,
VERBALI,A5,-1,E15,0,,,
FOMC,B2,1,SB1_X5,0,,,
FOMC,B2,1,SB1_X15,0,,,
FOMC,B2,1,SB1_X60,0,,,
FOMC,B2,1,SB1_TP1R,0,,,
FOMC,B2,1,SB1_TP2R,0,,,
FOMC,B2,1,SB2_X5,0,,,
FOMC,B2,1,SB2_X15,0,,,
FOMC,B2,1,SB2_X60,0,,,
FOMC,B2,1,SB2_TP1R,0,,,
FOMC,B2,1,SB2_TP2R,0,,,
FOMC,B2,1,SB3_X5,0,,,
FOMC,B2,1,SB3_X15,0,,,
FOMC,B2,1,SB3_X60,0,,,
FOMC,B2,1,SB3_TP1R,0,,,
FOMC,B2,1,SB3_TP2R,0,,,
VERBALI,B2,1,SB1_X5,0,,,
VERBALI,B2,1,SB1_X15,0,,,
VERBALI,B2,1,SB1_X60,0,,,
VERBALI,B2,1,SB1_TP1R,0,,,
VERBALI,B2,1,SB1_TP2R,0,,,
VERBALI,B2,1,SB2_X5,0,,,
VERBALI,B2,1,SB2_X15,0,,,
VERBALI,B2,1,SB2_X60,0,,,
VERBALI,B2,1,SB2_TP1R,0,,,
VERBALI,B2,1,SB2_TP2R,0,,,
VERBALI,B2,1,SB3_X5,0,,,
VERBALI,B2,1,SB3_X15,0,,,
VERBALI,B2,1,SB3_X60,0,,,
VERBALI,B2,1,SB3_TP1R,0,,,
VERBALI,B2,1,SB3_TP2R,0,,,
FOMC,B2,-1,SB1_X5,0,,,
FOMC,B2,-1,SB1_X15,0,,,
FOMC,B2,-1,SB1_X60,0,,,
FOMC,B2,-1,SB1_TP1R,0,,,
FOMC,B2,-1,SB1_TP2R,0,,,
FOMC,B2,-1,SB2_X5,0,,,
FOMC,B2,-1,SB2_X15,0,,,
FOMC,B2,-1,SB2_X60,0,,,
FOMC,B2,-1,SB2_TP1R,0,,,
FOMC,B2,-1,SB2_TP2R,0,,,
FOMC,B2,-1,SB3_X5,0,,,
FOMC,B2,-1,SB3_X15,0,,,
FOMC,B2,-1,SB3_X60,0,,,
FOMC,B2,-1,SB3_TP1R,0,,,
FOMC,B2,-1,SB3_TP2R,0,,,
VERBALI,B2,-1,SB1_X5,0,,,
VERBALI,B2,-1,SB1_X15,0,,,
VERBALI,B2,-1,SB1_X60,0,,,
VERBALI,B2,-1,SB1_TP1R,0,,,
VERBALI,B2,-1,SB1_TP2R,0,,,
VERBALI,B2,-1,SB2_X5,0,,,
VERBALI,B2,-1,SB2_X15,0,,,
VERBALI,B2,-1,SB2_X60,0,,,
VERBALI,B2,-1,SB2_TP1R,0,,,
VERBALI,B2,-1,SB2_TP2R,0,,,
VERBALI,B2,-1,SB3_X5,0,,,
VERBALI,B2,-1,SB3_X15,0,,,
VERBALI,B2,-1,SB3_X60,0,,,
VERBALI,B2,-1,SB3_TP1R,0,,,
VERBALI,B2,-1,SB3_TP2R,0,,,
FOMC,B3,1,SB1_X5,0,,,
FOMC,B3,1,SB1_X15,0,,,
FOMC,B3,1,SB1_X60,0,,,
FOMC,B3,1,SB1_TP1R,0,,,
FOMC,B3,1,SB1_TP2R,0,,,
FOMC,B3,1,SB2_X5,0,,,
FOMC,B3,1,SB2_X15,0,,,
FOMC,B3,1,SB2_X60,0,,,
FOMC,B3,1,SB2_TP1R,0,,,
FOMC,B3,1,SB2_TP2R,0,,,
FOMC,B3,1,SB3_X5,0,,,
FOMC,B3,1,SB3_X15,0,,,
FOMC,B3,1,SB3_X60,0,,,
FOMC,B3,1,SB3_TP1R,0,,,
FOMC,B3,1,SB3_TP2R,0,,,
VERBALI,B3,1,SB1_X5,0,,,
VERBALI,B3,1,SB1_X15,0,,,
VERBALI,B3,1,SB1_X60,0,,,
VERBALI,B3,1,SB1_TP1R,0,,,
VERBALI,B3,1,SB1_TP2R,0,,,
VERBALI,B3,1,SB2_X5,0,,,
VERBALI,B3,1,SB2_X15,0,,,
VERBALI,B3,1,SB2_X60,0,,,
VERBALI,B3,1,SB2_TP1R,0,,,
VERBALI,B3,1,SB2_TP2R,0,,,
VERBALI,B3,1,SB3_X5,0,,,
VERBALI,B3,1,SB3_X15,0,,,
VERBALI,B3,1,SB3_X60,0,,,
VERBALI,B3,1,SB3_TP1R,0,,,
VERBALI,B3,1,SB3_TP2R,0,,,
FOMC,B3,-1,SB1_X5,0,,,
FOMC,B3,-1,SB1_X15,0,,,
FOMC,B3,-1,SB1_X60,0,,,
FOMC,B3,-1,SB1_TP1R,0,,,
FOMC,B3,-1,SB1_TP2R,0,,,
FOMC,B3,-1,SB2_X5,0,,,
FOMC,B3,-1,SB2_X15,0,,,
FOMC,B3,-1,SB2_X60,0,,,
FOMC,B3,-1,SB2_TP1R,0,,,
FOMC,B3,-1,SB2_TP2R,0,,,
FOMC,B3,-1,SB3_X5,0,,,
FOMC,B3,-1,SB3_X15,0,,,
FOMC,B3,-1,SB3_X60,0,,,
FOMC,B3,-1,SB3_TP1R,0,,,
FOMC,B3,-1,SB3_TP2R,0,,,
VERBALI,B3,-1,SB1_X5,0,,,
VERBALI,B3,-1,SB1_X15,0,,,
VERBALI,B3,-1,SB1_X60,0,,,
VERBALI,B3,-1,SB1_TP1R,0,,,
VERBALI,B3,-1,SB1_TP2R,0,,,
VERBALI,B3,-1,SB2_X5,0,,,
VERBALI,B3,-1,SB2_X15,0,,,
VERBALI,B3,-1,SB2_X60,0,,,
VERBALI,B3,-1,SB2_TP1R,0,,,
VERBALI,B3,-1,SB2_TP2R,0,,,
VERBALI,B3,-1,SB3_X5,0,,,
VERBALI,B3,-1,SB3_X15,0,,,
VERBALI,B3,-1,SB3_X60,0,,,
VERBALI,B3,-1,SB3_TP1R,0,,,
VERBALI,B3,-1,SB3_TP2R,0,,,
FOMC,B4,1,SB1_X5,0,,,
FOMC,B4,1,SB1_X15,0,,,
FOMC,B4,1,SB1_X60,0,,,
FOMC,B4,1,SB1_TP1R,0,,,
FOMC,B4,1,SB1_TP2R,0,,,
FOMC,B4,1,SB2_X5,0,,,
FOMC,B4,1,SB2_X15,0,,,
FOMC,B4,1,SB2_X60,0,,,
FOMC,B4,1,SB2_TP1R,0,,,
FOMC,B4,1,SB2_TP2R,0,,,
FOMC,B4,1,SB3_X5,0,,,
FOMC,B4,1,SB3_X15,0,,,
FOMC,B4,1,SB3_X60,0,,,
FOMC,B4,1,SB3_TP1R,0,,,
FOMC,B4,1,SB3_TP2R,0,,,
VERBALI,B4,1,SB1_X5,0,,,
VERBALI,B4,1,SB1_X15,0,,,
VERBALI,B4,1,SB1_X60,0,,,
VERBALI,B4,1,SB1_TP1R,0,,,
VERBALI,B4,1,SB1_TP2R,0,,,
VERBALI,B4,1,SB2_X5,0,,,
VERBALI,B4,1,SB2_X15,0,,,
VERBALI,B4,1,SB2_X60,0,,,
VERBALI,B4,1,SB2_TP1R,0,,,
VERBALI,B4,1,SB2_TP2R,0,,,
VERBALI,B4,1,SB3_X5,0,,,
VERBALI,B4,1,SB3_X15,0,,,
VERBALI,B4,1,SB3_X60,0,,,
VERBALI,B4,1,SB3_TP1R,0,,,
VERBALI,B4,1,SB3_TP2R,0,,,
FOMC,B4,-1,SB1_X5,0,,,
FOMC,B4,-1,SB1_X15,0,,,
FOMC,B4,-1,SB1_X60,0,,,
FOMC,B4,-1,SB1_TP1R,0,,,
FOMC,B4,-1,SB1_TP2R,0,,,
FOMC,B4,-1,SB2_X5,0,,,
FOMC,B4,-1,SB2_X15,0,,,
FOMC,B4,-1,SB2_X60,0,,,
FOMC,B4,-1,SB2_TP1R,0,,,
FOMC,B4,-1,SB2_TP2R,0,,,
FOMC,B4,-1,SB3_X5,0,,,
FOMC,B4,-1,SB3_X15,0,,,
FOMC,B4,-1,SB3_X60,0,,,
FOMC,B4,-1,SB3_TP1R,0,,,
FOMC,B4,-1,SB3_TP2R,0,,,
VERBALI,B4,-1,SB1_X5,0,,,
VERBALI,B4,-1,SB1_X15,0,,,
VERBALI,B4,-1,SB1_X60,0,,,
VERBALI,B4,-1,SB1_TP1R,0,,,
VERBALI,B4,-1,SB1_TP2R,0,,,
VERBALI,B4,-1,SB2_X5,0,,,
VERBALI,B4,-1,SB2_X15,0,,,
VERBALI,B4,-1,SB2_X60,0,,,
VERBALI,B4,-1,SB2_TP1R,0,,,
VERBALI,B4,-1,SB2_TP2R,0,,,
VERBALI,B4,-1,SB3_X5,0,,,
VERBALI,B4,-1,SB3_X15,0,,,
VERBALI,B4,-1,SB3_X60,0,,,
VERBALI,B4,-1,SB3_TP1R,0,,,
VERBALI,B4,-1,SB3_TP2R,0,,,
